0.00	-0.00	-0.15	0.32	0.00
0.00	-0.00	-0.14	0.47	0.00
0.00	-0.00	-0.13	0.45	0.00
0.00	-0.00	-0.12	0.32	0.00
0.00	-0.00	-0.12	0.31	0.00
0.00	-0.00	-0.11	0.30	0.00
0.00	-0.00	-0.11	0.30	0.00
0.00	-0.00	-0.10	0.30	0.00
0.00	-0.00	-0.10	0.31	0.00
0.00	-0.00	-0.09	0.17	-2.68
-0.00	-0.00	-0.08	0.29	-0.67
-0.00	-0.03	-0.07	0.44	1.57
-0.00	-0.06	-0.06	0.59	3.77
-0.00	-0.04	-0.06	0.48	2.68
-0.00	-0.01	-0.06	0.20	-0.58
0.00	0.06	-0.06	0.03	-2.35
0.00	0.09	-0.06	-0.14	-4.17
0.00	0.06	-0.06	-0.01	-2.73
-0.00	-0.01	-0.05	-0.01	-3.00
-0.00	-0.08	-0.04	0.40	2.15
-0.01	-0.13	-0.03	0.46	3.01
-0.01	-0.13	-0.02	0.58	4.98
-0.01	-0.09	-0.02	0.35	2.41
-0.01	-0.04	-0.02	0.16	0.54
-0.00	0.05	-0.03	0.06	-0.56
-0.00	0.10	-0.04	-0.53	-8.19
-0.00	0.10	-0.04	-0.47	-7.46
-0.01	0.00	-0.02	-0.07	-2.13
-0.01	-0.15	0.00	0.79	8.35
-0.01	-0.24	0.02	1.17	8.39
-0.02	-0.17	0.03	0.96	8.37
-0.01	-0.04	0.03	0.53	7.69
-0.01	0.14	0.00	-0.07	0.41
0.00	0.31	-0.03	-1.06	-8.37
0.01	0.39	-0.05	-1.48	-8.42
0.01	0.31	-0.06	-1.13	-8.39
0.01	0.15	-0.05	-0.54	-8.22
0.01	-0.00	-0.02	0.31	2.94
0.00	-0.19	0.01	1.38	8.41
-0.00	-0.23	0.03	1.53	8.43
0.00	-0.14	0.04	1.25	8.41
0.01	0.01	0.04	0.57	8.36
0.01	0.22	0.02	-0.06	2.38
0.02	0.38	-0.01	-0.94	-8.35
0.03	0.49	-0.03	-1.45	-8.40
0.04	0.40	-0.04	-0.99	-8.36
0.04	0.26	-0.03	-0.54	-5.77
0.04	0.11	-0.01	0.33	5.24
0.04	-0.04	0.02	1.11	8.40
0.04	-0.05	0.03	1.34	8.43
0.04	0.06	0.04	0.71	8.37
0.05	0.25	0.02	0.24	7.02
0.06	0.43	-0.01	-0.65	-4.24
0.08	0.58	-0.04	-1.39	-8.39
0.08	0.59	-0.05	-1.40	-8.39
0.09	0.45	-0.06	-0.85	-8.35
0.09	0.30	-0.04	-0.38	-3.50
0.09	0.14	-0.02	0.63	8.35
0.09	0.05	0.01	1.13	8.40
0.10	0.05	0.01	1.21	8.42
0.11	0.23	0.01	0.43	8.35
0.12	0.42	-0.01	-0.20	1.45
0.13	0.55	-0.05	-0.95	-8.35
0.14	0.68	-0.07	-1.76	-8.42
0.15	0.59	-0.08	-1.14	-8.37
0.16	0.42	-0.08	-0.55	-5.97
0.16	0.26	-0.06	0.19	3.11
0.16	0.13	-0.03	0.83	8.37
0.16	0.09	-0.02	1.20	8.41
0.17	0.17	-0.03	0.67	8.36
0.18	0.38	-0.04	-0.31	8.36
0.17	0.19	-0.02	-0.44	8.36
0.17	-0.03	-0.01	0.74	8.36
0.17	-0.09	0.01	0.76	8.36
0.17	-0.11	0.02	0.63	8.36
0.17	-0.10	0.03	0.49	8.36
0.16	-0.10	0.04	0.72	8.36
0.16	-0.11	0.06	0.63	8.36
0.16	-0.10	0.08	0.89	8.36
0.16	-0.10	0.10	0.91	8.36
0.16	-0.10	0.12	0.91	8.36
0.15	-0.10	0.15	1.19	8.36
0.15	-0.11	0.18	1.35	8.36
0.15	-0.10	0.21	1.38	8.36
0.15	-0.11	0.23	1.37	8.36
0.15	-0.10	0.25	1.25	8.36
0.14	-0.10	0.27	0.96	8.36
0.14	-0.11	0.29	0.93	8.36
0.14	-0.10	0.32	1.18	8.36
0.14	-0.11	0.34	1.16	8.36
0.14	-0.10	0.37	1.14	8.36
0.13	-0.10	0.39	1.35	8.36
0.13	-0.10	0.42	1.37	8.36
0.13	-0.10	0.46	1.51	8.36
0.13	-0.11	0.49	1.54	8.36
0.13	-0.10	0.53	1.66	8.36
0.12	-0.10	0.57	1.82	8.36
0.12	-0.10	0.61	1.97	8.36
0.12	-0.10	0.65	2.12	8.36
0.12	-0.11	0.70	2.28	8.36
0.12	-0.10	0.75	2.30	8.36
0.11	-0.10	0.80	2.44	8.36
0.11	-0.10	0.85	2.44	8.36
0.11	-0.10	0.90	2.43	8.36
0.11	-0.11	0.96	2.61	8.36
0.11	-0.10	1.01	2.74	8.36
0.10	-0.10	1.06	2.62	8.36
0.10	-0.10	1.11	2.74	8.36
0.10	-0.11	1.17	2.63	8.36
0.10	-0.10	1.22	2.61	8.36
0.10	-0.10	1.27	2.47	8.36
0.09	-0.11	1.32	2.59	8.36
0.09	-0.10	1.37	2.47	8.36
0.09	-0.10	1.42	2.45	8.36
0.09	-0.11	1.46	2.46	8.36
0.09	-0.10	1.51	2.46	8.36
0.08	-0.11	1.56	2.32	8.36
0.08	-0.10	1.60	2.31	8.36
0.08	-0.11	1.64	2.30	8.36
0.08	-0.10	1.69	2.13	8.36
0.07	-0.11	1.73	2.18	8.36
0.07	-0.10	1.77	2.03	8.36
0.07	-0.11	1.81	2.10	8.36
0.07	-0.11	1.85	1.85	8.36
0.07	-0.10	1.89	2.03	8.36
0.06	-0.11	1.92	1.99	8.36
0.06	-0.10	1.96	1.86	8.36
0.06	-0.10	2.01	1.97	8.36
0.06	-0.11	2.05	2.13	8.36
0.06	-0.10	2.10	2.28	8.36
0.05	-0.10	2.15	2.30	8.36
0.05	-0.11	2.20	2.50	8.36
0.05	-0.10	2.25	2.45	8.36
0.05	-0.10	2.30	2.52	8.36
0.05	-0.11	2.36	2.64	8.36
0.04	-0.10	2.41	2.70	8.36
0.04	-0.10	2.46	2.49	8.36
0.04	-0.10	2.51	2.59	8.36
0.04	-0.11	2.56	2.47	8.36
0.04	-0.10	2.61	2.46	8.36
0.03	-0.10	2.65	2.45	8.36
0.03	-0.10	2.70	2.32	8.36
0.03	-0.11	2.74	2.28	8.36
0.03	-0.10	2.78	2.13	8.36
0.03	-0.10	2.82	2.07	8.36
0.02	-0.10	2.86	2.00	8.36
0.02	-0.10	2.89	1.87	8.36
0.02	-0.11	2.92	1.57	8.36
0.02	-0.10	2.95	1.67	8.36
0.02	-0.10	2.98	1.55	8.36
0.01	-0.10	3.01	1.41	8.36
0.01	-0.11	3.04	1.38	8.36
0.01	-0.10	3.06	1.38	8.36
0.01	-0.10	3.09	1.26	8.36
0.01	-0.10	3.11	1.35	8.36
0.00	-0.11	3.13	1.24	8.36
0.00	-0.10	3.15	1.10	8.36
-0.00	-0.10	3.17	0.98	8.36
-0.00	-0.11	3.18	0.76	8.36
-0.00	-0.10	3.20	0.76	8.36
-0.01	-0.11	3.21	0.77	8.36
-0.01	-0.10	3.22	0.63	8.36
-0.01	-0.10	3.23	0.48	8.36
-0.01	-0.11	3.23	0.47	8.36
-0.02	-0.10	3.23	0.20	8.36
-0.02	-0.11	3.23	0.15	8.36
-0.02	-0.10	3.23	0.01	8.36
-0.02	-0.10	3.23	0.01	8.36
-0.02	-0.11	3.23	0.00	8.36
-0.03	-0.10	3.23	-0.26	8.36
-0.03	-0.10	3.22	-0.16	8.36
-0.03	-0.11	3.21	-0.29	8.36
-0.03	-0.10	3.21	-0.44	8.36
-0.03	-0.11	3.20	-0.19	8.36
-0.04	-0.10	3.19	-0.43	8.36
-0.04	-0.10	3.18	-0.43	8.36
-0.04	-0.11	3.17	-0.48	8.36
-0.04	-0.10	3.16	-0.59	8.36
-0.04	-0.11	3.15	-0.48	8.36
-0.05	-0.10	3.13	-0.59	8.36
-0.05	-0.10	3.12	-0.62	8.36
-0.05	-0.10	3.11	-0.62	8.36
-0.05	-0.11	3.10	-0.61	8.36
-0.05	-0.10	3.09	-0.48	8.36
-0.06	-0.10	3.08	-0.46	8.36
-0.06	-0.11	3.07	-0.46	8.36
-0.06	-0.10	3.07	-0.33	8.36
-0.06	-0.10	3.06	-0.44	8.36
-0.06	-0.10	3.06	-0.19	8.36
-0.07	-0.10	3.06	-0.29	8.36
-0.07	-0.11	3.05	-0.09	8.36
-0.07	-0.10	3.05	-0.09	8.36
-0.07	-0.10	3.05	-0.00	8.36
-0.07	-0.10	3.05	-0.01	8.36
-0.08	-0.11	3.05	0.01	8.36
-0.08	-0.10	3.05	-0.01	8.36
-0.08	-0.10	3.06	-0.00	8.36
-0.08	-0.10	3.06	0.14	8.36
-0.08	-0.11	3.06	0.14	8.36
-0.09	-0.10	3.07	0.15	8.36
-0.09	-0.10	3.07	0.16	8.36
-0.09	-0.11	3.08	0.28	8.36
-0.09	-0.10	3.08	0.18	8.36
-0.09	-0.10	3.09	0.28	8.36
-0.10	-0.11	3.09	0.31	8.36
-0.10	-0.10	3.10	0.30	8.36
-0.10	-0.11	3.11	0.44	8.36
-0.10	-0.10	3.11	0.33	8.36
-0.11	-0.10	3.12	0.31	8.36
-0.11	-0.11	3.13	0.44	8.36
-0.11	-0.11	3.14	0.33	8.36
-0.11	-0.10	3.14	0.31	8.36
-0.11	-0.10	3.15	0.31	8.36
-0.12	-0.11	3.15	0.32	8.36
-0.12	-0.10	3.16	0.17	8.36
-0.12	-0.11	3.16	0.29	8.36
-0.12	-0.10	3.16	0.17	8.36
-0.12	-0.10	3.16	0.17	8.36
-0.13	-0.11	3.17	0.02	8.36
-0.13	-0.10	3.17	0.13	8.36
-0.13	-0.10	3.17	0.05	8.36
-0.13	-0.10	3.17	-0.03	8.36
-0.13	-0.11	3.17	-0.00	8.36
-0.14	-0.10	3.16	-0.00	8.36
-0.14	-0.10	3.16	-0.12	8.36
-0.14	-0.10	3.16	-0.16	8.36
-0.14	-0.11	3.15	-0.15	8.36
-0.14	-0.10	3.15	-0.29	8.36
-0.15	-0.10	3.14	-0.17	8.36
-0.15	-0.11	3.14	-0.29	8.36
-0.15	-0.10	3.13	-0.31	8.36
-0.15	-0.10	3.13	-0.17	8.36
-0.15	-0.10	3.12	-0.29	8.36
-0.16	-0.11	3.12	-0.30	8.36
-0.16	-0.10	3.11	-0.17	8.36
-0.16	-0.10	3.11	-0.29	8.36
-0.16	-0.11	3.11	-0.17	8.36
-0.16	-0.10	3.10	-0.15	8.36
-0.17	-0.10	3.10	-0.29	8.36
-0.17	-0.10	3.10	-0.18	8.36
-0.17	-0.11	3.09	-0.02	8.36
-0.17	-0.10	3.09	-0.13	8.36
-0.17	-0.10	3.09	-0.01	8.36
-0.18	-0.11	3.09	-0.13	8.36
-0.18	-0.10	3.09	-0.03	8.36
-0.18	-0.11	3.09	-0.00	8.36
-0.18	-0.10	3.09	-0.00	8.36
-0.18	-0.10	3.09	0.01	8.36
-0.19	-0.11	3.09	-0.01	8.36
-0.19	-0.10	3.10	0.13	8.36
-0.19	-0.11	3.10	0.15	8.36
-0.19	-0.10	3.10	0.15	8.36
-0.20	-0.11	3.11	0.16	8.36
-0.20	-0.10	3.11	0.15	8.36
-0.20	-0.11	3.11	0.15	8.36
-0.20	-0.10	3.11	0.16	8.36
-0.20	-0.10	3.13	0.15	8.36
0.00	-0.06	3.14	0.52	8.36
0.00	8.75	3.16	0.63	8.36
0.01	1.31	3.20	1.14	8.36
0.02	0.45	3.24	1.89	8.36
0.02	0.33	3.28	1.97	8.36
0.03	0.32	3.31	1.73	8.36
0.03	0.32	3.34	1.71	8.36
0.04	0.31	3.36	1.40	8.36
0.05	0.32	3.38	1.25	8.36
0.05	0.30	3.40	0.96	8.36
0.06	0.31	3.41	0.79	8.36
0.06	0.31	3.41	0.51	8.36
0.07	0.30	3.41	0.34	8.36
0.08	0.31	3.41	0.04	8.36
0.08	0.31	3.40	0.00	8.36
0.09	0.30	3.39	-0.39	8.36
0.10	0.31	3.37	-0.72	8.36
0.10	0.31	3.35	-0.89	8.36
0.11	0.30	3.32	-1.05	8.36
0.11	0.31	3.29	-1.34	8.36
0.12	0.31	3.26	-1.51	8.36
0.13	0.31	3.23	-1.52	8.36
0.13	0.31	3.19	-1.68	8.36
0.14	0.31	3.15	-1.82	8.36
0.14	0.32	3.11	-1.83	8.36
0.15	0.31	3.07	-1.96	8.36
0.16	0.32	3.04	-1.87	8.36
0.16	0.32	3.00	-1.84	8.36
0.17	0.31	2.97	-1.84	8.36
0.18	0.31	2.94	-1.71	8.36
0.18	0.31	2.91	-1.56	8.36
0.19	0.32	2.89	-1.40	8.36
0.19	0.30	2.87	-1.12	8.36
0.20	0.31	2.85	-1.07	8.36
0.20	0.30	2.82	-0.68	8.36
0.20	0.10	2.79	-1.42	8.36
0.20	0.01	2.77	-1.52	8.36
0.20	0.01	2.76	-1.13	8.36
0.20	0.00	2.74	-0.82	8.36
0.20	0.00	2.74	-0.68	8.36
0.20	0.00	2.74	-0.03	8.36
0.20	0.00	2.75	-0.02	8.36
0.20	0.00	2.77	0.39	8.36
0.20	0.00	2.79	0.72	8.36
0.20	0.00	2.82	1.15	8.36
0.20	0.00	2.85	1.35	8.36
0.20	0.00	2.89	1.51	8.36
0.20	0.00	2.93	1.79	8.36
0.20	0.00	2.97	2.10	8.36
0.20	0.00	3.02	2.13	8.36
0.20	0.00	3.07	2.28	8.36
0.20	0.00	3.12	2.44	8.36
0.20	0.00	3.17	2.45	8.36
0.20	0.00	3.21	2.45	8.36
0.20	0.00	3.26	2.34	8.36
0.20	0.00	3.30	2.37	8.36
0.20	0.00	3.34	2.12	8.36
0.20	0.00	3.38	1.99	8.36
0.20	0.01	3.41	1.73	8.36
0.00	0.00	3.43	1.55	8.36
0.00	-8.73	3.45	1.28	8.36
0.00	-1.18	3.46	1.10	8.36
0.00	-0.15	3.47	0.68	8.36
0.00	-0.03	3.48	0.49	8.36
0.00	-0.00	3.48	0.20	8.36
0.00	-0.00	3.47	0.03	8.36
0.00	-0.00	3.46	-0.27	8.36
0.00	0.01	3.43	-0.70	8.36
0.00	-0.01	3.41	-1.02	8.36
0.00	-0.00	3.38	-1.34	8.36
0.00	-0.00	3.34	-1.51	8.36
0.00	0.01	3.30	-1.66	8.36
0.00	-0.01	3.26	-1.94	8.36
0.00	-0.00	3.22	-2.12	8.36
0.00	-0.00	3.17	-2.14	8.36
0.00	-0.00	3.12	-2.28	8.36
0.00	-0.00	3.08	-2.43	8.36
0.00	-0.00	3.04	-2.19	8.36
0.00	-0.00	3.02	-1.89	8.36
0.00	-0.00	3.01	-1.18	8.36
0.00	-0.00	3.00	-0.71	8.36
0.00	-0.00	3.00	-0.34	8.36
0.00	-0.00	3.00	-0.17	8.36
0.00	-0.00	3.00	-0.03	8.36
0.00	-0.00	3.00	0.01	8.36
0.00	-0.00	3.00	-0.01	8.36
0.00	-0.00	3.01	0.27	8.36
0.00	-0.00	3.02	0.31	8.36
0.00	-0.00	3.03	0.56	8.36
0.00	-0.00	3.04	0.47	8.36
0.00	-0.00	3.06	0.60	8.36
0.00	-0.00	3.08	0.75	8.36
0.00	-0.00	3.09	0.76	8.36
0.00	-0.00	3.10	0.64	8.36
0.00	-0.00	3.11	0.50	8.36
0.00	-0.00	3.11	0.44	8.36
0.00	-0.00	3.11	0.19	8.36
0.00	-0.00	3.11	0.16	8.36
0.00	-0.00	3.11	0.02	8.36
0.00	-0.00	3.11	-0.02	8.36
0.00	-0.00	3.11	0.02	8.36
0.00	-0.00	3.11	0.01	8.36
0.00	-0.00	3.11	0.00	8.36
0.00	-0.00	3.11	-0.01	8.36
0.00	-0.00	3.11	0.04	8.36
0.00	-0.00	3.11	-0.03	8.36
0.00	-0.00	3.11	-0.01	8.36
0.00	-0.00	3.11	-0.01	8.36
0.00	-0.00	3.11	0.02	8.36
0.00	-0.00	3.11	-0.01	8.36
0.00	-0.00	3.11	0.01	8.36
0.00	-0.00	3.11	-0.00	8.36
0.00	-0.00	3.11	0.01	8.36
0.00	-0.00	3.11	0.03	8.36
0.00	-0.00	3.11	-0.03	8.36
0.00	-0.00	3.11	0.02	8.36
0.00	-0.00	3.11	-0.02	8.36
0.00	-0.00	3.11	0.01	8.36
0.00	-0.00	3.11	-0.02	8.36
0.00	-0.00	3.11	0.01	8.36
0.00	-0.00	3.11	0.01	8.36
0.00	-0.00	3.11	-0.01	8.36
0.00	-0.00	3.11	0.00	8.36
0.00	-0.00	3.11	0.01	8.36
0.00	-0.00	3.11	-0.01	8.36
0.00	-0.00	3.11	-0.00	8.36
0.00	-0.00	3.11	0.00	8.36
0.00	-0.00	3.11	-0.02	8.36
0.00	-0.00	3.11	0.01	8.36
0.00	-0.00	3.11	0.01	8.36
0.00	-0.00	3.11	0.00	8.36
0.00	-0.00	3.11	0.00	8.36
0.00	-0.00	3.11	-0.00	8.36
0.00	-0.00	3.11	-0.00	8.36
0.00	-0.00	3.11	-0.00	8.36
0.00	-0.00	3.11	0.00	8.36
0.00	-0.00	3.11	0.00	8.36
0.00	-0.00	3.11	-0.01	8.36
0.00	-0.00	3.11	0.00	8.36
0.00	-0.00	3.11	-0.01	8.36
0.00	-0.00	3.11	0.05	8.36
0.00	-0.00	3.11	-0.04	8.36
0.00	-0.00	3.11	-0.00	8.36
0.00	-0.00	3.11	-0.00	8.36
0.00	-0.00	3.11	-0.00	8.36
0.00	-0.00	3.11	0.01	8.36
0.00	-0.00	3.11	-0.00	8.36
0.00	-0.00	3.11	0.00	8.36
0.00	-0.00	3.11	-0.01	8.36
0.00	-0.00	3.11	0.00	8.36
0.00	-0.00	3.11	0.00	8.36
0.00	-0.00	3.11	0.00	8.36
0.00	-0.00	3.11	-0.00	8.36
0.00	-0.00	3.11	-0.00	8.36
0.00	-0.00	3.11	0.00	8.36
0.00	-0.00	3.11	-0.00	8.36
0.00	-0.00	3.11	0.00	8.36
0.00	-0.00	3.11	0.01	8.36
0.00	-0.00	3.11	-0.01	8.36
0.00	-0.00	3.11	0.00	8.36
0.00	-0.00	3.11	0.00	8.36
0.00	-0.00	3.11	-0.00	8.36
0.00	-0.00	3.11	0.01	8.36
0.00	-0.00	3.11	-0.01	8.36
0.00	-0.00	3.11	0.00	8.36
0.00	-0.00	3.11	-0.00	8.36
0.00	-0.00	3.11	0.00	8.36
0.00	-0.00	3.11	0.00	8.36
0.00	-0.00	3.11	0.00	8.36
0.00	-0.00	3.11	-0.01	8.36
0.00	-0.00	3.11	-0.00	8.36
0.00	-0.00	3.11	0.00	8.36
0.00	-0.00	3.11	0.00	8.36
0.00	-0.00	3.11	0.00	8.36
0.00	-0.00	3.11	-0.00	8.36
0.00	-0.00	3.11	0.00	8.36
0.00	-0.00	3.11	0.00	8.36
0.00	-0.00	3.11	-0.01	8.36
0.00	-0.00	3.11	-0.03	8.36
0.00	-0.00	3.11	0.04	8.36
0.00	-0.00	3.11	0.00	8.36
0.00	-0.00	3.11	0.00	8.36
0.00	-0.00	3.11	0.01	8.36
0.00	-0.00	3.11	-0.00	8.36
0.00	-0.00	3.11	-0.00	8.36
0.00	-0.00	3.11	-0.00	8.36
0.00	-0.00	3.11	0.00	8.36
0.00	-0.00	3.11	-0.00	8.36
0.00	-0.00	3.11	0.00	8.36
0.00	-0.00	3.11	0.00	8.36
0.00	-0.00	3.11	0.01	8.36
0.00	-0.00	3.11	-0.01	8.36
0.00	-0.00	3.11	-0.00	8.36
0.00	-0.00	3.11	-0.00	8.36
0.00	-0.00	3.11	0.00	8.36
0.00	-0.00	3.11	0.00	8.36
0.00	-0.00	3.11	0.00	8.36
0.00	-0.00	3.11	-0.00	8.36
0.00	-0.00	3.11	0.02	8.36
0.00	-0.00	3.11	-0.02	8.36
0.00	-0.00	3.11	0.01	8.36
0.00	-0.00	3.11	0.00	8.36
0.00	-0.00	3.11	-0.05	8.36
0.00	-0.00	3.11	0.03	8.36
0.00	-0.00	3.11	0.00	8.36
0.00	-0.00	3.11	0.00	8.36
0.00	-0.00	3.11	0.01	8.36
0.00	-0.00	3.11	-0.01	8.36
0.00	-0.00	3.11	0.00	8.36
0.00	-0.00	3.11	-0.01	8.36
0.00	-0.00	3.11	0.00	8.36
0.00	-0.00	3.11	-0.00	8.36
0.00	-0.00	3.11	-0.00	8.36
0.00	-0.00	3.11	0.00	8.36
0.00	-0.00	3.11	0.00	8.36
0.00	-0.00	3.11	0.00	8.36
0.00	-0.00	3.11	0.00	8.36
0.00	-0.00	3.11	-0.01	8.36
0.00	-0.00	3.11	0.00	8.36
0.00	-0.00	3.11	0.00	8.36
0.00	-0.00	3.11	-0.00	8.36
0.00	-0.00	3.11	0.01	8.36
0.00	-0.00	3.11	0.00	8.36
0.00	-0.00	3.11	-0.00	8.36
0.00	-0.00	3.11	-0.00	8.36
0.00	-0.00	3.11	-0.00	8.36
0.00	-0.00	3.11	0.00	8.36
0.00	-0.00	3.11	0.00	8.36
0.00	-0.00	3.11	0.01	8.36
0.00	-0.00	3.11	-0.01	8.36
0.00	-0.00	3.11	-0.00	8.36
0.00	-0.00	3.11	-0.00	8.36
0.00	-0.00	3.11	-0.00	8.36
0.00	-0.00	3.11	-0.00	8.36
0.00	-0.00	3.11	0.00	8.36
0.00	-0.00	3.11	0.00	8.36
0.00	-0.00	3.11	0.02	8.36
0.00	-0.00	3.11	-0.02	8.36
0.00	-0.00	3.11	-0.01	8.36
0.00	-0.00	3.11	0.13	8.36
0.00	-0.00	3.12	-0.05	8.36
0.00	-0.00	3.11	0.07	8.36
0.00	-0.00	3.11	0.00	8.36
0.00	-0.00	3.11	-0.01	8.36
0.00	-0.00	3.11	0.01	8.36
0.00	-0.00	3.11	-0.00	8.36
0.00	-0.00	3.11	0.00	8.36
0.00	-0.00	3.11	-0.01	8.36
0.00	-0.00	3.11	0.01	8.36
0.00	-0.00	3.12	0.00	8.36
0.00	-0.00	3.12	0.01	8.36
0.00	-0.00	3.11	0.02	8.36
0.00	-0.00	3.11	-0.03	8.36
0.00	-0.00	3.11	-0.01	8.36
0.00	-0.00	3.11	0.01	8.36
0.00	-0.00	3.11	-0.00	8.36
0.00	-0.00	3.11	0.00	8.36
0.00	-0.00	3.12	0.00	8.36
0.00	-0.00	3.12	0.04	8.36
0.00	-0.00	3.12	0.10	8.36
0.00	-0.00	3.12	0.15	8.36
0.00	-0.00	3.13	0.15	8.36
0.00	-0.00	3.13	0.15	8.36
0.00	-0.00	3.14	0.16	8.36
0.00	-0.00	3.14	0.28	8.36
0.00	-0.00	3.15	0.17	8.36
0.00	-0.00	3.15	0.30	8.36
0.00	-0.00	3.15	0.30	8.36
0.00	-0.00	3.16	0.17	8.36
0.00	-0.00	3.16	0.29	8.36
0.00	-0.00	3.17	0.17	8.36
0.00	-0.00	3.17	0.16	8.36
0.00	-0.00	3.17	0.15	8.36
0.00	-0.00	3.17	0.02	8.36
0.00	-0.00	3.17	0.14	8.36
0.00	-0.00	3.17	0.02	8.36
0.00	-0.00	3.17	-0.04	8.36
0.00	-0.00	3.17	0.03	8.36
0.00	-0.00	3.17	0.01	8.36
0.00	-0.00	3.16	-0.13	8.36
0.00	-0.00	3.16	-0.27	8.36
0.00	-0.00	3.15	-0.18	8.36
0.00	-0.00	3.15	-0.28	8.36
0.00	-0.00	3.15	-0.31	8.36
0.00	-0.00	3.14	-0.18	8.36
0.00	-0.00	3.14	-0.29	8.36
0.00	-0.00	3.13	-0.17	8.36
0.00	-0.00	3.13	-0.13	8.36
0.00	-0.00	3.13	-0.05	8.36
0.00	-0.00	3.13	-0.14	8.36
0.00	-0.00	3.13	-0.02	8.36
0.00	-0.00	3.13	-0.01	8.36
0.00	-0.00	3.14	0.14	8.36
0.00	-0.00	3.15	0.28	8.36
0.00	-0.00	3.15	0.31	8.36
0.00	-0.00	3.16	0.30	8.36
0.00	-0.00	3.17	0.44	8.36
0.00	-0.00	3.17	0.33	8.36
0.00	-0.00	3.18	0.30	8.36
0.00	-0.00	3.18	0.31	8.36
0.00	-0.00	3.19	0.18	8.36
0.00	-0.00	3.19	0.16	8.36
0.00	-0.00	3.19	0.03	8.36
0.00	-0.00	3.19	-0.01	8.36
0.00	-0.00	3.18	-0.00	8.36
0.00	-0.00	3.17	-0.16	8.36
0.00	-0.00	3.17	-0.39	8.36
0.00	-0.00	3.16	-0.32	8.36
0.00	-0.00	3.15	-0.44	8.36
0.00	-0.00	3.15	-0.32	8.36
0.00	-0.00	3.14	-0.31	8.36
0.00	-0.00	3.13	-0.44	8.36
0.00	-0.00	3.13	-0.19	8.36
0.00	-0.00	3.13	-0.16	8.36
0.00	-0.00	3.13	-0.16	8.36
0.00	-0.00	3.13	-0.02	8.36
0.00	-0.00	3.13	0.03	8.36
0.00	-0.00	3.13	-0.02	8.36
0.00	-0.00	3.13	-0.01	8.36
0.00	-0.00	3.13	0.00	8.36
0.00	-0.00	3.12	0.00	8.36
0.00	-0.00	3.12	-0.40	8.36
0.00	-0.00	3.11	-0.18	8.36
0.00	-0.00	3.11	-0.13	8.36
0.00	-0.00	3.11	-0.19	8.36
0.00	-0.00	3.11	-0.15	8.36
0.00	-0.00	3.11	-0.02	8.36
0.00	-0.00	3.11	-0.00	8.36
0.00	-0.00	3.11	-0.00	8.36
0.00	-0.00	3.11	0.00	8.36
0.00	-0.00	3.10	0.00	8.36
0.00	-0.00	3.09	-0.14	8.36
0.00	-0.00	3.09	-0.41	8.36
0.00	-0.00	3.08	-0.32	8.36
0.00	-0.00	3.07	-0.43	8.36
0.00	-0.00	3.06	-0.46	8.36
0.00	-0.00	3.05	-0.60	8.36
0.00	-0.00	3.04	-0.48	8.36
0.00	-0.00	3.03	-0.59	8.36
0.00	-0.00	3.02	-0.35	8.36
0.00	-0.00	3.01	-0.45	8.36
0.00	-0.00	3.01	-0.32	8.36
0.00	-0.00	3.00	-0.31	8.36
0.00	-0.00	3.00	-0.30	8.36
0.00	-0.00	3.00	-0.18	8.36
0.00	-0.00	2.99	-0.16	8.36
0.00	-0.00	2.99	-0.15	8.36
0.00	-0.00	2.99	-0.02	8.36
0.00	-0.00	2.99	-0.00	8.36
0.00	-0.00	2.99	0.01	8.36
0.00	-0.00	2.99	-0.01	8.36
0.00	-0.00	3.00	0.01	8.36
0.00	-0.00	3.00	0.13	8.36
0.00	-0.00	3.00	0.16	8.36
0.00	-0.00	3.01	0.15	8.36
0.00	-0.00	3.01	0.28	8.36
0.00	-0.00	3.01	0.17	8.36
0.00	-0.00	3.02	0.17	8.36
0.00	-0.00	3.02	0.28	8.36
0.00	-0.00	3.03	0.17	8.36
0.00	-0.00	3.03	0.16	8.36
0.00	-0.00	3.03	0.15	8.36
0.00	-0.00	3.04	0.16	8.36
0.00	-0.00	3.04	0.16	8.36
0.00	-0.00	3.04	0.18	8.36
0.00	-0.00	3.04	-0.01	8.36
0.00	-0.00	3.04	-0.00	8.36
0.00	-0.00	3.04	0.14	8.36
0.00	-0.00	3.04	0.00	8.36
0.00	-0.00	3.04	0.00	8.36
0.00	-0.00	3.04	0.00	8.36
0.00	-0.00	3.04	0.02	8.36
0.00	-0.00	3.04	-0.02	8.36
0.00	-0.00	3.04	-0.01	8.36
0.00	-0.00	3.04	-0.13	8.36
0.00	-0.00	3.04	-0.15	8.36
0.00	-0.00	3.03	-0.02	8.36
0.00	-0.00	3.03	-0.14	8.36
0.00	-0.00	3.03	-0.15	8.36
0.00	-0.00	3.02	-0.15	8.36
0.00	-0.00	3.02	-0.15	8.36
0.00	-0.00	3.02	0.01	8.36
0.00	-0.00	3.02	-0.16	8.36
0.00	-0.00	3.01	-0.16	8.36
0.00	-0.00	3.01	-0.16	8.36
0.00	-0.00	3.01	-0.01	8.36
0.00	-0.00	3.01	-0.01	8.36
0.00	-0.00	3.01	-0.13	8.36
0.00	-0.00	3.01	-0.08	8.36
0.00	-0.00	3.01	0.04	8.36
0.00	-0.00	3.01	0.01	8.36
0.00	-0.00	3.01	-0.00	8.36
0.00	-0.00	3.01	0.01	8.36
0.00	-0.00	3.01	-0.00	8.36
0.00	-0.00	3.01	-0.00	8.36
0.00	-0.00	3.01	-0.00	8.36
0.00	-0.00	3.01	0.01	8.36
0.00	-0.00	3.01	-0.01	8.36
0.00	-0.00	3.01	0.01	8.36
0.00	-0.00	3.01	-0.01	8.36
0.00	-0.00	3.01	0.01	8.36
0.00	-0.00	3.01	-0.00	8.36
0.00	-0.00	3.01	0.09	8.36
0.00	-0.00	3.01	0.05	8.36
0.00	-0.00	3.01	0.01	8.36
0.00	-0.00	3.01	0.00	8.36
0.00	-0.00	3.01	-0.00	8.36
0.00	-0.00	3.01	-0.00	8.36
0.00	-0.00	3.01	0.00	8.36
0.00	-0.00	3.02	0.00	8.36
0.00	-0.00	3.02	0.28	8.36
0.00	-0.00	3.02	0.01	8.36
0.00	-0.00	3.02	0.14	8.36
0.00	-0.00	3.02	0.01	8.36
0.00	-0.00	3.02	0.01	8.36
0.00	-0.00	3.02	-0.01	8.36
0.00	-0.00	3.02	-0.00	8.36
0.00	-0.00	3.02	0.01	8.36
0.00	-0.00	3.02	-0.00	8.36
0.00	-0.00	3.02	-0.12	8.36
0.00	-0.00	3.02	-0.02	8.36
0.00	-0.00	3.02	-0.00	8.36
0.00	-0.00	3.02	0.00	8.36
0.00	-0.00	3.02	-0.00	8.36
0.00	-0.00	3.02	-0.14	8.36
0.00	-0.00	3.02	-0.02	8.36
0.00	-0.00	3.01	-0.00	8.36
0.00	-0.00	3.01	-0.13	8.36
0.00	-0.00	3.01	-0.02	8.36
0.00	-0.00	3.01	-0.00	8.36
0.00	-0.00	3.01	-0.05	8.36
0.00	-0.00	3.01	-0.09	8.36
0.00	-0.00	3.01	-0.01	8.36
0.00	-0.00	3.01	-0.00	8.36
0.00	-0.00	3.01	-0.00	8.36
0.00	-0.00	3.01	-0.00	8.36
0.00	-0.00	3.01	-0.00	8.36
0.00	-0.00	3.01	-0.00	8.36
0.00	-0.00	3.01	-0.00	8.36
0.00	-0.00	3.01	-0.00	8.36
0.00	-0.00	3.01	-0.00	8.36
0.00	-0.00	3.01	0.00	8.36
0.00	-0.00	3.01	-0.00	8.36
0.00	0.00	3.01	-0.00	8.36
0.00	0.00	3.01	0.00	8.36
0.00	0.00	3.01	0.00	8.36
0.00	0.00	3.01	0.00	8.36
0.00	0.00	3.01	0.01	8.36
0.00	0.00	3.01	-0.01	8.36
0.00	0.00	3.01	-0.00	8.36
0.00	0.00	3.01	-0.00	8.36
0.00	0.00	3.01	-0.13	8.36
0.00	0.00	3.01	-0.02	8.36
0.00	0.00	3.01	0.00	8.36
0.00	0.00	3.01	-0.01	8.36
0.00	0.00	3.01	-0.00	8.36
0.00	0.00	3.01	-0.00	8.36
0.00	0.00	3.01	0.00	8.36
0.00	0.00	3.01	-0.00	8.36
0.00	0.00	3.01	-0.00	8.36
0.00	0.00	3.01	0.01	8.36
0.00	0.00	3.01	-0.01	8.36
0.00	0.00	3.01	0.00	8.36
0.00	0.00	3.01	-0.00	8.36
0.00	0.00	3.01	-0.00	8.36
0.00	0.00	3.01	0.00	8.36
0.00	0.00	3.01	0.00	8.36
0.00	0.00	3.01	0.03	8.36
0.00	0.00	3.01	-0.02	8.36
0.00	0.00	3.01	-0.01	8.36
0.00	0.00	3.01	-0.04	8.36
0.00	0.00	3.01	0.04	8.36
0.00	0.00	3.01	-0.01	8.36
0.00	0.00	3.01	0.04	8.36
0.00	0.00	3.01	-0.03	8.36
0.00	0.00	3.01	0.00	8.36
0.00	0.00	3.01	-0.01	8.36
0.00	0.00	3.01	-0.00	8.36
0.00	0.00	3.01	0.00	8.36
0.00	0.00	3.01	-0.00	8.36
0.00	0.00	3.01	0.06	8.36
0.00	0.00	3.01	-0.04	8.36
0.00	0.00	3.01	-0.02	8.36
0.00	0.00	3.01	-0.01	8.36
0.00	0.00	3.01	0.01	8.36
0.00	0.00	3.01	0.01	8.36
0.00	0.00	3.01	-0.00	8.36
0.00	0.00	3.01	0.01	8.36
0.00	0.00	3.01	-0.01	8.36
0.00	0.00	3.01	-0.00	8.36
0.00	0.00	3.01	-0.01	8.36
0.00	0.00	3.01	0.01	8.36
0.00	0.00	3.01	-0.01	8.36
0.00	0.00	3.01	0.04	8.36
0.00	0.00	3.01	-0.03	8.36
0.00	0.00	3.01	-0.00	8.36
0.00	0.00	3.01	-0.00	8.36
0.00	0.00	3.01	-0.00	8.36
0.00	0.00	3.01	-0.00	8.36
0.00	0.00	3.01	0.00	8.36
0.00	0.00	3.01	0.02	8.36
0.00	0.00	3.01	-0.02	8.36
0.00	0.00	3.01	0.00	8.36
0.00	0.00	3.01	-0.03	8.36
0.00	0.00	3.01	0.03	8.36
0.00	0.00	3.01	0.00	8.36
0.00	0.00	3.01	-0.00	8.36
0.00	0.00	3.01	0.00	8.36
0.00	0.00	3.01	-0.00	8.36
0.00	0.00	3.01	0.00	8.36
0.00	0.00	3.01	0.00	8.36
0.00	0.00	3.01	0.00	8.36
0.00	0.00	3.01	-0.01	8.36
0.00	0.00	3.01	0.02	8.36
0.00	0.00	3.01	-0.02	8.36
0.00	0.00	3.01	-0.00	8.36
0.00	0.00	3.01	-0.02	8.36
0.00	0.00	3.01	0.02	8.36
0.00	0.00	3.01	-0.01	8.36
0.00	0.00	3.01	0.00	8.36
0.00	0.00	3.01	0.00	8.36
0.00	0.00	3.01	-0.00	8.36
0.00	0.00	3.01	-0.00	8.36
0.00	0.00	3.01	-0.05	8.36
0.00	0.00	3.01	0.05	8.36
0.00	0.00	3.01	0.00	8.36
0.00	0.00	3.01	-0.00	8.36
0.00	0.00	3.01	0.01	8.36
0.00	0.00	3.01	-0.01	8.36
0.00	0.00	3.01	-0.00	8.36
0.00	0.00	3.01	-0.00	8.36
0.00	0.00	3.01	0.00	8.36
0.00	0.00	3.01	-0.01	8.36
0.00	0.00	3.01	0.01	8.36
0.00	0.00	3.01	-0.00	8.36
0.00	0.00	3.01	0.01	8.36
0.00	0.00	3.01	-0.01	8.36
0.00	0.00	3.01	-0.00	8.36
0.00	0.00	3.01	-0.00	8.36
0.00	0.00	3.01	0.01	8.36
0.00	0.00	3.01	-0.00	8.36
0.00	0.00	3.01	0.01	8.36
0.00	0.00	3.01	-0.01	8.36
0.00	0.00	3.01	-0.00	8.36
0.00	0.00	3.01	0.01	8.36
0.00	0.00	3.01	0.12	8.36
0.00	0.00	3.01	0.03	8.36
0.00	0.00	3.01	-0.01	8.36
0.00	0.00	3.01	-0.01	8.36
0.00	0.00	3.01	0.01	8.36
0.00	0.00	3.01	-0.00	8.36
0.00	0.00	3.01	-0.01	8.36
0.00	0.00	3.01	0.01	8.36
0.00	0.00	3.01	-0.00	8.36
0.00	0.00	3.01	-0.00	8.36
0.00	0.00	3.01	0.00	8.36
0.00	0.00	3.01	-0.01	8.36
0.00	0.00	3.01	0.01	8.36
0.00	0.00	3.01	0.00	8.36
0.00	0.00	3.01	0.01	8.36
0.00	0.00	3.01	-0.01	8.36
0.00	0.00	3.01	-0.00	8.36
0.00	0.00	3.01	0.00	8.36
0.00	0.00	3.01	0.00	8.36
0.00	0.00	3.01	-0.00	8.36
0.00	0.00	3.01	-0.00	8.36
0.00	0.00	3.01	-0.00	8.36
0.00	0.00	3.01	0.00	8.36
0.00	0.00	3.01	0.01	8.36
0.00	0.00	3.01	-0.01	8.36
0.00	0.00	3.01	0.01	8.36
0.00	0.00	3.01	0.00	8.36
0.00	0.00	3.01	0.04	8.36
0.00	0.00	3.01	-0.02	8.36
0.00	0.00	3.01	-0.01	8.36
0.00	0.00	3.01	0.00	8.36
0.00	0.00	3.01	-0.00	8.36
0.00	0.00	3.01	-0.01	8.36
0.00	0.00	3.01	-0.00	8.36
0.00	0.00	3.01	-0.00	8.36
0.00	0.00	3.01	0.00	8.36
0.00	0.00	3.01	-0.00	8.36
0.00	0.00	3.01	-0.00	8.36
0.00	0.00	3.01	0.01	8.36
0.00	0.00	3.01	-0.01	8.36
0.00	0.00	3.01	0.01	8.36
0.00	0.00	3.01	0.00	8.36
0.00	0.00	3.01	-0.01	8.36
0.00	0.00	3.01	-0.01	8.36
0.00	0.00	3.01	0.02	8.36
0.00	0.00	3.01	-0.01	8.36
0.00	0.00	3.01	-0.00	8.36
0.00	0.00	3.01	-0.00	8.36
0.00	0.00	3.01	-0.00	8.36
0.00	0.00	3.01	0.14	8.36
0.00	0.00	3.01	0.01	8.36
0.00	0.00	3.01	0.00	8.36
0.00	0.00	3.02	0.00	8.36
0.00	0.00	3.02	0.13	8.36
0.00	0.00	3.02	0.02	8.36
0.00	0.00	3.02	0.14	8.36
0.00	0.00	3.03	0.15	8.36
0.00	0.00	3.03	0.15	8.36
0.00	0.00	3.03	0.02	8.36
0.00	0.00	3.03	0.13	8.36
0.00	0.00	3.03	0.15	8.36
0.00	0.00	3.03	0.03	8.36
0.00	0.00	3.03	-0.00	8.36
0.00	0.00	3.03	0.00	8.36
0.00	0.00	3.03	-0.00	8.36
0.00	0.00	3.03	-0.00	8.36
0.00	0.00	3.03	-0.00	8.36
0.00	0.00	3.03	-0.12	8.36
0.00	0.00	3.02	-0.16	8.36
0.00	0.00	3.01	-0.31	8.36
0.00	0.00	3.01	-0.28	8.36
0.00	0.00	3.00	-0.16	8.36
0.00	0.00	3.00	-0.28	8.36
0.00	0.00	3.00	-0.18	8.36
0.00	0.00	2.99	-0.29	8.36
0.00	0.00	2.99	-0.20	8.36
0.00	0.00	2.99	0.01	8.36
0.00	0.00	2.99	-0.13	8.36
0.00	0.00	2.99	-0.02	8.36
0.00	0.00	2.99	-0.01	8.36
0.00	0.00	2.99	-0.01	8.36
0.00	0.00	2.99	-0.00	8.36
0.00	0.00	2.99	0.14	8.36
0.00	0.00	2.99	0.02	8.36
0.00	0.00	2.99	0.01	8.36
0.00	0.00	2.99	-0.01	8.36
0.00	0.00	2.99	0.01	8.36
0.00	0.00	2.99	0.00	8.36
0.00	0.00	2.99	-0.01	8.36
0.00	0.00	2.99	-0.00	8.36
0.00	0.00	2.99	0.01	8.36
0.00	0.00	2.99	-0.12	8.36
0.00	0.00	2.98	-0.14	8.36
0.00	0.00	2.98	-0.30	8.36
0.00	0.00	2.97	-0.17	8.36
0.00	0.00	2.96	-0.44	8.36
0.00	0.00	2.95	-0.44	8.36
0.00	0.00	2.94	-0.46	8.36
0.00	0.00	2.93	-0.46	8.36
0.00	0.00	2.92	-0.46	8.36
0.00	0.00	2.92	-0.46	8.36
0.00	0.00	2.91	-0.33	8.36
0.00	0.00	2.91	-0.31	8.36
0.00	0.00	2.90	-0.17	8.36
0.00	0.00	2.90	-0.15	8.36
0.00	0.00	2.90	-0.01	8.36
0.00	0.00	2.91	-0.01	8.36
0.00	0.00	2.91	0.14	8.36
0.00	0.00	2.92	0.15	8.36
0.00	0.00	2.92	0.29	8.36
0.00	0.00	2.93	0.30	8.36
0.00	0.00	2.93	0.31	8.36
0.00	0.00	2.94	0.30	8.36
0.00	0.00	2.94	0.31	8.36
0.00	0.00	2.95	0.17	8.36
0.00	0.00	2.95	0.29	8.36
0.00	0.00	2.96	0.17	8.36
0.00	0.00	2.96	0.15	8.36
0.00	0.00	2.96	0.20	8.36
0.00	0.00	2.96	-0.02	8.36
0.00	0.00	2.96	0.13	8.36
0.00	0.00	2.96	0.02	8.36
0.00	0.00	2.96	0.00	8.36
0.00	0.00	2.96	0.00	8.36
0.00	0.00	2.96	0.00	8.36
0.00	0.00	2.96	0.01	8.36
0.00	0.00	2.96	-0.14	8.36
0.00	0.00	2.95	-0.15	8.36
0.00	0.00	2.95	-0.17	8.36
0.00	0.00	2.94	-0.14	8.36
0.00	0.00	2.94	-0.28	8.36
0.00	0.00	2.94	-0.17	8.36
0.00	0.00	2.93	-0.15	8.36
0.00	0.00	2.93	-0.29	8.36
0.00	0.00	2.92	-0.17	8.36
0.00	0.00	2.92	-0.29	8.36
0.00	0.00	2.92	-0.18	8.36
0.00	0.00	2.91	-0.15	8.36
0.00	0.00	2.91	-0.16	8.36
0.00	0.00	2.91	-0.15	8.36
0.00	0.00	2.91	-0.15	8.36
0.00	0.00	2.90	-0.03	8.36
0.00	0.00	2.90	-0.13	8.36
0.00	0.00	2.90	-0.02	8.36
0.00	0.00	2.90	-0.00	8.36
0.00	0.00	2.90	-0.00	8.36
0.00	0.00	2.90	-0.00	8.36
0.00	0.00	2.90	-0.00	8.36
0.00	0.00	2.90	0.01	8.36
0.00	0.00	2.90	-0.00	8.36
0.00	0.00	2.91	0.01	8.36
0.00	0.00	2.91	0.12	8.36
0.00	0.00	2.91	0.17	8.36
0.00	0.00	2.91	0.01	8.36
0.00	0.00	2.92	0.13	8.36
0.00	0.00	2.92	0.29	8.36
0.00	0.00	2.92	0.18	8.36
0.00	0.00	2.93	0.15	8.36
0.00	0.00	2.93	0.15	8.36
0.00	0.00	2.93	0.15	8.36
0.00	0.00	2.93	-0.06	8.36
0.00	0.00	2.94	0.20	8.36
0.00	0.00	2.94	0.17	8.36
0.00	0.00	2.94	0.05	8.36
0.00	0.00	2.94	-0.02	8.36
0.00	0.00	2.93	-0.00	8.36
0.00	0.00	2.92	-0.27	8.36
0.00	0.00	2.92	-0.30	8.36
0.00	0.00	2.92	-0.17	8.36
0.00	0.00	2.92	0.02	8.36
0.00	0.00	2.92	-0.04	8.36
0.00	0.00	2.92	-0.01	8.36
0.00	0.00	2.92	-0.01	8.36
0.00	0.00	2.92	-0.00	8.36
0.00	0.00	2.92	0.00	8.36
0.00	0.00	2.92	0.00	8.36
0.00	0.00	2.92	0.00	8.36
0.00	0.00	2.92	-0.01	8.36
0.00	0.00	2.92	0.01	8.36
0.00	0.00	2.92	-0.01	8.36
0.00	0.00	2.92	0.01	8.36
0.00	0.00	2.92	-0.01	8.36
0.00	0.00	2.92	-0.00	8.36
0.00	0.00	2.92	0.01	8.36
0.00	0.00	2.92	-0.01	8.36
0.00	0.00	2.92	-0.04	8.36
0.00	0.00	2.92	0.04	8.36
0.00	0.00	2.92	0.00	8.36
0.00	0.00	2.92	0.00	8.36
0.00	0.00	2.92	0.00	8.36
0.00	0.00	2.92	-0.01	8.36
0.00	0.00	2.92	-0.08	8.36
0.00	0.00	2.92	0.08	8.36
0.00	0.00	2.92	0.01	8.36
0.00	0.00	2.92	0.03	8.36
0.00	0.00	2.92	-0.02	8.36
0.00	0.00	2.92	-0.01	8.36
0.00	0.00	2.92	-0.05	8.36
0.00	0.00	2.92	0.04	8.36
0.00	0.00	2.92	0.00	8.36
0.00	0.00	2.92	0.07	8.36
0.00	0.00	2.92	-0.06	8.36
0.00	0.00	2.92	-0.01	8.36
0.00	0.00	2.92	0.00	8.36
0.00	0.00	2.92	-0.00	8.36
0.00	0.00	2.92	0.00	8.36
0.00	0.00	2.92	-0.00	8.36
0.00	0.00	2.92	-0.00	8.36
0.00	0.00	2.92	0.00	8.36
0.00	0.00	2.92	0.00	8.36
0.00	0.00	2.92	0.00	8.36
0.00	0.00	2.92	-0.00	8.36
0.00	0.00	2.92	0.01	8.36
0.00	0.00	2.92	0.02	8.36
0.00	0.00	2.92	-0.02	8.36
0.00	0.00	2.92	-0.01	8.36
0.00	0.00	2.92	-0.01	8.36
0.00	0.00	2.92	0.02	8.36
0.00	0.00	2.92	-0.00	8.36
0.00	0.00	2.92	0.01	8.36
0.00	0.00	2.92	-0.00	8.36
0.00	0.00	2.92	-0.00	8.36
0.00	0.00	2.92	0.01	8.36
0.00	0.00	2.92	-0.00	8.36
0.00	0.00	2.92	0.00	8.36
0.00	0.00	2.92	-0.00	8.36
0.00	0.00	2.92	0.00	8.36
0.00	0.00	2.92	-0.00	8.36
0.00	0.00	2.92	0.00	8.36
0.00	0.00	2.92	-0.00	8.36
0.00	0.00	2.92	0.01	8.36
0.00	0.00	2.92	-0.00	8.36
0.00	0.00	2.92	-0.00	8.36
0.00	0.00	2.92	-0.00	8.36
0.00	0.00	2.92	0.00	8.36
0.00	0.00	2.92	0.00	8.36
0.00	0.00	2.92	0.00	8.36
0.00	0.00	2.92	-0.00	8.36
0.00	0.00	2.92	0.01	8.36
0.00	0.00	2.92	-0.01	8.36
0.00	0.00	2.92	0.00	8.36
0.00	0.00	2.92	-0.00	8.36
0.00	0.00	2.92	0.00	8.36
0.00	0.00	2.92	0.00	8.36
0.00	0.00	2.92	0.02	8.36
0.00	0.00	2.92	-0.01	8.36
0.00	0.00	2.92	0.00	8.36
0.00	0.00	2.92	-0.01	8.36
0.00	0.00	2.92	0.00	8.36
0.00	0.00	2.92	0.00	8.36
0.00	0.00	2.92	0.00	8.36
0.00	0.00	2.92	0.01	8.36
0.00	0.00	2.92	-0.00	8.36
0.00	0.00	2.92	-0.00	8.36
0.00	0.00	2.92	-0.00	8.36
0.00	0.00	2.93	0.14	8.36
0.00	0.00	2.93	0.14	8.36
0.00	0.00	2.93	0.16	8.36
0.00	0.00	2.94	0.16	8.36
0.00	0.00	2.94	0.15	8.36
0.00	0.00	2.94	0.29	8.36
0.00	0.00	2.95	0.04	8.36
0.00	0.00	2.95	0.14	8.36
0.00	0.00	2.95	0.19	8.36
0.00	0.00	2.95	0.12	8.36
0.00	0.00	2.95	0.02	8.36
0.00	0.00	2.96	-0.00	8.36
0.00	0.00	2.96	0.13	8.36
0.00	0.00	2.96	0.01	8.36
0.00	0.00	2.96	0.01	8.36
0.00	0.00	2.96	-0.01	8.36
0.00	0.00	2.96	0.13	8.36
0.00	0.00	2.96	0.15	8.36
0.00	0.00	2.97	0.15	8.36
0.00	0.00	2.97	0.28	8.36
0.00	0.00	2.98	0.17	8.36
0.00	0.00	2.98	0.16	8.36
0.00	0.00	2.99	0.29	8.36
0.00	0.00	2.99	0.17	8.36
0.00	0.00	3.00	0.29	8.36
0.00	0.00	3.00	0.17	8.36
0.00	0.00	3.01	0.42	8.36
0.00	0.00	3.02	0.51	8.36
0.00	0.00	3.03	0.42	8.36
0.00	0.00	3.03	0.33	8.36
0.00	0.00	3.04	0.10	8.36
0.00	0.00	3.04	0.34	8.36
0.00	0.00	3.05	0.18	8.36
0.00	0.00	3.05	0.30	8.36
0.00	0.00	3.05	0.16	8.36
0.00	0.00	3.05	0.15	8.36
0.00	0.00	3.06	0.02	8.36
0.00	0.00	3.06	0.14	8.36
0.00	0.00	3.07	0.28	8.36
0.00	0.00	3.07	0.17	8.36
0.00	0.00	3.08	0.16	8.36
0.00	0.00	3.08	0.28	8.36
0.00	0.00	3.09	0.30	8.36
0.00	0.00	3.10	0.44	8.36
0.00	0.00	3.10	0.32	8.36
0.00	0.00	3.11	0.31	8.36
0.00	0.00	3.11	0.17	8.36
0.00	0.00	3.11	0.16	8.36
0.00	0.00	3.11	0.15	8.36
0.00	0.00	3.11	0.02	8.36
0.00	0.00	3.12	0.14	8.36
0.00	0.00	3.12	0.15	8.36
0.00	0.00	3.12	0.18	8.36
0.00	0.00	3.13	0.13	8.36
0.00	0.00	3.13	0.15	8.36
0.00	0.00	3.13	0.15	8.36
0.00	0.00	3.13	0.16	8.36
0.00	0.00	3.14	0.02	8.36
0.00	0.00	3.14	0.14	8.36
0.00	0.00	3.14	0.01	8.36
0.00	0.00	3.14	0.14	8.36
0.00	0.00	3.14	0.03	8.36
0.00	0.00	3.14	-0.00	8.36
0.00	0.00	3.14	0.13	8.36
0.00	0.00	3.14	0.01	8.36
0.00	0.00	3.14	0.01	8.36
0.00	0.00	3.14	0.01	8.36
0.00	0.00	3.14	0.00	8.36
0.00	0.00	3.14	-0.01	8.36
0.00	0.00	3.14	-0.14	8.36
0.00	0.00	3.14	-0.14	8.36
0.00	0.00	3.13	-0.02	8.36
0.00	0.00	3.13	-0.27	8.36
0.00	0.00	3.12	-0.17	8.36
0.00	0.00	3.12	-0.16	8.36
0.00	0.00	3.12	-0.15	8.36
0.00	0.00	3.11	-0.16	8.36
0.00	0.00	3.11	-0.16	8.36
0.00	0.00	3.11	-0.16	8.36
0.00	0.00	3.11	-0.15	8.36
0.00	0.00	3.10	-0.18	8.36
0.00	0.00	3.10	-0.13	8.36
0.00	0.00	3.10	-0.02	8.36
0.00	0.00	3.10	-0.13	8.36
0.00	0.00	3.10	-0.02	8.36
0.00	0.00	3.10	-0.00	8.36
0.00	0.00	3.10	-0.16	8.36
0.00	0.00	3.10	0.01	8.36
0.00	0.00	3.10	0.00	8.36
0.00	0.00	3.10	0.00	8.36
0.00	0.00	3.10	-0.00	8.36
0.00	0.00	3.10	-0.00	8.36
0.00	0.00	3.10	-0.00	8.36
0.00	0.00	3.10	0.00	8.36
0.00	0.00	3.10	-0.00	8.36
0.00	0.00	3.10	0.13	8.36
0.00	0.00	3.10	0.02	8.36
0.00	0.00	3.10	0.14	8.36
0.00	0.00	3.11	0.02	8.36
0.00	0.00	3.11	0.14	8.36
0.00	0.00	3.11	0.02	8.36
0.00	0.00	3.11	0.13	8.36
0.00	0.00	3.11	0.05	8.36
0.00	0.00	3.11	-0.02	8.36
0.00	0.00	3.11	0.13	8.36
0.00	0.00	3.11	-0.02	8.36
0.00	0.00	3.11	0.05	8.36
0.00	0.00	3.11	0.00	8.36
0.00	0.00	3.11	0.01	8.36
0.00	0.00	3.11	-0.01	8.36
0.00	0.00	3.11	0.00	8.36
0.00	0.00	3.11	-0.00	8.36
0.00	0.00	3.11	0.00	8.36
0.00	0.00	3.11	-0.00	8.36
0.00	0.00	3.11	0.00	8.36
0.00	0.00	3.11	-0.00	8.36
0.00	0.00	3.11	0.00	8.36
0.00	0.00	3.11	0.00	8.36
0.00	0.00	3.11	-0.01	8.36
0.00	0.00	3.11	-0.00	8.36
0.00	0.00	3.11	0.00	8.36
0.00	0.00	3.11	0.01	8.36
0.00	0.00	3.11	-0.01	8.36
0.00	0.00	3.11	0.00	8.36
0.00	0.00	3.11	0.00	8.36
0.00	0.00	3.11	-0.00	8.36
0.00	0.00	3.11	0.00	8.36
0.00	0.00	3.11	-0.00	8.36
0.00	0.00	3.11	0.00	8.36
0.00	0.00	3.11	-0.01	8.36
0.00	0.00	3.11	-0.04	8.36
0.00	0.00	3.11	0.03	8.36
0.00	0.00	3.11	0.01	8.36
0.00	0.00	3.11	0.01	8.36
0.00	0.00	3.11	-0.00	8.36
0.00	0.00	3.11	-0.01	8.36
0.00	0.00	3.11	-0.01	8.36
0.00	0.00	3.11	0.01	8.36
0.00	0.00	3.11	0.00	8.36
0.00	0.00	3.11	-0.00	8.36
0.00	0.00	3.11	-0.00	8.36
0.00	0.00	3.11	0.00	8.36
0.00	0.00	3.11	-0.00	8.36
0.00	0.00	3.11	0.00	8.36
0.00	0.00	3.11	0.00	8.36
0.00	0.00	3.11	0.00	8.36
0.00	0.00	3.11	-0.00	8.36
0.00	0.00	3.11	-0.00	8.36
0.00	0.00	3.11	0.00	8.36
0.00	0.00	3.11	-0.00	8.36
0.00	0.00	3.11	0.00	8.36
0.00	0.00	3.11	0.00	8.36
0.00	0.00	3.11	0.00	8.36
0.00	0.00	3.11	-0.01	8.36
0.00	0.00	3.11	0.01	8.36
0.00	0.00	3.11	-0.01	8.36
0.00	0.00	3.11	0.00	8.36
0.00	0.00	3.11	0.00	8.36
0.00	0.00	3.11	0.04	8.36
0.00	0.00	3.11	-0.03	8.36
0.00	0.00	3.11	-0.01	8.36
0.00	0.00	3.11	-0.01	8.36
0.00	0.00	3.11	0.01	8.36
0.00	0.00	3.11	-0.00	8.36
0.00	0.00	3.11	0.04	8.36
0.00	0.00	3.11	-0.03	8.36
0.00	0.00	3.11	-0.01	8.36
0.00	0.00	3.11	-0.01	8.36
0.00	0.00	3.11	0.01	8.36
0.00	0.00	3.11	-0.00	8.36
0.00	0.00	3.11	0.03	8.36
0.00	0.00	3.11	-0.02	8.36
0.00	0.00	3.11	-0.01	8.36
0.00	0.00	3.11	0.01	8.36
0.00	0.00	3.11	-0.00	8.36
0.00	0.00	3.11	-0.00	8.36
0.00	0.00	3.11	0.13	8.36
0.00	0.00	3.12	0.02	8.36
0.00	0.00	3.12	0.14	8.36
0.00	0.00	3.12	0.16	8.36
0.00	0.00	3.13	0.15	8.36
0.00	0.00	3.13	0.15	8.36
0.00	0.00	3.13	0.15	8.36
0.00	0.00	3.14	0.17	8.36
0.00	0.00	3.14	0.14	8.36
0.00	0.00	3.14	0.01	8.36
0.00	0.00	3.14	0.14	8.36
0.00	0.00	3.14	0.01	8.36
0.00	0.00	3.14	0.15	8.36
0.00	0.00	3.14	0.01	8.36
0.00	0.00	3.14	-0.00	8.36
0.00	0.00	3.15	-0.00	8.36
0.00	0.00	3.15	0.13	8.36
0.00	0.00	3.15	0.02	8.36
0.00	0.00	3.15	0.00	8.36
0.00	0.00	3.15	0.05	8.36
0.00	0.00	3.15	-0.04	8.36
0.00	0.00	3.15	-0.00	8.36
0.00	0.00	3.15	-0.01	8.36
0.00	0.00	3.15	0.00	8.36
0.00	0.00	3.15	-0.00	8.36
0.00	0.00	3.15	0.01	8.36
0.00	0.00	3.15	-0.00	8.36
0.00	0.00	3.15	-0.00	8.36
0.00	0.00	3.15	0.01	8.36
0.00	0.00	3.15	-0.01	8.36
0.00	0.00	3.15	-0.00	8.36
0.00	0.00	3.15	0.00	8.36
0.00	0.00	3.15	-0.00	8.36
0.00	0.00	3.15	0.14	8.36
0.00	0.00	3.15	0.02	8.36
0.00	0.00	3.15	0.00	8.36
0.00	0.00	3.15	-0.00	8.36
0.00	0.00	3.15	-0.00	8.36
0.00	0.00	3.15	-0.00	8.36
0.00	0.00	3.15	-0.00	8.36
0.00	0.00	3.15	0.01	8.36
0.00	0.00	3.15	-0.00	8.36
0.00	0.00	3.15	-0.00	8.36
0.00	0.00	3.14	-0.14	8.36
0.00	0.00	3.14	-0.15	8.36
0.00	0.00	3.14	-0.15	8.36
0.00	0.00	3.13	-0.15	8.36
0.00	0.00	3.13	-0.17	8.36
0.00	0.00	3.13	-0.15	8.36
0.00	0.00	3.13	-0.15	8.36
0.00	0.00	3.12	-0.08	8.36
0.00	0.00	3.11	-0.35	8.36
0.00	0.00	3.11	-0.18	8.36
0.00	0.00	3.11	-0.15	8.36
0.00	0.00	3.11	-0.15	8.36
0.00	0.00	3.10	-0.16	8.36
0.00	0.00	3.10	-0.15	8.36
0.00	0.00	3.10	-0.16	8.36
0.00	0.00	3.09	-0.16	8.36
0.00	0.00	3.09	-0.15	8.36
0.00	0.00	3.09	-0.03	8.36
0.00	0.00	3.09	0.00	8.36
0.00	0.00	3.09	0.00	8.36
0.00	0.00	3.09	-0.11	8.36
0.00	0.00	3.09	-0.04	8.36
0.00	0.00	3.09	-0.00	8.36
0.00	0.00	3.09	-0.01	8.36
0.00	0.00	3.09	0.01	8.36
0.00	0.00	3.09	-0.00	8.36
0.00	0.00	3.09	0.00	8.36
0.00	0.00	3.09	0.13	8.36
0.00	0.00	3.10	0.02	8.36
0.00	0.00	3.10	0.13	8.36
0.00	0.00	3.10	0.16	8.36
0.00	0.00	3.10	0.02	8.36
0.00	0.00	3.10	0.13	8.36
0.00	0.00	3.11	0.02	8.36
0.00	0.00	3.11	0.13	8.36
0.00	0.00	3.11	0.11	8.36
0.00	0.00	3.11	0.06	8.36
0.00	0.00	3.11	-0.01	8.36
0.00	0.00	3.11	0.13	8.36
0.00	0.00	3.11	0.02	8.36
0.00	0.00	3.11	0.01	8.36
0.00	0.00	3.11	-0.02	8.36
0.00	0.00	3.11	0.01	8.36
0.00	0.00	3.11	0.00	8.36
0.00	0.00	3.11	0.01	8.36
0.00	0.00	3.11	-0.00	8.36
0.00	0.00	3.11	0.00	8.36
0.00	0.00	3.11	-0.00	8.36
0.00	0.00	3.11	-0.00	8.36
0.00	0.00	3.11	0.00	8.36
0.00	0.00	3.11	-0.00	8.36
0.00	0.00	3.11	0.00	8.36
0.00	0.00	3.11	0.00	8.36
0.00	0.00	3.11	-0.01	8.36
0.00	0.00	3.11	-0.01	8.36
0.00	0.00	3.11	0.01	8.36
0.00	0.00	3.11	0.01	8.36
0.00	0.00	3.11	0.00	8.36
0.00	0.00	3.11	0.00	8.36
0.00	0.00	3.11	0.00	8.36
0.00	0.00	3.11	-0.01	8.36
0.00	0.00	3.11	0.00	8.36
0.00	0.00	3.11	-0.00	8.36
0.00	0.00	3.11	0.00	8.36
0.00	0.00	3.11	0.00	8.36
0.00	0.00	3.11	-0.00	8.36
0.00	0.00	3.12	0.14	8.36
0.00	0.00	3.12	0.15	8.36
0.00	0.00	3.12	0.02	8.36
0.00	0.00	3.12	-0.01	8.36
0.00	0.00	3.12	0.01	8.36
0.00	0.00	3.12	-0.00	8.36
0.00	0.00	3.12	0.01	8.36
0.00	0.00	3.12	-0.01	8.36
0.00	0.00	3.12	0.00	8.36
0.00	0.00	3.12	0.00	8.36
0.00	0.00	3.12	0.03	8.36
0.00	0.00	3.12	-0.03	8.36
0.00	0.00	3.12	0.00	8.36
0.00	0.00	3.12	-0.02	8.36
0.00	0.00	3.12	0.01	8.36
0.00	0.00	3.12	0.00	8.36
0.00	0.00	3.12	0.03	8.36
0.00	0.00	3.12	-0.03	8.36
0.00	0.00	3.12	-0.01	8.36
0.00	0.00	3.12	-0.00	8.36
0.00	0.00	3.12	0.00	8.36
0.00	0.00	3.12	0.01	8.36
0.00	0.00	3.12	0.05	8.36
0.00	0.00	3.12	-0.05	8.36
0.00	0.00	3.12	-0.01	8.36
0.00	0.00	3.12	-0.01	8.36
0.00	0.00	3.12	0.00	8.36
0.00	0.00	3.12	-0.00	8.36
0.00	0.00	3.12	-0.00	8.36
0.00	0.00	3.12	0.00	8.36
0.00	0.00	3.11	0.00	8.36
0.00	0.00	3.12	-0.16	8.36
0.00	0.00	3.11	0.01	8.36
0.00	0.00	3.11	-0.14	8.36
0.00	0.00	3.11	-0.01	8.36
0.00	0.00	3.11	-0.00	8.36
0.00	0.00	3.11	-0.00	8.36
0.00	0.00	3.11	-0.00	8.36
0.00	0.00	3.11	-0.13	8.36
0.00	0.00	3.11	-0.15	8.36
0.00	0.00	3.10	-0.02	8.36
0.00	0.00	3.10	-0.14	8.36
0.00	0.00	3.10	-0.02	8.36
0.00	0.00	3.10	-0.13	8.36
0.00	0.00	3.10	-0.02	8.36
0.00	0.00	3.10	-0.00	8.36
0.00	0.00	3.10	-0.00	8.36
0.00	0.00	3.10	-0.00	8.36
0.00	0.00	3.10	-0.13	8.36
0.00	0.00	3.09	-0.02	8.36
0.00	0.00	3.09	-0.14	8.36
0.00	0.00	3.09	-0.15	8.36
0.00	0.00	3.09	-0.02	8.36
0.00	0.00	3.09	0.01	8.36
0.00	0.00	3.09	-0.01	8.36
0.00	0.00	3.09	0.00	8.36
0.00	0.00	3.09	0.00	8.36
0.00	0.00	3.09	-0.00	8.36
0.00	0.00	3.09	-0.00	8.36
0.00	0.00	3.09	0.00	8.36
0.00	0.00	3.09	0.00	8.36
0.00	0.00	3.09	-0.01	8.36
0.00	0.00	3.09	-0.00	8.36
0.00	0.00	3.09	0.01	8.36
0.00	0.00	3.09	0.00	8.36
0.00	0.00	3.09	-0.00	8.36
0.00	0.00	3.09	-0.00	8.36
0.00	0.00	3.09	0.00	8.36
0.00	0.00	3.09	-0.00	8.36
0.00	0.00	3.09	0.00	8.36
0.00	0.00	3.09	0.00	8.36
0.00	0.00	3.09	0.00	8.36
0.00	0.00	3.09	0.00	8.36
0.00	0.00	3.09	0.00	8.36
0.00	0.00	3.09	0.00	8.36
0.00	0.00	3.09	-0.03	8.36
0.00	0.00	3.09	0.03	8.36
0.00	0.00	3.09	-0.00	8.36
0.00	0.00	3.09	0.00	8.36
0.00	0.00	3.09	0.01	8.36
0.00	0.00	3.09	-0.01	8.36
0.00	0.00	3.09	-0.01	8.36
0.00	0.00	3.09	0.01	8.36
0.00	0.00	3.09	0.00	8.36
0.00	0.00	3.09	0.03	8.36
0.00	0.00	3.09	-0.02	8.36
0.00	0.00	3.09	-0.00	8.36
0.00	0.00	3.09	-0.00	8.36
0.00	0.00	3.09	-0.00	8.36
0.00	0.00	3.09	-0.00	8.36
0.00	0.00	3.09	-0.00	8.36
0.00	0.00	3.09	0.01	8.36
0.00	0.00	3.09	-0.01	8.36
0.00	0.00	3.09	-0.00	8.36
0.00	0.00	3.09	0.00	8.36
0.00	0.00	3.09	0.00	8.36
0.00	0.00	3.09	0.00	8.36
0.00	0.00	3.09	0.03	8.36
0.00	0.00	3.09	-0.03	8.36
0.00	0.00	3.09	-0.00	8.36
0.00	0.00	3.09	-0.00	8.36
0.00	0.00	3.09	0.00	8.36
0.00	0.00	3.09	0.00	8.36
0.00	0.00	3.09	0.01	8.36
0.00	0.00	3.09	0.01	8.36
0.00	0.00	3.09	-0.02	8.36
0.00	0.00	3.09	-0.02	8.36
0.00	0.00	3.09	0.01	8.36
0.00	0.00	3.09	-0.00	8.36
0.00	0.00	3.09	-0.00	8.36
0.00	0.00	3.09	-0.00	8.36
0.00	0.00	3.09	0.01	8.36
0.00	0.00	3.09	-0.00	8.36
0.00	0.00	3.09	0.00	8.36
0.00	0.00	3.09	0.00	8.36
0.00	0.00	3.09	-0.01	8.36
0.00	0.00	3.09	0.00	8.36
0.00	0.00	3.09	-0.00	8.36
0.00	0.00	3.09	-0.00	8.36
0.00	0.00	3.09	-0.00	8.36
0.00	0.00	3.09	0.00	8.36
0.00	0.00	3.09	-0.00	8.36
0.00	0.00	3.09	0.01	8.36
0.00	0.00	3.09	-0.01	8.36
0.00	0.00	3.09	-0.00	8.36
0.00	0.00	3.09	0.01	8.36
0.00	0.00	3.09	-0.00	8.36
0.00	0.00	3.09	-0.00	8.36
0.00	0.00	3.09	0.00	8.36
0.00	0.00	3.09	-0.00	8.36
0.00	0.00	3.09	-0.00	8.36
0.00	0.00	3.09	0.00	8.36
0.00	0.00	3.09	-0.00	8.36
0.00	0.00	3.09	-0.00	8.36
0.00	0.00	3.09	-0.00	8.36
0.00	0.00	3.09	-0.00	8.36
0.00	0.00	3.09	0.00	8.36
0.00	0.00	3.09	-0.01	8.36
0.00	0.00	3.09	0.01	8.36
0.00	0.00	3.09	-0.00	8.36
0.00	0.00	3.09	0.04	8.36
0.00	0.00	3.09	-0.04	8.36
0.00	0.00	3.09	-0.00	8.36
0.00	0.00	3.09	-0.04	8.36
0.00	0.00	3.09	0.03	8.36
0.00	0.00	3.09	0.00	8.36
0.00	0.00	3.09	0.03	8.36
0.00	0.00	3.09	-0.02	8.36
0.00	0.00	3.09	-0.01	8.36
0.00	0.00	3.09	-0.00	8.36
0.00	0.00	3.09	0.00	8.36
0.00	0.00	3.09	-0.00	8.36
0.00	0.00	3.09	0.00	8.36
0.00	0.00	3.09	0.00	8.36
0.00	0.00	3.09	0.00	8.36
0.00	0.00	3.09	0.01	8.36
0.00	0.00	3.09	-0.01	8.36
0.00	0.00	3.09	-0.00	8.36
0.00	0.00	3.09	0.00	8.36
0.00	0.00	3.09	0.00	8.36
0.00	0.00	3.09	-0.00	8.36
0.00	0.00	3.09	-0.00	8.36
0.00	0.00	3.09	-0.00	8.36
0.00	0.00	3.09	-0.00	8.36
0.00	0.00	3.09	-0.00	8.36
0.00	0.00	3.09	-0.00	8.36
0.00	0.00	3.09	0.02	8.36
0.00	0.00	3.09	-0.01	8.36
0.00	0.00	3.09	-0.00	8.36
0.00	0.00	3.09	-0.00	8.36
0.00	0.00	3.09	0.00	8.36
0.00	0.00	3.09	-0.00	8.36
0.00	0.00	3.09	0.03	8.36
0.00	0.00	3.09	-0.02	8.36
0.00	0.00	3.09	-0.00	8.36
0.00	0.00	3.09	0.00	8.36
0.00	0.00	3.09	-0.01	8.36
0.00	0.00	3.09	0.00	8.36
0.00	0.00	3.09	0.01	8.36
0.00	0.00	3.09	-0.01	8.36
0.00	0.00	3.09	-0.01	8.36
0.00	0.00	3.09	0.13	8.36
0.00	0.00	3.10	0.02	8.36
0.00	0.00	3.10	0.14	8.36
0.00	0.00	3.10	0.02	8.36
0.00	0.00	3.10	0.00	8.36
0.00	0.00	3.10	0.13	8.36
0.00	0.00	3.10	0.02	8.36
0.00	0.00	3.10	-0.01	8.36
0.00	0.00	3.10	-0.01	8.36
0.00	0.00	3.10	0.02	8.36
0.00	0.00	3.10	0.12	8.36
0.00	0.00	3.10	0.03	8.36
0.00	0.00	3.10	0.00	8.36
0.00	0.00	3.10	0.00	8.36
0.00	0.00	3.10	-0.00	8.36
0.00	0.00	3.10	0.00	8.36
0.00	0.00	3.10	-0.01	8.36
0.00	0.00	3.10	0.01	8.36
0.00	0.00	3.10	-0.00	8.36
0.00	0.00	3.10	-0.01	8.36
0.00	0.00	3.10	-0.02	8.36
0.00	0.00	3.10	0.02	8.36
0.00	0.00	3.10	0.01	8.36
0.00	0.00	3.10	-0.00	8.36
0.00	0.00	3.10	0.00	8.36
0.00	0.00	3.10	0.01	8.36
0.00	0.00	3.10	-0.01	8.36
0.00	0.00	3.10	0.00	8.36
0.00	0.00	3.10	0.00	8.36
0.00	0.00	3.10	-0.00	8.36
0.00	0.00	3.10	-0.00	8.36
0.00	0.00	3.10	-0.00	8.36
0.00	0.00	3.10	0.01	8.36
0.00	0.00	3.10	-0.01	8.36
0.00	0.00	3.10	0.00	8.36
0.00	0.00	3.10	0.01	8.36
0.00	0.00	3.10	0.01	8.36
0.00	0.00	3.10	-0.02	8.36
0.00	0.00	3.10	0.01	8.36
0.00	0.00	3.10	-0.05	8.36
0.00	0.00	3.10	0.03	8.36
0.00	0.00	3.10	0.00	8.36
0.00	0.00	3.10	0.00	8.36
0.00	0.00	3.10	0.00	8.36
0.00	0.00	3.10	0.03	8.36
0.00	0.00	3.10	-0.06	8.36
0.00	0.00	3.10	0.03	8.36
0.00	0.00	3.10	0.00	8.36
0.00	0.00	3.10	0.00	8.36
0.00	0.00	3.10	-0.00	8.36
0.00	0.00	3.10	0.00	8.36
0.00	0.00	3.10	-0.01	8.36
0.00	0.00	3.10	0.02	8.36
0.00	0.00	3.10	-0.00	8.36
0.00	0.00	3.10	0.03	8.36
0.00	0.00	3.10	-0.02	8.36
0.00	0.00	3.10	-0.01	8.36
0.00	0.00	3.10	0.00	8.36
0.00	0.00	3.10	0.00	8.36
0.00	0.00	3.10	0.00	8.36
0.00	0.00	3.10	-0.01	8.36
0.00	0.00	3.10	0.01	8.36
0.00	0.00	3.10	0.00	8.36
0.00	0.00	3.10	-0.01	8.36
0.00	0.00	3.10	0.01	8.36
0.00	0.00	3.10	-0.01	8.36
0.00	0.00	3.10	0.00	8.36
0.00	0.00	3.10	0.00	8.36
0.00	0.00	3.10	0.00	8.36
0.00	0.00	3.10	0.00	8.36
0.00	0.00	3.10	-0.00	8.36
0.00	0.00	3.10	-0.00	8.36
0.00	0.00	3.10	0.00	8.36
0.00	0.00	3.10	-0.00	8.36
0.00	0.00	3.10	-0.00	8.36
0.00	0.00	3.10	0.00	8.36
0.00	0.00	3.10	-0.00	8.36
0.00	0.00	3.10	0.00	8.36
0.00	0.00	3.10	0.00	8.36
0.00	0.00	3.11	-0.00	8.36
0.00	0.00	3.11	0.13	8.36
0.00	0.00	3.11	0.02	8.36
0.00	0.00	3.11	0.14	8.36
0.00	0.00	3.11	0.01	8.36
0.00	0.00	3.11	0.14	8.36
0.00	0.00	3.11	0.01	8.36
0.00	0.00	3.12	0.13	8.36
0.00	0.00	3.12	0.16	8.36
0.00	0.00	3.12	0.01	8.36
0.00	0.00	3.12	0.13	8.36
0.00	0.00	3.12	0.15	8.36
0.00	0.00	3.12	0.02	8.36
0.00	0.00	3.12	0.01	8.36
0.00	0.00	3.12	-0.00	8.36
0.00	0.00	3.12	-0.00	8.36
0.00	0.00	3.12	-0.00	8.36
0.00	0.00	3.12	-0.00	8.36
0.00	0.00	3.13	0.00	8.36
0.00	0.00	3.13	0.13	8.36
0.00	0.00	3.13	0.15	8.36
0.00	0.00	3.13	0.15	8.36
0.00	0.00	3.14	0.02	8.36
0.00	0.00	3.14	0.27	8.36
0.00	0.00	3.15	0.17	8.36
0.00	0.00	3.16	0.41	8.36
0.00	0.00	3.17	0.46	8.36
0.00	0.00	3.18	0.46	8.36
0.00	0.00	3.18	0.46	8.36
0.00	0.00	3.19	0.20	8.36
0.00	0.00	3.19	0.15	8.36
0.00	0.00	3.19	0.02	8.36
0.00	0.00	3.19	0.00	8.36
0.00	0.00	3.19	0.00	8.36
0.00	0.00	3.19	0.14	8.36
0.00	0.00	3.19	0.02	8.36
0.00	0.00	3.19	0.14	8.36
0.00	0.00	3.19	0.01	8.36
0.00	0.00	3.19	0.00	8.36
0.00	0.00	3.19	-0.03	8.36
0.00	0.00	3.19	0.02	8.36
0.00	0.00	3.19	0.01	8.36
0.00	0.00	3.19	0.02	8.36
0.00	0.00	3.20	0.12	8.36
0.00	0.00	3.20	0.15	8.36
0.00	0.00	3.20	0.14	8.36
0.00	0.00	3.20	0.16	8.36
0.00	0.00	3.20	0.03	8.36
0.00	0.00	3.20	0.00	8.36
0.00	0.00	3.20	0.00	8.36
0.00	0.00	3.20	0.00	8.36
0.00	0.00	3.20	-0.02	8.36
0.00	0.00	3.20	0.01	8.36
0.00	0.00	3.20	0.01	8.36
0.00	0.00	3.20	0.03	8.36
0.00	0.00	3.20	-0.03	8.36
0.00	0.00	3.20	-0.00	8.36
0.00	0.00	3.20	-0.00	8.36
0.00	0.00	3.20	0.01	8.36
0.00	0.00	3.21	0.01	8.36
0.00	0.00	3.20	0.04	8.36
0.00	0.00	3.20	-0.04	8.36
0.00	0.00	3.20	-0.01	8.36
0.00	0.00	3.20	0.00	8.36
0.00	0.00	3.20	0.00	8.36
0.00	0.00	3.20	-0.13	8.36
0.00	0.00	3.20	-0.02	8.36
0.00	0.00	3.20	-0.14	8.36
0.00	0.00	3.19	-0.01	8.36
0.00	0.00	3.19	-0.13	8.36
0.00	0.00	3.19	-0.15	8.36
0.00	0.00	3.18	-0.15	8.36
0.00	0.01	3.18	-0.29	8.36
0.00	-0.01	3.18	-0.07	8.36
0.00	-0.00	3.17	-0.24	8.36
0.00	-0.00	3.17	-0.17	8.36
0.00	-0.00	3.17	-0.17	8.36
0.00	-0.00	3.16	-0.15	8.36
0.00	-0.00	3.16	-0.14	8.36
0.00	-0.00	3.16	0.01	8.36
0.00	-0.00	3.16	-0.16	8.36
0.00	-0.00	3.16	-0.02	8.36
0.00	-0.00	3.16	-0.14	8.36
0.00	-0.00	3.16	-0.02	8.36
0.00	-0.00	3.16	0.00	8.36
0.00	-0.00	3.16	0.00	8.36
0.00	-0.00	3.16	0.00	8.36
0.00	-0.00	3.16	-0.00	8.36
0.00	-0.00	3.16	-0.00	8.36
0.00	-0.00	3.16	0.01	8.36
0.00	-0.00	3.16	0.01	8.36
0.00	-0.00	3.16	-0.01	8.36
0.00	-0.00	3.16	0.13	8.36
0.00	-0.00	3.16	0.15	8.36
0.00	-0.00	3.17	0.02	8.36
0.00	-0.00	3.17	0.15	8.36
0.00	-0.00	3.17	0.15	8.36
0.00	-0.00	3.17	0.02	8.36
0.00	-0.00	3.18	0.14	8.36
0.00	-0.00	3.18	0.15	8.36
0.00	-0.00	3.18	0.02	8.36
0.00	-0.00	3.18	0.13	8.36
0.00	-0.00	3.18	0.02	8.36
0.00	-0.00	3.18	0.00	8.36
0.00	-0.00	3.18	0.13	8.36
0.00	-0.00	3.18	0.02	8.36
0.00	-0.00	3.18	-0.01	8.36
0.00	-0.00	3.18	0.01	8.36
0.00	-0.00	3.18	-0.00	8.36
0.00	-0.00	3.18	-0.00	8.36
0.00	-0.00	3.18	0.01	8.36
0.00	-0.00	3.18	-0.01	8.36
0.00	-0.00	3.18	-0.00	8.36
0.00	-0.00	3.18	-0.01	8.36
0.00	-0.00	3.18	0.00	8.36
0.00	-0.00	3.18	0.00	8.36
0.00	-0.00	3.18	-0.13	8.36
0.00	-0.00	3.18	-0.15	8.36
0.00	-0.00	3.18	-0.02	8.36
0.00	-0.00	3.18	-0.01	8.36
0.00	-0.00	3.18	0.13	8.36
0.00	-0.00	3.18	0.02	8.36
0.00	-0.00	3.18	0.00	8.36
0.00	-0.00	3.18	0.00	8.36
0.00	-0.00	3.18	-0.00	8.36
0.00	-0.00	3.18	-0.00	8.36
0.00	-0.00	3.18	0.01	8.36
0.00	-0.00	3.18	-0.01	8.36
0.00	-0.00	3.18	0.01	8.36
0.00	-0.00	3.18	-0.01	8.36
0.00	-0.00	3.18	0.00	8.36
0.00	-0.00	3.18	0.00	8.36
0.00	-0.00	3.18	0.00	8.36
0.00	-0.00	3.18	-0.00	8.36
0.00	-0.00	3.18	-0.00	8.36
0.00	-0.00	3.18	0.00	8.36
0.00	-0.00	3.18	-0.00	8.36
0.00	-0.00	3.18	-0.00	8.36
0.00	-0.00	3.18	-0.14	8.36
0.00	-0.00	3.18	-0.00	8.36
0.00	-0.00	3.17	-0.00	8.36
0.00	-0.00	3.17	-0.13	8.36
0.00	-0.00	3.17	-0.02	8.36
0.00	-0.00	3.17	-0.01	8.36
0.00	-0.00	3.17	-0.01	8.36
0.00	-0.00	3.17	0.01	8.36
0.00	-0.00	3.18	-0.00	8.36
0.00	-0.00	3.17	0.08	8.36
0.00	-0.00	3.17	-0.07	8.36
0.00	-0.00	3.17	-0.01	8.36
0.00	-0.00	3.17	0.00	8.36
0.00	-0.00	3.17	-0.13	8.36
0.00	-0.00	3.17	-0.01	8.36
0.00	-0.00	3.17	-0.01	8.36
0.00	-0.00	3.17	-0.00	8.36
0.00	-0.00	3.17	-0.00	8.36
0.00	-0.00	3.17	-0.10	8.36
0.00	-0.00	3.17	-0.04	8.36
0.00	-0.00	3.17	-0.00	8.36
0.00	-0.00	3.17	0.00	8.36
0.00	-0.00	3.17	-0.00	8.36
0.00	-0.00	3.17	-0.00	8.36
0.00	-0.00	3.17	0.00	8.36
0.00	-0.00	3.17	-0.00	8.36
0.00	-0.00	3.17	-0.00	8.36
0.00	-0.00	3.17	0.01	8.36
0.00	-0.00	3.17	-0.00	8.36
0.00	-0.00	3.17	-0.00	8.36
0.00	-0.00	3.16	-0.01	8.36
0.00	-0.00	3.16	-0.13	8.36
0.00	-0.00	3.16	-0.02	8.36
0.00	-0.00	3.16	0.03	8.36
0.00	-0.00	3.16	-0.02	8.36
0.00	-0.00	3.16	-0.01	8.36
0.00	-0.00	3.16	-0.00	8.36
0.00	-0.00	3.16	0.00	8.36
0.00	-0.00	3.16	-0.00	8.36
0.00	-0.00	3.16	0.00	8.36
0.00	-0.00	3.16	-0.01	8.36
0.00	-0.00	3.16	0.00	8.36
0.00	-0.00	3.16	-0.01	8.36
0.00	-0.00	3.16	0.00	8.36
0.00	-0.00	3.16	0.00	8.36
0.00	-0.00	3.16	0.01	8.36
0.00	-0.00	3.16	-0.01	8.36
0.00	-0.00	3.16	-0.00	8.36
0.00	-0.00	3.16	-0.03	8.36
0.00	-0.00	3.16	0.02	8.36
0.00	-0.00	3.16	0.00	8.36
0.00	-0.00	3.16	-0.01	8.36
0.00	-0.00	3.16	0.00	8.36
0.00	-0.00	3.16	0.01	8.36
0.00	-0.00	3.16	-0.01	8.36
0.00	-0.00	3.16	-0.00	8.36
0.00	-0.00	3.16	-0.00	8.36
0.00	-0.00	3.16	0.00	8.36
0.00	-0.00	3.16	0.00	8.36
0.00	-0.00	3.16	-0.01	8.36
0.00	-0.00	3.16	0.01	8.36
0.00	-0.00	3.16	-0.00	8.36
0.00	-0.00	3.16	0.00	8.36
0.00	-0.00	3.16	-0.01	8.36
0.00	-0.00	3.16	0.00	8.36
0.00	-0.00	3.16	0.00	8.36
0.00	-0.00	3.16	-0.00	8.36
0.00	-0.00	3.16	-0.00	8.36
0.00	-0.00	3.16	0.00	8.36
0.00	-0.00	3.16	0.00	8.36
0.00	-0.00	3.16	-0.01	8.36
0.00	-0.00	3.17	-0.00	8.36
0.00	-0.00	3.17	0.14	8.36
0.00	-0.00	3.17	0.02	8.36
0.00	-0.00	3.17	0.13	8.36
0.00	-0.00	3.17	0.02	8.36
0.00	-0.00	3.17	0.14	8.36
0.00	-0.00	3.17	0.02	8.36
0.00	-0.00	3.18	0.01	8.36
0.00	-0.00	3.18	0.13	8.36
0.00	-0.00	3.18	0.02	8.36
0.00	-0.00	3.18	0.01	8.36
0.00	-0.00	3.18	-0.01	8.36
0.00	-0.00	3.18	-0.00	8.36
0.00	-0.00	3.18	0.13	8.36
0.00	-0.00	3.18	0.02	8.36
0.00	-0.00	3.18	-0.00	8.36
0.00	-0.00	3.18	0.00	8.36
0.00	-0.00	3.18	0.00	8.36
0.00	-0.00	3.18	-0.00	8.36
0.00	-0.00	3.18	-0.00	8.36
0.00	-0.00	3.18	-0.00	8.36
0.00	-0.00	3.18	-0.00	8.36
0.00	-0.00	3.18	0.00	8.36
0.00	-0.00	3.18	0.02	8.36
0.00	-0.00	3.18	-0.01	8.36
0.00	-0.00	3.18	0.01	8.36
0.00	-0.00	3.18	-0.02	8.36
0.00	-0.00	3.18	0.02	8.36
0.00	-0.00	3.18	0.00	8.36
0.00	-0.00	3.18	0.03	8.36
0.00	-0.00	3.18	-0.02	8.36
0.00	-0.00	3.18	-0.01	8.36
0.00	-0.00	3.18	-0.02	8.36
0.00	-0.00	3.18	0.01	8.36
0.00	-0.00	3.18	0.00	8.36
0.00	-0.00	3.18	0.01	8.36
0.00	-0.00	3.18	-0.01	8.36
0.00	-0.00	3.18	-0.00	8.36
0.00	-0.00	3.18	0.00	8.36
0.00	-0.00	3.18	0.01	8.36
0.00	-0.00	3.18	-0.01	8.36
0.00	-0.00	3.18	0.00	8.36
0.00	-0.00	3.18	0.00	8.36
0.00	-0.00	3.18	-0.01	8.36
0.00	-0.00	3.18	0.00	8.36
0.00	-0.00	3.18	0.00	8.36
0.00	-0.00	3.18	0.00	8.36
0.00	-0.00	3.18	0.00	8.36
0.00	-0.00	3.18	0.00	8.36
0.00	-0.00	3.18	0.00	8.36
0.00	-0.00	3.18	-0.01	8.36
0.00	-0.00	3.18	0.01	8.36
0.00	-0.00	3.18	0.00	8.36
0.00	-0.00	3.18	0.00	8.36
0.00	-0.00	3.18	-0.00	8.36
0.00	-0.00	3.18	-0.00	8.36
0.00	-0.00	3.18	-0.00	8.36
0.00	-0.00	3.18	0.00	8.36
0.00	-0.00	3.18	0.00	8.36
0.00	-0.00	3.18	-0.00	8.36
0.00	-0.00	3.18	0.00	8.36
0.00	-0.00	3.18	0.00	8.36
0.00	-0.00	3.18	0.00	8.36
0.00	-0.00	3.18	0.01	8.36
0.00	-0.00	3.18	-0.01	8.36
0.00	-0.00	3.18	-0.01	8.36
0.00	-0.00	3.18	0.01	8.36
0.00	-0.00	3.18	0.00	8.36
0.00	-0.00	3.18	0.00	8.36
0.00	-0.00	3.18	0.00	8.36
0.00	-0.00	3.18	-0.00	8.36
0.00	-0.00	3.18	-0.00	8.36
0.00	-0.00	3.18	-0.00	8.36
0.00	-0.00	3.18	0.01	8.36
0.00	-0.00	3.18	-0.01	8.36
0.00	-0.00	3.18	-0.00	8.36
0.00	-0.00	3.18	0.00	8.36
0.00	-0.00	3.18	-0.00	8.36
0.00	-0.00	3.18	0.00	8.36
0.00	-0.00	3.18	0.00	8.36
0.00	-0.00	3.18	-0.00	8.36
0.00	-0.00	3.18	0.01	8.36
0.00	-0.00	3.18	-0.00	8.36
0.00	-0.00	3.18	0.00	8.36
0.00	-0.00	3.18	-0.01	8.36
0.00	-0.00	3.18	0.01	8.36
0.00	-0.00	3.18	0.00	8.36
0.00	-0.00	3.18	-0.01	8.36
0.00	-0.00	3.18	-0.00	8.36
0.00	-0.00	3.18	0.00	8.36
0.00	-0.00	3.18	0.00	8.36
0.00	-0.00	3.18	-0.01	8.36
0.00	-0.00	3.18	0.00	8.36
0.00	-0.00	3.18	0.01	8.36
0.00	-0.00	3.18	-0.01	8.36
0.00	-0.00	3.18	-0.00	8.36
0.00	-0.00	3.18	0.03	8.36
0.00	-0.00	3.18	-0.02	8.36
0.00	-0.00	3.18	-0.01	8.36
0.00	-0.00	3.18	-0.02	8.36
0.00	-0.00	3.18	0.03	8.36
0.00	-0.00	3.18	-0.00	8.36
0.00	-0.00	3.18	0.00	8.36
0.00	-0.00	3.18	0.00	8.36
0.00	-0.00	3.18	0.00	8.36
0.00	-0.00	3.18	-0.05	8.36
0.00	-0.00	3.18	0.05	8.36
0.00	-0.00	3.18	0.00	8.36
0.00	-0.00	3.18	0.00	8.36
0.00	-0.00	3.18	-0.01	8.36
0.00	-0.00	3.18	0.00	8.36
0.00	-0.00	3.18	0.00	8.36
0.00	-0.00	3.18	0.00	8.36
0.00	-0.00	3.18	0.00	8.36
0.00	-0.00	3.18	0.01	8.36
0.00	-0.00	3.18	-0.01	8.36
0.00	-0.00	3.18	0.13	8.36
0.00	-0.00	3.18	0.01	8.36
0.00	-0.00	3.18	0.00	8.36
0.00	-0.00	3.19	0.00	8.36
0.00	-0.00	3.19	0.13	8.36
0.00	-0.00	3.19	0.00	8.36
0.00	-0.00	3.19	0.02	8.36
0.00	-0.00	3.19	0.00	8.36
0.00	-0.00	3.18	0.00	8.36
0.00	-0.00	3.18	-0.13	8.36
0.00	-0.00	3.18	-0.15	8.36
0.00	-0.00	3.17	-0.15	8.36
0.00	-0.00	3.17	-0.15	8.36
0.00	-0.00	3.16	-0.29	8.36
0.00	-0.00	3.16	-0.16	8.36
0.00	-0.00	3.16	-0.16	8.36
0.00	-0.00	3.16	-0.02	8.36
0.00	-0.00	3.16	-0.01	8.36
0.00	-0.00	3.16	0.01	8.36
0.00	-0.00	3.16	-0.02	8.36
0.00	-0.00	3.17	0.14	8.36
0.00	-0.00	3.18	0.15	8.36
0.00	-0.00	3.18	0.38	8.36
0.00	-0.00	3.18	0.09	8.36
0.00	-0.00	3.19	0.28	8.36
0.00	-0.00	3.19	0.17	8.36
0.00	-0.00	3.19	0.15	8.36
0.00	-0.00	3.19	0.16	8.36
0.00	-0.00	3.19	0.03	8.36
0.00	-0.00	3.19	-0.01	8.36
0.00	-0.00	3.19	-0.00	8.36
0.00	-0.00	3.19	-0.00	8.36
0.00	-0.00	3.18	-0.13	8.36
0.00	-0.00	3.18	-0.28	8.36
0.00	-0.00	3.17	-0.12	8.36
0.00	-0.00	3.17	-0.33	8.36
0.00	-0.00	3.17	-0.18	8.36
0.00	-0.00	3.17	-0.23	8.36
0.00	-0.00	3.16	0.04	8.36
0.00	-0.00	3.16	-0.12	8.36
0.00	-0.00	3.16	-0.01	8.36
0.00	-0.00	3.16	-0.01	8.36
0.00	-0.00	3.16	0.00	8.36
0.00	-0.00	3.16	-0.07	8.36
0.00	-0.00	3.16	0.05	8.36
0.00	-0.00	3.17	0.01	8.36
0.00	-0.00	3.17	0.20	8.36
0.00	-0.00	3.17	-0.04	8.36
0.00	-0.00	3.17	0.12	8.36
0.00	-0.00	3.17	0.02	8.36
0.00	-0.00	3.17	0.00	8.36
0.00	-0.00	3.17	0.13	8.36
0.00	-0.00	3.17	0.03	8.36
0.00	-0.00	3.17	0.00	8.36
0.00	-0.00	3.17	-0.00	8.36
0.00	-0.00	3.17	-0.00	8.36
0.00	-0.00	3.17	-0.00	8.36
0.00	-0.00	3.17	0.00	8.36
0.00	-0.00	3.16	-0.27	8.36
0.00	-0.00	3.16	-0.17	8.36
0.00	-0.00	3.15	-0.29	8.36
0.00	-0.00	3.15	-0.17	8.36
0.00	-0.00	3.15	-0.16	8.36
0.00	-0.00	3.15	-0.15	8.36
0.00	-0.00	3.15	-0.02	8.36
0.00	-0.00	3.15	-0.14	8.36
0.00	-0.00	3.14	-0.02	8.36
0.00	-0.00	3.14	-0.14	8.36
0.00	-0.00	3.13	-0.15	8.36
0.00	-0.00	3.12	-0.42	8.36
0.00	-0.00	3.11	-0.46	8.36
0.00	-0.00	3.10	-0.46	8.36
0.00	-0.00	3.09	-0.59	8.36
0.00	-0.00	3.09	-0.47	8.36
0.00	-0.00	3.09	-0.26	8.36
0.00	-0.00	3.09	0.02	8.36
0.00	-0.00	3.10	0.26	8.36
0.00	-0.00	3.11	0.32	8.36
0.00	-0.00	3.11	0.28	8.36
0.00	-0.00	3.11	0.18	8.36
0.00	-0.00	3.12	0.28	8.36
0.00	-0.00	3.12	0.18	8.36
0.00	-0.00	3.12	0.15	8.36
0.00	-0.00	3.12	0.06	8.36
0.00	-0.00	3.12	-0.03	8.36
0.00	-0.00	3.12	-0.00	8.36
0.00	-0.00	3.12	-0.04	8.36
0.00	-0.00	3.12	0.03	8.36
0.00	-0.00	3.12	0.01	8.36
0.00	-0.00	3.12	0.01	8.36
0.00	-0.00	3.12	-0.13	8.36
0.00	-0.00	3.12	-0.03	8.36
0.00	-0.00	3.12	-0.00	8.36
0.00	-0.00	3.12	0.00	8.36
0.00	-0.00	3.12	0.00	8.36
0.00	-0.00	3.12	0.00	8.36
0.00	-0.00	3.12	0.01	8.36
0.00	-0.00	3.12	-0.01	8.36
0.00	-0.00	3.12	-0.01	8.36
0.00	-0.00	3.12	0.00	8.36
0.00	-0.00	3.12	0.13	8.36
0.00	-0.00	3.12	0.07	8.36
0.00	-0.00	3.12	-0.04	8.36
0.00	-0.00	3.12	-0.01	8.36
0.00	-0.00	3.12	0.00	8.36
0.00	-0.00	3.12	0.00	8.36
0.00	-0.00	3.12	0.00	8.36
0.00	-0.00	3.11	-0.26	8.36
0.00	-0.00	3.11	-0.18	8.36
0.00	-0.00	3.10	-0.15	8.36
0.00	-0.00	3.10	-0.29	8.36
0.00	-0.00	3.09	-0.30	8.36
0.00	-0.00	3.08	-0.30	8.36
0.00	-0.00	3.08	-0.31	8.36
0.00	-0.00	3.07	-0.31	8.36
0.00	-0.00	3.07	-0.31	8.36
0.00	-0.00	3.06	-0.17	8.36
0.00	-0.00	3.06	-0.31	8.36
0.00	-0.00	3.05	-0.14	8.36
0.00	0.00	3.05	-0.29	8.36
0.00	0.00	3.04	-0.14	8.36
0.00	0.00	3.04	-0.32	8.36
0.00	0.00	3.04	-0.04	8.36
0.00	0.00	3.04	-0.14	8.36
0.00	0.00	3.04	-0.15	8.36
0.00	0.00	3.04	-0.02	8.36
0.00	0.00	3.04	0.02	8.36
0.00	0.00	3.04	-0.01	8.36
0.00	0.00	3.04	0.00	8.36
0.00	0.00	3.04	-0.01	8.36
0.00	0.00	3.04	0.01	8.36
0.00	0.00	3.04	0.14	8.36
0.00	0.00	3.04	0.03	8.36
0.00	0.00	3.05	0.13	8.36
0.00	0.00	3.05	0.15	8.36
0.00	0.00	3.06	0.28	8.36
0.00	0.00	3.06	0.18	8.36
0.00	0.00	3.06	0.16	8.36
0.00	0.00	3.07	0.15	8.36
0.00	0.00	3.07	0.16	8.36
0.00	0.00	3.07	0.15	8.36
0.00	0.00	3.08	0.14	8.36
0.00	0.00	3.08	0.17	8.36
0.00	0.00	3.08	0.15	8.36
0.00	0.00	3.08	0.16	8.36
0.00	0.00	3.08	0.16	8.36
0.00	0.00	3.09	0.02	8.36
0.00	0.00	3.09	0.13	8.36
0.00	0.00	3.09	0.02	8.36
0.00	0.00	3.09	0.02	8.36
0.00	0.00	3.09	-0.01	8.36
0.00	0.00	3.09	-0.01	8.36
0.00	0.00	3.09	0.00	8.36
0.00	0.00	3.09	-0.00	8.36
0.00	0.00	3.09	-0.00	8.36
0.00	0.00	3.09	0.01	8.36
0.00	0.00	3.09	-0.00	8.36
0.00	0.00	3.08	0.03	8.36
0.00	0.00	3.08	-0.16	8.36
0.00	0.00	3.08	-0.02	8.36
0.00	0.00	3.08	-0.14	8.36
0.00	0.00	3.08	-0.02	8.36
0.00	0.00	3.08	-0.00	8.36
0.00	0.00	3.08	0.07	8.36
0.00	0.00	3.08	-0.05	8.36
0.00	0.00	3.08	-0.01	8.36
0.00	0.00	3.08	-0.07	8.36
0.00	0.00	3.08	0.06	8.36
0.00	0.00	3.08	0.01	8.36
0.00	0.00	3.08	0.00	8.36
0.00	0.00	3.08	-0.00	8.36
0.00	0.00	3.08	-0.13	8.36
0.00	0.00	3.08	-0.06	8.36
0.00	0.00	3.08	0.03	8.36
0.00	0.00	3.08	0.00	8.36
0.00	0.00	3.08	0.01	8.36
0.00	0.00	3.08	-0.14	8.36
0.00	0.00	3.07	-0.02	8.36
0.00	0.00	3.07	-0.01	8.36
0.00	0.00	3.07	0.00	8.36
0.00	0.00	3.08	0.00	8.36
0.00	0.00	3.07	0.03	8.36
0.00	0.00	3.07	-0.15	8.36
0.00	0.00	3.07	-0.03	8.36
0.00	0.00	3.07	0.00	8.36
0.00	0.00	3.07	0.01	8.36
0.00	0.00	3.07	-0.00	8.36
0.00	0.00	3.07	-0.00	8.36
0.00	0.00	3.07	-0.00	8.36
0.00	0.00	3.07	-0.00	8.36
0.00	0.00	3.07	-0.01	8.36
0.00	0.00	3.07	0.01	8.36
0.00	0.00	3.07	-0.00	8.36
0.00	0.00	3.07	-0.00	8.36
0.00	0.00	3.07	-0.00	8.36
0.00	0.00	3.07	0.00	8.36
0.00	0.00	3.07	-0.05	8.36
0.00	0.00	3.07	0.04	8.36
0.00	0.00	3.07	0.01	8.36
0.00	0.00	3.07	0.02	8.36
0.00	0.00	3.07	-0.02	8.36
0.00	0.00	3.07	-0.00	8.36
0.00	0.00	3.07	-0.00	8.36
0.00	0.00	3.07	0.00	8.36
0.00	0.00	3.07	-0.00	8.36
0.00	0.00	3.07	-0.00	8.36
0.00	0.00	3.07	-0.00	8.36
0.00	0.00	3.07	0.00	8.36
0.00	0.00	3.07	-0.00	8.36
0.00	0.00	3.07	-0.00	8.36
0.00	0.00	3.07	0.00	8.36
0.00	0.00	3.07	-0.00	8.36
0.00	0.00	3.07	-0.00	8.36
0.00	0.00	3.07	0.00	8.36
0.00	0.00	3.07	0.00	8.36
0.00	0.00	3.07	-0.14	8.36
0.00	0.00	3.07	-0.02	8.36
0.00	0.00	3.07	0.01	8.36
0.00	0.00	3.07	-0.01	8.36
0.00	0.00	3.07	0.00	8.36
0.00	0.00	3.07	-0.04	8.36
0.00	0.00	3.07	0.04	8.36
0.00	0.00	3.07	0.00	8.36
0.00	0.00	3.07	0.00	8.36
0.00	0.00	3.07	-0.00	8.36
0.00	0.00	3.07	-0.00	8.36
0.00	0.00	3.07	0.00	8.36
0.00	0.00	3.07	0.00	8.36
0.00	0.00	3.07	-0.01	8.36
0.00	0.00	3.07	0.00	8.36
0.00	0.00	3.07	0.00	8.36
0.00	0.00	3.07	-0.00	8.36
0.00	0.00	3.07	-0.00	8.36
0.00	0.00	3.07	-0.00	8.36
0.00	0.00	3.07	-0.00	8.36
0.00	0.00	3.07	0.02	8.36
0.00	0.00	3.07	-0.02	8.36
0.00	0.00	3.06	-0.13	8.36
0.00	0.00	3.07	-0.05	8.36
0.00	0.00	3.07	0.03	8.36
0.00	0.00	3.06	0.01	8.36
0.00	0.00	3.06	-0.12	8.36
0.00	0.00	3.06	-0.03	8.36
0.00	0.00	3.06	-0.00	8.36
0.00	0.00	3.06	-0.04	8.36
0.00	0.00	3.06	0.03	8.36
0.00	0.00	3.06	0.01	8.36
0.00	0.00	3.06	-0.00	8.36
0.00	0.00	3.06	0.01	8.36
0.00	0.00	3.06	-0.01	8.36
0.00	0.00	3.06	-0.03	8.36
0.00	0.00	3.06	0.03	8.36
0.00	0.00	3.06	0.00	8.36
0.00	0.00	3.06	0.01	8.36
0.00	0.00	3.06	-0.00	8.36
0.00	0.00	3.06	-0.00	8.36
0.00	0.00	3.06	-0.04	8.36
0.00	0.00	3.06	0.03	8.36
0.00	0.00	3.06	0.01	8.36
0.00	0.00	3.06	-0.00	8.36
0.00	0.00	3.06	-0.00	8.36
0.00	0.00	3.06	0.01	8.36
0.00	0.00	3.06	-0.00	8.36
0.00	0.00	3.06	-0.11	8.36
0.00	0.00	3.06	0.09	8.36
0.00	0.00	3.06	0.01	8.36
0.00	0.00	3.06	0.06	8.36
0.00	0.00	3.06	-0.05	8.36
0.00	0.00	3.06	-0.01	8.36
0.00	0.00	3.06	0.00	8.36
0.00	0.00	3.06	0.00	8.36
0.00	0.00	3.06	0.01	8.36
0.00	0.00	3.06	0.01	8.36
0.00	0.00	3.06	-0.01	8.36
0.00	0.00	3.06	-0.01	8.36
0.00	0.00	3.06	0.00	8.36
0.00	0.00	3.06	0.00	8.36
0.00	0.00	3.06	-0.00	8.36
0.00	0.00	3.06	0.00	8.36
0.00	0.00	3.06	0.00	8.36
0.00	0.00	3.06	-0.00	8.36
0.00	0.00	3.06	-0.00	8.36
0.00	0.00	3.06	0.00	8.36
0.00	0.00	3.06	-0.00	8.36
0.00	0.00	3.06	0.00	8.36
0.00	0.00	3.06	-0.00	8.36
0.00	0.00	3.06	-0.00	8.36
0.00	0.00	3.06	-0.00	8.36
0.00	0.00	3.06	-0.04	8.36
0.00	0.00	3.06	0.04	8.36
0.00	0.00	3.06	0.00	8.36
0.00	0.00	3.06	0.02	8.36
0.00	0.00	3.06	-0.02	8.36
0.00	0.00	3.06	-0.00	8.36
0.00	0.00	3.06	-0.01	8.36
0.00	0.00	3.06	0.01	8.36
0.00	0.00	3.06	-0.01	8.36
0.00	0.00	3.06	0.02	8.36
0.00	0.00	3.06	-0.02	8.36
0.00	0.00	3.06	-0.00	8.36
0.00	0.00	3.06	-0.03	8.36
0.00	0.00	3.06	0.03	8.36
0.00	0.00	3.06	0.01	8.36
0.00	0.00	3.06	0.01	8.36
0.00	0.00	3.06	-0.01	8.36
0.00	0.00	3.06	0.00	8.36
0.00	0.00	3.06	-0.01	8.36
0.00	0.00	3.06	0.00	8.36
0.00	0.00	3.06	0.01	8.36
0.00	0.00	3.06	0.01	8.36
0.00	0.00	3.06	-0.01	8.36
0.00	0.00	3.06	0.01	8.36
0.00	0.00	3.06	-0.00	8.36
0.00	0.00	3.06	-0.01	8.36
0.00	0.00	3.06	-0.00	8.36
0.00	0.00	3.06	0.00	8.36
0.00	0.00	3.06	-0.00	8.36
0.00	0.00	3.06	0.00	8.36
0.00	0.00	3.06	0.00	8.36
0.00	0.00	3.06	0.00	8.36
0.00	0.00	3.06	0.00	8.36
0.00	0.00	3.06	-0.00	8.36
0.00	0.00	3.06	-0.00	8.36
0.00	0.00	3.06	-0.00	8.36
0.00	0.00	3.06	0.00	8.36
0.00	0.00	3.07	0.00	8.36
0.00	0.00	3.07	0.13	8.36
0.00	0.00	3.07	0.02	8.36
0.00	0.00	3.07	0.00	8.36
0.00	0.00	3.07	0.00	8.36
0.00	0.00	3.07	0.00	8.36
0.00	0.00	3.07	0.00	8.36
0.00	0.00	3.07	0.00	8.36
0.00	0.00	3.07	-0.00	8.36
0.00	0.00	3.07	0.01	8.36
0.00	0.00	3.07	-0.00	8.36
0.00	0.00	3.07	-0.01	8.36
0.00	0.00	3.07	0.00	8.36
0.00	0.00	3.07	0.00	8.36
0.00	0.00	3.07	-0.00	8.36
0.00	0.00	3.07	0.00	8.36
0.00	0.00	3.07	0.00	8.36
0.00	0.00	3.07	0.00	8.36
0.00	0.00	3.07	-0.01	8.36
0.00	0.00	3.07	-0.00	8.36
0.00	0.00	3.07	0.00	8.36
0.00	0.00	3.07	0.02	8.36
0.00	0.00	3.07	-0.01	8.36
0.00	0.00	3.07	-0.00	8.36
0.00	0.00	3.07	-0.00	8.36
0.00	0.00	3.07	-0.00	8.36
0.00	0.00	3.07	0.00	8.36
0.00	0.00	3.07	0.07	8.36
0.00	0.00	3.07	-0.05	8.36
0.00	0.00	3.07	-0.01	8.36
0.00	0.00	3.07	0.00	8.36
0.00	0.00	3.07	-0.00	8.36
0.00	0.00	3.07	-0.00	8.36
0.00	0.00	3.07	0.03	8.36
0.00	0.00	3.07	-0.03	8.36
0.00	0.00	3.07	-0.00	8.36
0.00	0.00	3.07	-0.01	8.36
0.00	0.00	3.07	0.01	8.36
0.00	0.00	3.07	0.01	8.36
0.00	0.00	3.07	0.01	8.36
0.00	0.00	3.07	-0.01	8.36
0.00	0.00	3.07	0.00	8.36
0.00	0.00	3.07	0.01	8.36
0.00	0.00	3.07	-0.01	8.36
0.00	0.00	3.07	-0.00	8.36
0.00	0.00	3.07	-0.00	8.36
0.00	0.00	3.07	-0.00	8.36
0.00	0.00	3.07	0.00	8.36
0.00	0.00	3.07	-0.01	8.36
0.00	0.00	3.07	0.00	8.36
0.00	0.00	3.07	0.00	8.36
0.00	0.00	3.07	0.00	8.36
0.00	0.00	3.07	0.00	8.36
0.00	0.00	3.07	0.01	8.36
0.00	0.00	3.07	-0.01	8.36
0.00	0.00	3.07	-0.00	8.36
0.00	0.00	3.07	0.00	8.36
0.00	0.00	3.07	-0.01	8.36
0.00	0.00	3.07	0.01	8.36
0.00	0.00	3.07	0.00	8.36
0.00	0.00	3.07	0.00	8.36
0.00	0.00	3.06	-0.01	8.36
0.00	0.00	3.06	-0.13	8.36
0.00	0.00	3.06	-0.15	8.36
0.00	0.00	3.06	-0.15	8.36
0.00	0.00	3.05	-0.02	8.36
0.00	0.00	3.05	-0.14	8.36
0.00	0.00	3.04	-0.28	8.36
0.00	0.00	3.04	-0.17	8.36
0.00	0.00	3.04	-0.16	8.36
0.00	0.00	3.04	-0.15	8.36
0.00	0.00	3.04	-0.02	8.36
0.00	0.00	3.04	-0.01	8.36
0.00	0.00	3.04	0.01	8.36
0.00	0.00	3.04	-0.00	8.36
0.00	0.00	3.04	0.00	8.36
0.00	0.00	3.04	0.03	8.36
0.00	0.00	3.04	0.11	8.36
0.00	0.00	3.05	0.15	8.36
0.00	0.00	3.05	0.13	8.36
0.00	0.00	3.05	0.17	8.36
0.00	0.00	3.05	0.15	8.36
0.00	0.00	3.06	0.03	8.36
0.00	0.00	3.06	0.13	8.36
0.00	0.00	3.06	0.02	8.36
0.00	0.00	3.06	-0.02	8.36
0.00	0.00	3.06	0.02	8.36
0.00	0.00	3.05	-0.00	8.36
0.00	0.00	3.05	-0.13	8.36
0.00	0.00	3.05	-0.15	8.36
0.00	0.00	3.04	-0.15	8.36
0.00	0.00	3.04	-0.16	8.36
0.00	0.00	3.04	-0.29	8.36
0.00	0.00	3.03	-0.16	8.36
0.00	0.00	3.03	-0.16	8.36
0.00	0.00	3.03	-0.03	8.36
0.00	0.00	3.03	-0.13	8.36
0.00	0.00	3.03	-0.02	8.36
0.00	0.00	3.03	-0.01	8.36
0.00	0.00	3.03	0.01	8.36
0.00	0.00	3.03	-0.00	8.36
0.00	0.00	3.03	0.06	8.36
0.00	0.00	3.03	-0.05	8.36
0.00	0.00	3.03	0.13	8.36
0.00	0.00	3.03	0.02	8.36
0.00	0.00	3.03	0.01	8.36
0.00	0.00	3.03	-0.00	8.36
0.00	0.00	3.03	0.00	8.36
0.00	0.00	3.04	0.00	8.36
0.00	0.00	3.03	0.13	8.36
0.00	0.00	3.04	0.01	8.36
0.00	0.00	3.04	0.01	8.36
0.00	0.00	3.04	0.00	8.36
0.00	0.00	3.04	0.03	8.36
0.00	0.00	3.04	-0.03	8.36
0.00	0.00	3.03	-0.00	8.36
0.00	0.00	3.04	-0.08	8.36
0.00	0.00	3.04	0.20	8.36
0.00	0.00	3.04	0.03	8.36
0.00	0.00	3.04	0.15	8.36
0.00	0.00	3.04	0.01	8.36
0.00	0.00	3.05	0.14	8.36
0.00	0.00	3.05	0.13	8.36
0.00	0.00	3.05	0.03	8.36
0.00	0.00	3.05	0.14	8.36
0.00	0.00	3.05	0.05	8.36
0.00	0.00	3.05	0.11	8.36
0.00	0.00	3.06	0.02	8.36
0.00	0.00	3.06	0.11	8.36
0.00	0.00	3.06	0.18	8.36
0.00	0.00	3.06	0.01	8.36
0.00	0.00	3.07	0.14	8.36
0.00	0.00	3.07	0.15	8.36
0.00	0.00	3.08	0.28	8.36
0.00	0.00	3.08	0.18	8.36
0.00	0.00	3.08	0.16	8.36
0.00	0.00	3.08	0.02	8.36
0.00	0.00	3.08	0.00	8.36
0.00	0.00	3.08	-0.00	8.36
0.00	0.00	3.08	0.01	8.36
0.00	0.00	3.08	-0.01	8.36
0.00	0.00	3.08	-0.00	8.36
0.00	0.00	3.07	0.00	8.36
0.00	0.00	3.07	-0.13	8.36
0.00	0.00	3.07	-0.15	8.36
0.00	0.00	3.07	-0.02	8.36
0.00	0.00	3.07	-0.14	8.36
0.00	0.00	3.07	-0.02	8.36
0.00	0.00	3.07	0.00	8.36
0.00	0.00	3.07	-0.00	8.36
0.00	0.00	3.07	-0.00	8.36
0.00	0.00	3.07	0.14	8.36
0.00	0.00	3.08	0.15	8.36
0.00	0.00	3.09	0.29	8.36
0.00	0.00	3.09	0.30	8.36
0.00	0.00	3.10	0.18	8.36
0.00	0.00	3.10	0.29	8.36
0.00	0.00	3.11	0.30	8.36
0.00	0.00	3.12	0.31	8.36
0.00	0.00	3.12	0.45	8.36
0.00	0.00	3.13	0.32	8.36
0.00	0.00	3.14	0.31	8.36
0.00	0.00	3.14	0.30	8.36
0.00	0.00	3.15	0.17	8.36
0.00	0.00	3.15	0.29	8.36
0.00	0.00	3.15	0.17	8.36
0.00	0.00	3.16	0.29	8.36
0.00	0.00	3.16	0.17	8.36
0.00	0.00	3.16	0.03	8.36
0.00	0.00	3.16	0.14	8.36
0.00	0.00	3.16	0.01	8.36
0.00	0.00	3.16	-0.00	8.36
0.00	0.00	3.16	0.01	8.36
0.00	0.00	3.16	-0.01	8.36
0.00	0.00	3.16	0.01	8.36
0.00	0.00	3.15	-0.14	8.36
0.00	0.00	3.15	-0.15	8.36
0.00	0.00	3.15	-0.16	8.36
0.00	0.00	3.14	-0.15	8.36
0.00	0.00	3.14	-0.29	8.36
0.00	0.00	3.14	-0.18	8.36
0.00	0.00	3.13	-0.15	8.36
0.00	0.00	3.13	-0.29	8.36
0.00	0.00	3.12	-0.18	8.36
0.00	0.00	3.12	-0.15	8.36
0.00	0.00	3.11	-0.30	8.36
0.00	0.00	3.11	-0.16	8.36
0.00	0.00	3.11	-0.16	8.36
0.00	0.00	3.11	-0.15	8.36
0.00	0.00	3.10	-0.16	8.36
0.00	0.00	3.10	-0.15	8.36
0.00	0.00	3.10	-0.03	8.36
0.00	0.00	3.10	0.01	8.36
0.00	0.00	3.10	-0.14	8.36
0.00	0.00	3.10	-0.02	8.36
0.00	0.00	3.10	-0.00	8.36
0.00	0.00	3.10	0.00	8.36
0.00	0.00	3.10	-0.00	8.36
0.00	0.00	3.10	0.00	8.36
0.00	0.00	3.10	0.00	8.36
0.00	0.00	3.10	0.00	8.36
0.00	0.00	3.11	0.13	8.36
0.00	0.00	3.11	0.15	8.36
0.00	0.00	3.11	0.16	8.36
0.00	0.00	3.11	0.15	8.36
0.00	0.00	3.12	0.16	8.36
0.00	0.00	3.12	0.15	8.36
0.00	0.00	3.12	0.02	8.36
0.00	0.00	3.12	0.01	8.36
0.00	0.00	3.12	0.00	8.36
0.00	0.00	3.12	0.00	8.36
0.00	0.00	3.12	-0.00	8.36
0.00	0.00	3.12	-0.00	8.36
0.00	0.00	3.12	-0.01	8.36
0.00	0.00	3.12	0.02	8.36
0.00	0.00	3.12	-0.00	8.36
0.00	0.00	3.12	-0.00	8.36
0.00	0.00	3.12	0.00	8.36
0.00	0.00	3.12	-0.01	8.36
0.00	0.00	3.12	-0.02	8.36
0.00	0.00	3.12	0.02	8.36
0.00	0.00	3.12	0.00	8.36
0.00	0.00	3.12	0.00	8.36
0.00	0.00	3.12	0.00	8.36
0.00	0.00	3.12	-0.01	8.36
0.00	0.00	3.12	-0.05	8.36
0.00	0.00	3.12	0.04	8.36
0.00	0.00	3.12	0.01	8.36
0.00	0.00	3.11	-0.11	8.36
0.00	0.00	3.11	-0.04	8.36
0.00	0.00	3.11	-0.00	8.36
0.00	0.00	3.11	0.00	8.36
0.00	0.00	3.11	0.00	8.36
0.00	0.00	3.12	0.00	8.36
0.00	0.00	3.11	0.00	8.36
0.00	0.00	3.11	-0.00	8.36
0.00	0.00	3.12	-0.00	8.36
0.00	0.00	3.12	0.00	8.36
0.00	0.00	3.11	0.00	8.36
0.00	0.00	3.11	-0.01	8.36
0.00	0.00	3.11	-0.13	8.36
0.00	0.00	3.11	-0.02	8.36
0.00	0.00	3.11	-0.01	8.36
0.00	0.00	3.11	0.01	8.36
0.00	0.00	3.11	-0.13	8.36
0.00	0.00	3.11	-0.02	8.36
0.00	0.00	3.11	0.00	8.36
0.00	0.00	3.11	-0.00	8.36
0.00	0.00	3.11	0.00	8.36
0.00	0.00	3.11	0.00	8.36
0.00	0.00	3.11	-0.00	8.36
0.00	0.00	3.11	-0.00	8.36
0.00	0.00	3.11	-0.00	8.36
0.00	0.00	3.11	0.01	8.36
0.00	0.00	3.11	-0.00	8.36
0.00	0.00	3.11	-0.00	8.36
0.00	0.00	3.11	0.00	8.36
0.00	0.00	3.11	-0.00	8.36
0.00	0.00	3.11	0.01	8.36
0.00	0.00	3.11	0.01	8.36
0.00	0.00	3.11	-0.01	8.36
0.00	0.00	3.11	-0.00	8.36
0.00	0.00	3.11	-0.01	8.36
0.00	0.00	3.11	0.00	8.36
0.00	0.00	3.11	0.00	8.36
0.00	0.00	3.11	0.00	8.36
0.00	0.00	3.11	0.01	8.36
0.00	0.00	3.11	-0.01	8.36
0.00	0.00	3.11	-0.01	8.36
0.00	0.00	3.11	-0.00	8.36
0.00	0.00	3.11	0.01	8.36
0.00	0.00	3.11	0.00	8.36
0.00	0.00	3.11	-0.00	8.36
0.00	0.00	3.11	-0.00	8.36
0.00	0.00	3.11	-0.03	8.36
0.00	0.00	3.11	0.02	8.36
0.00	0.00	3.11	0.01	8.36
0.00	0.00	3.11	-0.00	8.36
0.00	0.00	3.11	0.00	8.36
0.00	0.00	3.11	-0.01	8.36
0.00	0.00	3.11	0.00	8.36
0.00	0.00	3.11	0.01	8.36
0.00	0.00	3.11	-0.00	8.36
0.00	0.00	3.11	0.00	8.36
0.00	0.00	3.11	-0.01	8.36
0.00	0.00	3.11	-0.00	8.36
0.00	0.00	3.11	0.00	8.36
0.00	0.00	3.11	-0.00	8.36
0.00	0.00	3.11	0.13	8.36
0.00	0.00	3.11	0.02	8.36
0.00	0.00	3.11	0.00	8.36
0.00	0.00	3.11	-0.00	8.36
0.00	0.00	3.12	0.14	8.36
0.00	0.00	3.11	0.03	8.36
0.00	0.00	3.11	-0.00	8.36
0.00	0.00	3.11	-0.00	8.36
0.00	0.00	3.11	-0.00	8.36
0.00	0.00	3.11	0.01	8.36
0.00	0.00	3.12	0.00	8.36
0.00	0.00	3.12	0.13	8.36
0.00	0.00	3.12	0.02	8.36
0.00	0.00	3.12	0.00	8.36
0.00	0.00	3.12	0.01	8.36
0.00	0.00	3.12	-0.00	8.36
0.00	0.00	3.12	-0.00	8.36
0.00	0.00	3.12	-0.00	8.36
0.00	0.00	3.12	0.00	8.36
0.00	0.00	3.12	-0.00	8.36
0.00	0.00	3.12	0.01	8.36
0.00	0.00	3.12	-0.01	8.36
0.00	0.00	3.12	-0.00	8.36
0.00	0.00	3.12	-0.04	8.36
0.00	0.00	3.12	0.04	8.36
0.00	0.00	3.12	0.00	8.36
0.00	0.00	3.12	0.01	8.36
0.00	0.00	3.12	-0.01	8.36
0.00	0.00	3.12	0.01	8.36
0.00	0.00	3.12	-0.02	8.36
0.00	0.00	3.12	0.02	8.36
0.00	0.00	3.12	0.00	8.36
0.00	0.00	3.12	0.03	8.36
0.00	0.00	3.12	-0.03	8.36
0.00	0.00	3.12	0.00	8.36
0.00	0.00	3.12	-0.01	8.36
0.00	0.00	3.12	0.01	8.36
0.00	0.00	3.12	-0.00	8.36
0.00	0.00	3.12	-0.01	8.36
0.00	0.00	3.12	-0.01	8.36
0.00	0.00	3.12	0.01	8.36
0.00	0.00	3.12	0.00	8.36
0.00	0.00	3.12	0.00	8.36
0.00	0.00	3.12	-0.01	8.36
0.00	0.00	3.12	0.00	8.36
0.00	0.00	3.12	-0.00	8.36
0.00	0.00	3.12	0.00	8.36
0.00	0.00	3.12	-0.00	8.36
0.00	0.00	3.12	-0.00	8.36
0.00	0.00	3.12	0.01	8.36
0.00	0.00	3.12	0.00	8.36
0.00	0.00	3.12	0.00	8.36
0.00	0.00	3.12	-0.01	8.36
0.00	0.00	3.12	0.00	8.36
0.00	0.00	3.12	-0.00	8.36
0.00	0.00	3.12	-0.00	8.36
0.00	0.00	3.12	0.00	8.36
0.00	0.00	3.12	0.01	8.36
0.00	0.00	3.12	-0.00	8.36
0.00	0.00	3.12	0.00	8.36
0.00	0.00	3.12	-0.07	8.36
0.00	0.00	3.12	0.06	8.36
0.00	0.00	3.12	0.01	8.36
0.00	0.00	3.12	0.00	8.36
0.00	0.00	3.12	-0.01	8.36
0.00	0.00	3.12	0.01	8.36
0.00	0.00	3.12	-0.01	8.36
0.00	0.00	3.12	0.00	8.36
0.00	0.00	3.12	0.01	8.36
0.00	0.00	3.12	0.01	8.36
0.00	0.00	3.12	-0.00	8.36
0.00	0.00	3.12	-0.00	8.36
0.00	0.00	3.12	-0.01	8.36
0.00	0.00	3.12	0.00	8.36
0.00	0.00	3.12	0.00	8.36
0.00	0.00	3.12	0.06	8.36
0.00	0.00	3.12	-0.04	8.36
0.00	0.00	3.12	-0.02	8.36
0.00	0.00	3.12	-0.00	8.36
0.00	0.00	3.12	-0.01	8.36
0.00	0.00	3.12	0.00	8.36
0.00	0.00	3.12	0.00	8.36
0.00	0.00	3.12	-0.00	8.36
0.00	0.00	3.12	-0.00	8.36
0.00	0.00	3.12	-0.00	8.36
0.00	0.00	3.12	0.01	8.36
0.00	0.00	3.12	-0.00	8.36
0.00	0.00	3.12	-0.00	8.36
0.00	0.00	3.12	0.00	8.36
0.00	0.00	3.12	-0.01	8.36
0.00	0.00	3.12	0.00	8.36
0.00	0.00	3.12	0.00	8.36
0.00	0.00	3.12	0.00	8.36
0.00	0.00	3.12	-0.00	8.36
0.00	0.00	3.12	-0.00	8.36
0.00	0.00	3.12	0.00	8.36
0.00	0.00	3.12	-0.00	8.36
0.00	0.00	3.12	0.01	8.36
0.00	0.00	3.12	-0.01	8.36
0.00	0.00	3.12	0.01	8.36
0.00	0.00	3.12	0.00	8.36
0.00	0.00	3.12	-0.00	8.36
0.00	0.00	3.12	0.00	8.36
0.00	0.00	3.12	-0.00	8.36
0.00	0.00	3.12	-0.00	8.36
0.00	0.00	3.12	-0.00	8.36
0.00	0.00	3.12	0.02	8.36
0.00	0.00	3.12	-0.02	8.36
0.00	0.00	3.12	-0.00	8.36
0.00	0.00	3.12	-0.00	8.36
0.00	0.00	3.12	0.01	8.36
0.00	0.00	3.12	-0.01	8.36
0.00	0.00	3.12	0.03	8.36
0.00	0.00	3.12	-0.01	8.36
0.00	0.00	3.12	-0.01	8.36
0.00	0.00	3.12	-0.00	8.36
0.00	0.00	3.12	0.00	8.36
0.00	0.00	3.12	0.00	8.36
0.00	0.00	3.12	-0.00	8.36
0.00	0.00	3.12	-0.01	8.36
0.00	0.00	3.12	0.01	8.36
0.00	0.00	3.12	-0.01	8.36
0.00	0.00	3.12	0.01	8.36
0.00	0.00	3.12	0.01	8.36
0.00	0.00	3.12	-0.02	8.36
0.00	0.00	3.12	-0.00	8.36
0.00	0.00	3.12	-0.00	8.36
0.00	0.00	3.12	-0.00	8.36
0.00	0.00	3.12	0.01	8.36
0.00	0.00	3.12	-0.01	8.36
0.00	0.00	3.12	-0.00	8.36
0.00	0.00	3.12	0.01	8.36
0.00	0.00	3.12	-0.00	8.36
0.00	0.00	3.12	-0.00	8.36
0.00	0.00	3.12	-0.01	8.36
0.00	0.00	3.12	0.01	8.36
0.00	0.00	3.12	0.00	8.36
0.00	0.00	3.12	0.00	8.36
0.00	0.00	3.12	-0.00	8.36
0.00	0.00	3.12	0.01	8.36
0.00	0.00	3.12	-0.01	8.36
0.00	0.00	3.12	0.01	8.36
0.00	0.00	3.12	0.01	8.36
0.00	0.00	3.12	-0.01	8.36
0.00	0.00	3.12	-0.01	8.36
0.00	0.00	3.12	0.00	8.36
0.00	0.00	3.12	0.00	8.36
0.00	0.00	3.12	-0.00	8.36
0.00	0.00	3.12	0.00	8.36
0.00	0.00	3.12	0.04	8.36
0.00	0.00	3.12	-0.04	8.36
0.00	0.00	3.12	-0.01	8.36
0.00	0.00	3.12	-0.00	8.36
0.00	0.00	3.12	0.01	8.36
0.00	0.00	3.12	-0.00	8.36
0.00	0.00	3.12	-0.00	8.36
0.00	0.00	3.12	-0.00	8.36
0.00	0.00	3.12	0.01	8.36
0.00	0.00	3.12	-0.01	8.36
0.00	0.00	3.12	0.01	8.36
0.00	0.00	3.12	0.01	8.36
0.00	0.00	3.12	0.00	8.36
0.00	0.00	3.12	-0.00	8.36
0.00	0.00	3.12	-0.01	8.36
0.00	0.00	3.12	-0.00	8.36
0.00	0.00	3.12	0.00	8.36
0.00	0.00	3.12	0.00	8.36
0.00	0.00	3.12	0.00	8.36
0.00	0.00	3.12	-0.00	8.36
0.00	0.00	3.12	0.02	8.36
0.00	0.00	3.12	-0.04	8.36
0.00	0.00	3.12	0.02	8.36
0.00	0.00	3.12	0.01	8.36
0.00	0.00	3.12	0.02	8.36
0.00	0.00	3.12	-0.02	8.36
0.00	0.00	3.12	0.00	8.36
0.00	0.00	3.12	-0.01	8.36
0.00	0.00	3.12	0.01	8.36
0.00	0.00	3.12	0.00	8.36
0.00	0.00	3.12	0.01	8.36
0.00	0.00	3.12	-0.01	8.36
0.00	0.00	3.12	-0.01	8.36
0.00	0.00	3.12	-0.01	8.36
0.00	0.00	3.12	0.01	8.36
0.00	0.00	3.12	-0.00	8.36
0.00	0.00	3.12	-0.00	8.36
0.00	0.00	3.12	-0.00	8.36
0.00	0.00	3.12	-0.00	8.36
0.00	0.00	3.12	0.01	8.36
0.00	0.00	3.12	0.01	8.36
0.00	0.00	3.12	-0.00	8.36
0.00	0.00	3.12	-0.00	8.36
0.00	0.00	3.12	0.00	8.36
0.00	0.00	3.12	0.00	8.36
0.00	0.00	3.12	0.00	8.36
0.00	0.00	3.12	-0.00	8.36
0.00	0.00	3.12	-0.00	8.36
0.00	0.00	3.12	-0.00	8.36
0.00	0.00	3.12	0.01	8.36
0.00	0.00	3.12	0.12	8.36
0.00	0.00	3.12	-0.02	8.36
0.00	0.00	3.13	0.17	8.36
0.00	0.00	3.13	0.15	8.36
0.00	0.00	3.13	0.21	8.36
0.00	0.00	3.14	0.11	8.36
0.00	0.00	3.13	0.14	8.36
0.00	0.00	3.14	-0.05	8.36
0.00	0.00	3.14	0.06	8.36
0.00	0.00	3.14	0.15	8.36
0.00	0.00	3.14	0.02	8.36
0.00	0.00	3.14	0.01	8.36
0.00	0.00	3.14	-0.01	8.36
0.00	0.00	3.14	0.01	8.36
0.00	0.00	3.14	0.00	8.36
0.00	0.00	3.14	0.00	8.36
0.00	0.00	3.15	0.20	8.36
0.00	0.00	3.15	0.22	8.36
0.00	0.00	3.15	0.16	8.36
0.00	0.00	3.16	0.15	8.36
0.00	0.00	3.16	0.16	8.36
0.00	0.00	3.16	0.02	8.36
0.00	0.00	3.16	0.05	8.36
0.00	0.00	3.16	-0.05	8.36
0.00	0.00	3.16	-0.00	8.36
0.00	0.00	3.16	-0.03	8.36
0.00	0.00	3.16	0.02	8.36
0.00	0.00	3.16	-0.01	8.36
0.00	0.00	3.15	0.05	8.36
0.00	0.00	3.15	-0.17	8.36
0.00	0.00	3.15	-0.15	8.36
0.00	0.00	3.15	-0.17	8.36
0.00	0.00	3.14	-0.13	8.36
0.00	0.00	3.14	-0.14	8.36
0.00	0.00	3.14	-0.17	8.36
0.00	0.00	3.13	-0.15	8.36
0.00	0.00	3.13	-0.16	8.36
0.00	0.00	3.13	-0.15	8.36
0.00	0.00	3.13	-0.15	8.36
0.00	0.00	3.13	-0.02	8.36
0.00	0.00	3.12	-0.00	8.36
0.00	0.00	3.12	-0.14	8.36
0.00	0.00	3.12	-0.01	8.36
0.00	0.00	3.12	-0.05	8.36
0.00	0.00	3.12	0.04	8.36
0.00	0.00	3.13	0.01	8.36
0.00	0.00	3.12	0.08	8.36
0.00	0.00	3.12	-0.07	8.36
0.00	0.00	3.13	-0.00	8.36
0.00	0.00	3.13	0.09	8.36
0.00	0.00	3.13	0.04	8.36
0.00	0.00	3.13	0.14	8.36
0.00	0.00	3.13	0.15	8.36
0.00	0.00	3.14	0.02	8.36
0.00	0.00	3.14	0.15	8.36
0.00	0.00	3.14	0.09	8.36
0.00	0.00	3.14	0.08	8.36
0.00	0.00	3.14	0.14	8.36
0.00	0.00	3.15	0.04	8.36
0.00	0.00	3.15	0.12	8.36
0.00	0.00	3.15	0.01	8.36
0.00	0.00	3.15	0.13	8.36
0.00	0.00	3.15	0.03	8.36
0.00	0.00	3.15	0.01	8.36
0.00	0.00	3.15	-0.00	8.36
0.00	0.00	3.15	-0.01	8.36
0.00	0.00	3.15	-0.01	8.36
0.00	0.00	3.15	0.00	8.36
0.00	0.00	3.15	0.00	8.36
0.00	0.00	3.15	-0.01	8.36
0.00	0.00	3.15	0.01	8.36
0.00	0.00	3.15	0.00	8.36
0.00	0.00	3.15	-0.00	8.36
0.00	0.00	3.15	-0.00	8.36
0.00	0.00	3.15	0.00	8.36
0.00	0.00	3.15	0.01	8.36
0.00	0.00	3.15	0.02	8.36
0.00	0.00	3.15	-0.03	8.36
0.00	0.00	3.15	-0.01	8.36
0.00	0.00	3.15	-0.09	8.36
0.00	0.00	3.15	0.07	8.36
0.00	0.00	3.15	0.01	8.36
0.00	0.00	3.15	0.01	8.36
0.00	0.00	3.15	0.01	8.36
0.00	0.00	3.15	-0.01	8.36
0.00	0.00	3.15	-0.01	8.36
0.00	0.00	3.15	0.02	8.36
0.00	0.00	3.15	-0.00	8.36
0.00	0.00	3.15	0.03	8.36
0.00	0.00	3.14	-0.16	8.36
0.00	0.00	3.14	-0.15	8.36
0.00	0.00	3.14	-0.20	8.36
0.00	0.00	3.14	0.02	8.36
0.00	0.00	3.14	-0.00	8.36
0.00	0.00	3.14	-0.14	8.36
0.00	0.00	3.14	0.03	8.36
0.00	0.00	3.13	-0.05	8.36
0.00	0.00	3.13	-0.13	8.36
0.00	0.00	3.13	-0.02	8.36
0.00	0.00	3.13	-0.00	8.36
0.00	0.00	3.13	0.00	8.36
0.00	0.00	3.13	0.04	8.36
0.00	0.00	3.13	-0.04	8.36
0.00	0.00	3.13	-0.00	8.36
0.00	0.00	3.13	-0.00	8.36
0.00	0.00	3.13	-0.00	8.36
0.00	0.00	3.13	0.01	8.36
0.00	0.00	3.13	-0.00	8.36
0.00	0.00	3.13	-0.00	8.36
0.00	0.00	3.13	-0.00	8.36
0.00	0.00	3.13	-0.02	8.36
0.00	0.00	3.13	0.03	8.36
0.00	0.00	3.13	-0.14	8.36
0.00	0.00	3.13	-0.02	8.36
0.00	0.00	3.13	0.00	8.36
0.00	0.00	3.13	0.00	8.36
0.00	0.00	3.13	-0.01	8.36
0.00	0.00	3.13	-0.12	8.36
0.00	0.00	3.13	-0.02	8.36
0.00	0.00	3.13	0.00	8.36
0.00	0.00	3.13	-0.00	8.36
0.00	0.00	3.13	0.01	8.36
0.00	0.00	3.13	-0.03	8.36
0.00	0.00	3.13	0.02	8.36
0.00	0.00	3.12	-0.00	8.36
0.00	0.00	3.12	-0.13	8.36
0.00	0.00	3.12	-0.02	8.36
0.00	0.00	3.12	-0.00	8.36
0.00	0.00	3.12	-0.00	8.36
0.00	0.00	3.12	-0.00	8.36
0.00	0.00	3.12	-0.01	8.36
0.00	0.00	3.12	0.01	8.36
0.00	0.00	3.12	0.00	8.36
0.00	0.00	3.12	0.01	8.36
0.00	0.00	3.12	-0.00	8.36
0.00	0.00	3.12	-0.01	8.36
0.00	0.00	3.12	-0.00	8.36
0.00	0.00	3.12	0.02	8.36
0.00	0.00	3.12	-0.02	8.36
0.00	0.00	3.12	-0.00	8.36
0.00	0.00	3.12	0.00	8.36
0.00	0.00	3.12	-0.00	8.36
0.00	0.00	3.12	-0.00	8.36
0.00	0.00	3.12	0.01	8.36
0.00	0.00	3.12	0.01	8.36
0.00	0.00	3.12	-0.01	8.36
0.00	0.00	3.12	-0.01	8.36
0.00	0.00	3.12	0.00	8.36
0.00	0.00	3.12	-0.00	8.36
0.00	0.00	3.12	0.03	8.36
0.00	0.00	3.12	-0.02	8.36
0.00	0.00	3.12	-0.00	8.36
0.00	0.00	3.12	-0.00	8.36
0.00	0.00	3.12	0.00	8.36
0.00	0.00	3.12	-0.00	8.36
0.00	0.00	3.12	0.03	8.36
0.00	0.00	3.12	-0.01	8.36
0.00	0.00	3.12	-0.01	8.36
0.00	0.00	3.12	-0.03	8.36
0.00	0.00	3.12	0.03	8.36
0.00	0.00	3.13	0.00	8.36
0.00	0.00	3.13	0.14	8.36
0.00	0.00	3.13	0.01	8.36
0.00	0.00	3.13	0.01	8.36
0.00	0.00	3.13	0.11	8.36
0.00	0.00	3.13	0.03	8.36
0.00	0.00	3.13	0.13	8.36
0.00	0.00	3.13	0.07	8.36
0.00	0.00	3.14	-0.04	8.36
0.00	0.00	3.14	0.13	8.36
0.00	0.00	3.14	-0.05	8.36
0.00	0.00	3.14	0.19	8.36
0.00	0.00	3.14	0.03	8.36
0.00	0.00	3.14	-0.00	8.36
0.00	0.00	3.14	0.13	8.36
0.00	0.00	3.14	0.01	8.36
0.00	0.00	3.14	0.00	8.36
0.00	0.00	3.14	0.01	8.36
0.00	0.00	3.14	0.00	8.36
0.00	0.00	3.14	0.03	8.36
0.00	0.00	3.14	-0.03	8.36
0.00	0.00	3.14	-0.00	8.36
0.00	0.00	3.14	-0.00	8.36
0.00	0.00	3.14	0.01	8.36
0.00	0.00	3.14	-0.00	8.36
0.00	0.00	3.14	-0.01	8.36
0.00	0.00	3.14	0.00	8.36
0.00	0.00	3.14	0.00	8.36
0.00	0.00	3.14	-0.04	8.36
0.00	0.00	3.14	0.05	8.36
0.00	0.00	3.14	-0.01	8.36
0.00	0.00	3.14	0.08	8.36
0.00	0.00	3.14	-0.07	8.36
0.00	0.00	3.14	-0.01	8.36
0.00	0.00	3.14	-0.00	8.36
0.00	0.00	3.14	0.01	8.36
0.00	0.00	3.14	-0.01	8.36
0.00	0.00	3.14	0.04	8.36
0.00	0.00	3.14	-0.03	8.36
0.00	0.00	3.14	-0.01	8.36
0.00	0.00	3.14	0.00	8.36
0.00	0.00	3.14	0.00	8.36
0.00	0.00	3.14	0.00	8.36
0.00	0.00	3.14	0.01	8.36
0.00	0.00	3.14	-0.01	8.36
0.00	0.00	3.14	0.00	8.36
0.00	0.00	3.14	0.00	8.36
0.00	0.00	3.14	-0.01	8.36
0.00	0.00	3.14	-0.00	8.36
0.00	0.00	3.14	-0.00	8.36
0.00	0.00	3.14	0.00	8.36
0.00	0.00	3.14	0.00	8.36
0.00	0.00	3.14	-0.00	8.36
0.00	0.00	3.14	-0.00	8.36
0.00	0.00	3.14	-0.00	8.36
0.00	0.00	3.14	0.00	8.36
0.00	0.00	3.14	0.00	8.36
0.00	0.00	3.14	0.00	8.36
0.00	0.00	3.14	-0.00	8.36
0.00	0.00	3.14	0.00	8.36
0.00	0.00	3.14	-0.00	8.36
0.00	0.00	3.14	-0.00	8.36
0.00	0.00	3.14	0.00	8.36
0.00	0.00	3.14	0.00	8.36
0.00	0.00	3.14	0.00	8.36
0.00	0.00	3.14	-0.01	8.36
0.00	0.00	3.14	-0.00	8.36
0.00	0.00	3.14	0.00	8.36
0.00	0.00	3.14	-0.00	8.36
0.00	0.00	3.14	0.01	8.36
0.00	0.00	3.14	-0.00	8.36
0.00	0.00	3.14	-0.00	8.36
0.00	0.00	3.14	0.00	8.36
0.00	0.00	3.14	-0.00	8.36
0.00	0.00	3.14	0.00	8.36
0.00	0.00	3.14	-0.00	8.36
0.00	0.00	3.14	0.01	8.36
0.00	0.00	3.14	-0.01	8.36
0.00	0.00	3.14	0.01	8.36
0.00	0.00	3.14	-0.00	8.36
0.00	0.00	3.14	-0.00	8.36
0.00	0.00	3.14	0.00	8.36
0.00	0.00	3.14	0.00	8.36
0.00	0.00	3.14	-0.00	8.36
0.00	0.00	3.14	-0.00	8.36
0.00	0.00	3.14	-0.00	8.36
0.00	0.00	3.14	0.00	8.36
0.00	0.00	3.14	0.01	8.36
0.00	0.00	3.14	-0.01	8.36
0.00	0.00	3.14	-0.00	8.36
0.00	0.00	3.14	0.02	8.36
0.00	0.00	3.14	-0.01	8.36
0.00	0.00	3.14	-0.01	8.36
0.00	0.00	3.14	0.00	8.36
0.00	0.00	3.14	-0.00	8.36
0.00	0.00	3.14	-0.00	8.36
0.00	0.00	3.14	0.00	8.36
0.00	0.00	3.14	0.01	8.36
0.00	0.00	3.14	-0.00	8.36
0.00	0.00	3.14	0.00	8.36
0.00	0.00	3.14	-0.00	8.36
0.00	0.00	3.14	-0.00	8.36
0.00	0.00	3.14	-0.00	8.36
0.00	0.00	3.14	0.00	8.36
0.00	0.00	3.14	0.00	8.36
0.00	0.00	3.14	-0.00	8.36
0.00	0.00	3.14	0.01	8.36
0.00	0.00	3.14	-0.00	8.36
0.00	0.00	3.14	-0.00	8.36
0.00	0.00	3.14	0.00	8.36
0.00	0.00	3.14	-0.00	8.36
0.00	0.00	3.14	-0.00	8.36
0.00	0.00	3.14	0.00	8.36
0.00	0.00	3.14	-0.04	8.36
0.00	0.00	3.14	0.03	8.36
0.00	0.00	3.14	0.00	8.36
0.00	0.00	3.14	0.03	8.36
0.00	0.00	3.14	-0.02	8.36
0.00	0.00	3.14	-0.01	8.36
0.00	0.00	3.14	-0.00	8.36
0.00	0.00	3.14	0.00	8.36
0.00	0.00	3.14	-0.00	8.36
0.00	0.00	3.14	0.08	8.36
0.00	0.00	3.14	-0.06	8.36
0.00	0.00	3.14	-0.01	8.36
0.00	0.00	3.14	-0.03	8.36
0.00	0.00	3.14	0.03	8.36
0.00	0.00	3.14	0.00	8.36
0.00	0.00	3.14	0.02	8.36
0.00	0.00	3.14	-0.01	8.36
0.00	0.00	3.14	0.00	8.36
0.00	0.00	3.14	-0.04	8.36
0.00	0.00	3.14	0.03	8.36
0.00	0.00	3.14	0.01	8.36
0.00	0.00	3.14	0.03	8.36
0.00	0.00	3.14	-0.02	8.36
0.00	0.00	3.14	-0.01	8.36
0.00	0.00	3.14	-0.01	8.36
0.00	0.00	3.14	0.01	8.36
0.00	0.00	3.14	0.01	8.36
0.00	0.00	3.14	-0.01	8.36
0.00	0.00	3.14	-0.01	8.36
0.00	0.00	3.14	0.00	8.36
0.00	0.00	3.14	-0.01	8.36
0.00	0.00	3.14	0.01	8.36
0.00	0.00	3.14	-0.01	8.36
0.00	0.00	3.14	0.01	8.36
0.00	0.00	3.14	-0.01	8.36
0.00	0.00	3.14	0.00	8.36
0.00	0.00	3.14	-0.02	8.36
0.00	0.00	3.14	0.01	8.36
0.00	0.00	3.14	0.00	8.36
0.00	0.00	3.14	0.00	8.36
0.00	0.00	3.14	0.00	8.36
0.00	0.00	3.14	0.01	8.36
0.00	0.00	3.14	-0.02	8.36
0.00	0.00	3.14	0.01	8.36
0.00	0.00	3.14	0.01	8.36
0.00	0.00	3.14	-0.00	8.36
0.00	0.00	3.14	-0.01	8.36
0.00	0.00	3.14	0.00	8.36
0.00	0.00	3.14	-0.03	8.36
0.00	0.00	3.14	0.03	8.36
0.00	0.00	3.14	0.01	8.36
0.00	0.00	3.14	0.00	8.36
0.00	0.00	3.14	-0.01	8.36
0.00	0.00	3.14	-0.00	8.36
0.00	0.00	3.14	-0.00	8.36
0.00	0.00	3.14	-0.00	8.36
0.00	0.00	3.14	0.00	8.36
0.00	0.00	3.14	0.00	8.36
0.00	0.00	3.14	0.00	8.36
0.00	0.00	3.14	-0.01	8.36
0.00	0.00	3.14	-0.08	8.36
0.00	0.00	3.14	0.07	8.36
0.00	0.00	3.14	0.00	8.36
0.00	0.00	3.14	0.01	8.36
0.00	0.00	3.14	-0.00	8.36
0.00	0.00	3.14	-0.00	8.36
0.00	0.00	3.14	-0.04	8.36
0.00	0.00	3.14	0.03	8.36
0.00	0.00	3.14	0.02	8.36
0.00	0.00	3.14	0.00	8.36
0.00	0.00	3.14	-0.01	8.36
0.00	0.00	3.14	-0.00	8.36
0.00	0.00	3.14	-0.01	8.36
0.00	0.00	3.14	0.01	8.36
0.00	0.00	3.14	-0.00	8.36
0.00	0.00	3.14	0.01	8.36
0.00	0.00	3.14	-0.00	8.36
0.00	0.00	3.14	-0.00	8.36
0.00	0.00	3.14	-0.01	8.36
0.00	0.00	3.14	0.02	8.36
0.00	0.00	3.14	0.00	8.36
0.00	0.00	3.14	0.05	8.36
0.00	0.00	3.14	-0.04	8.36
0.00	0.00	3.14	0.00	8.36
0.00	0.00	3.14	-0.01	8.36
0.00	0.00	3.14	0.00	8.36
0.00	0.00	3.14	-0.00	8.36
0.00	0.00	3.14	0.00	8.36
0.00	0.00	3.14	0.00	8.36
0.00	0.00	3.14	-0.00	8.36
0.00	0.00	3.15	-0.00	8.36
0.00	0.00	3.15	0.13	8.36
0.00	0.00	3.16	0.29	8.36
0.00	0.00	3.16	0.31	8.36
0.00	0.00	3.17	0.30	8.36
0.00	0.00	3.17	0.17	8.36
0.00	0.00	3.18	0.29	8.36
0.00	0.00	3.18	0.18	8.36
0.00	0.00	3.18	0.15	8.36
0.00	0.00	3.18	0.04	8.36
0.00	0.00	3.19	0.12	8.36
0.00	0.00	3.19	0.15	8.36
0.00	0.00	3.20	0.24	8.36
0.00	0.00	3.22	0.61	8.36
0.00	0.00	3.23	0.60	8.36
0.00	0.00	3.24	0.78	8.36
0.00	0.00	3.26	0.61	8.36
0.00	0.00	3.28	0.87	8.36
0.00	0.00	3.30	0.91	8.36
0.00	0.00	3.32	0.93	8.36
0.00	0.00	3.34	0.92	8.36
0.00	0.00	3.36	1.05	8.36
0.00	0.00	3.38	1.07	8.36
0.00	0.00	3.41	1.21	8.36
0.00	0.00	3.43	1.10	8.36
0.00	0.00	3.46	1.21	8.36
0.00	0.00	3.48	1.22	8.36
0.00	0.00	3.51	1.36	8.36
0.00	0.00	3.53	1.24	8.36
0.00	0.00	3.56	1.23	8.36
0.00	0.00	3.58	1.36	8.36
0.00	0.00	3.61	1.25	8.36
0.00	0.00	3.63	1.09	8.36
0.00	0.00	3.65	1.21	8.36
0.00	0.00	3.68	1.22	8.36
0.00	0.00	3.70	1.09	8.36
0.00	0.00	3.72	1.22	8.36
0.00	0.00	3.74	1.09	8.36
0.00	0.00	3.77	1.07	8.36
0.00	0.00	3.79	1.08	8.36
0.00	0.00	3.81	1.08	8.36
0.00	0.00	3.83	0.93	8.36
0.00	0.00	3.85	1.05	8.36
0.00	0.00	3.86	0.94	8.36
0.00	0.00	3.88	0.92	8.36
0.00	0.00	3.89	0.79	8.36
0.00	0.00	3.91	0.77	8.36
0.00	0.00	3.92	0.77	8.36
0.00	0.00	3.94	0.77	8.36
0.00	0.00	3.95	0.63	8.36
0.00	0.00	3.97	0.75	8.36
0.00	0.00	3.98	0.77	8.36
0.00	0.00	3.99	0.63	8.36
0.00	0.00	4.01	0.61	8.36
0.00	0.00	4.02	0.75	8.36
0.00	0.00	4.03	0.64	8.36
0.00	0.00	4.04	0.62	8.36
0.00	0.00	4.05	0.48	8.36
0.00	0.00	4.07	0.59	8.36
0.00	0.00	4.08	0.61	8.36
0.00	0.00	4.09	0.64	8.36
0.00	0.00	4.10	0.59	8.36
0.00	0.00	4.12	0.61	8.36
0.00	0.00	4.13	0.62	8.36
0.00	0.00	4.14	0.65	8.36
0.00	0.00	4.15	0.58	8.36
0.00	0.00	4.17	0.74	8.36
0.00	0.00	4.18	0.63	8.36
0.00	0.00	4.20	0.75	8.36
0.00	0.00	4.22	0.90	8.36
0.00	0.00	4.23	0.79	8.36
0.00	0.00	4.25	0.77	8.36
0.00	0.00	4.26	0.90	8.36
0.00	0.00	4.27	0.65	8.36
0.00	0.00	4.29	0.61	8.36
0.00	0.00	4.29	0.61	8.36
0.00	0.00	4.30	0.36	8.36
0.00	0.00	4.31	0.30	8.36
0.00	0.00	4.31	0.30	8.36
0.00	0.00	4.31	0.30	8.36
0.00	0.00	4.32	0.18	8.36
0.00	0.00	4.32	0.29	8.36
0.00	0.00	4.33	0.17	8.36
0.00	0.00	4.33	0.29	8.36
0.00	0.00	4.34	0.17	8.36
0.00	0.00	4.35	0.29	8.36
0.00	0.00	4.35	0.30	8.36
0.00	0.00	4.35	0.18	8.36
0.00	0.00	4.36	0.15	8.36
0.00	0.00	4.36	0.29	8.36
0.00	0.00	4.37	0.17	8.36
0.00	0.00	4.37	0.29	8.36
0.00	0.00	4.38	0.31	8.36
0.00	0.00	4.39	0.30	8.36
0.00	0.00	4.39	0.31	8.36
0.00	0.00	4.40	0.30	8.36
0.00	0.00	4.41	0.44	8.36
0.00	0.00	4.41	0.33	8.36
0.00	0.00	4.42	0.31	8.36
0.00	0.00	4.43	0.44	8.36
0.00	0.00	4.44	0.32	8.36
0.00	0.00	4.45	0.44	8.36
0.00	0.00	4.45	0.46	8.36
0.00	0.00	4.46	0.33	8.36
0.00	0.00	4.47	0.45	8.36
0.00	0.00	4.47	0.32	8.36
0.00	0.00	4.48	0.31	8.36
0.00	0.00	4.48	0.31	8.36
0.00	0.00	4.49	0.16	8.36
0.00	0.00	4.49	0.16	8.36
0.00	0.01	4.49	-0.01	8.36
0.00	-0.01	4.49	0.17	8.36
0.00	-0.00	4.50	0.15	8.36
0.00	-0.00	4.50	0.16	8.36
0.00	-0.00	4.50	0.14	8.36
0.00	-0.00	4.50	0.15	8.36
0.00	-0.00	4.51	0.11	8.36
0.00	-0.00	4.51	0.19	8.36
0.00	-0.00	4.52	0.16	8.36
0.00	-0.00	4.52	0.30	8.36
0.00	-0.00	4.53	0.30	8.36
0.00	-0.00	4.53	0.30	8.36
0.00	-0.00	4.54	0.28	8.36
0.00	-0.00	4.55	0.34	8.36
0.00	-0.00	4.56	0.31	8.36
0.00	-0.00	4.56	0.46	8.36
0.00	-0.00	4.57	0.30	8.36
0.00	-0.00	4.58	0.44	8.36
0.00	-0.00	4.59	0.45	8.36
0.00	-0.00	4.60	0.47	8.36
0.00	-0.00	4.61	0.45	8.36
0.00	-0.00	4.62	0.47	8.36
0.00	-0.00	4.63	0.46	8.36
0.00	-0.00	4.64	0.59	8.36
0.00	-0.00	4.65	0.48	8.36
0.00	-0.00	4.66	0.60	8.36
0.00	-0.00	4.68	0.60	8.36
0.00	-0.00	4.69	0.62	8.36
0.00	-0.00	4.70	0.59	8.36
0.00	-0.00	4.71	0.50	8.36
0.00	-0.00	4.72	0.46	8.36
0.00	-0.00	4.73	0.59	8.36
0.00	-0.00	4.74	0.48	8.36
0.00	-0.00	4.75	0.47	8.36
0.00	-0.00	4.76	0.47	8.36
0.00	-0.00	4.77	0.45	8.36
0.00	-0.00	4.78	0.59	8.36
0.00	-0.00	4.79	0.61	8.36
0.00	-0.00	4.81	0.62	8.36
0.00	-0.00	4.82	0.75	8.36
0.00	-0.00	4.84	0.76	8.36
0.00	-0.00	4.86	0.77	8.36
0.00	-0.00	4.88	0.89	8.36
0.00	-0.00	4.90	1.05	8.36
0.00	-0.00	4.93	1.07	8.36
0.00	-0.00	4.95	1.21	8.36
0.00	-0.00	4.97	1.23	8.36
0.00	-0.00	5.00	1.22	8.36
0.00	-0.00	5.03	1.23	8.36
0.00	-0.00	5.05	1.35	8.36
0.00	-0.00	5.08	1.39	8.36
0.00	-0.00	5.11	1.39	8.36
0.00	-0.00	5.14	1.52	8.36
0.00	-0.00	5.17	1.39	8.36
0.00	-0.00	5.20	1.52	8.36
0.00	-0.00	5.23	1.39	8.36
0.00	-0.00	5.26	1.52	8.36
0.00	-0.00	5.29	1.52	8.36
0.00	-0.00	5.32	1.54	8.36
0.00	-0.00	5.35	1.53	8.36
0.00	-0.00	5.39	1.66	8.36
0.00	-0.00	5.42	1.55	8.36
0.00	-0.00	5.45	1.54	8.36
0.00	-0.00	5.48	1.67	8.36
0.00	-0.00	5.51	1.55	8.36
0.00	-0.00	5.54	1.52	8.36
0.00	-0.00	5.58	1.68	8.36
0.00	-0.00	5.61	1.69	8.36
0.00	-0.00	5.64	1.55	8.36
0.00	-0.00	5.67	1.67	8.36
0.00	-0.00	5.70	1.55	8.36
0.00	-0.00	5.73	1.56	8.36
0.00	-0.00	5.76	1.38	8.36
0.00	-0.00	5.78	1.38	8.36
0.00	-0.00	5.81	1.25	8.36
0.00	-0.00	5.83	1.09	8.36
0.00	-0.00	5.85	1.08	8.36
0.00	-0.00	5.87	1.08	8.36
0.00	-0.00	5.89	1.08	8.36
0.00	-0.00	5.91	0.94	8.36
0.00	-0.00	5.93	1.06	8.36
0.00	-0.00	5.95	0.94	8.36
0.00	-0.00	5.97	1.05	8.36
0.00	-0.00	5.99	0.94	8.36
0.00	-0.00	6.01	1.06	8.36
0.00	-0.00	6.03	0.94	8.36
0.00	-0.00	6.04	1.06	8.36
0.00	-0.00	6.06	0.80	8.36
0.00	-0.00	6.07	0.64	8.36
0.00	-0.00	6.08	0.63	8.36
0.00	-0.00	6.09	0.61	8.36
0.00	-0.00	6.09	0.35	8.36
0.00	-0.00	6.09	0.18	8.36
0.00	-0.00	6.09	0.16	8.36
0.00	-0.00	6.09	0.02	8.36
0.00	-0.00	6.08	-0.06	8.36
0.00	-0.00	6.07	-0.47	8.36
0.00	-0.00	6.05	-0.60	8.36
0.00	-0.00	6.04	-0.89	8.36
0.00	-0.00	6.01	-0.77	8.36
0.00	-0.00	6.00	-1.03	8.36
0.00	-0.00	5.97	-0.91	8.36
0.00	-0.00	5.95	-1.09	8.36
0.00	-0.00	5.92	-1.33	8.36
0.00	-0.00	5.89	-1.25	8.36
0.00	-0.00	5.86	-1.50	8.36
0.00	-0.00	5.83	-1.39	8.36
0.00	-0.00	5.80	-1.51	8.36
0.00	-0.00	5.77	-1.53	8.36
0.00	-0.00	5.74	-1.54	8.36
0.00	-0.00	5.71	-1.67	8.36
0.00	-0.00	5.68	-1.55	8.36
0.00	-0.00	5.65	-1.54	8.36
0.00	-0.00	5.62	-1.40	8.36
0.00	-0.00	5.59	-1.52	8.36
0.00	-0.00	5.56	-1.53	8.36
0.00	-0.00	5.53	-1.54	8.36
0.00	-0.00	5.50	-1.54	8.36
0.00	-0.00	5.47	-1.40	8.36
0.00	-0.00	5.44	-1.52	8.36
0.00	-0.00	5.41	-1.40	8.36
0.00	-0.00	5.38	-1.51	8.36
0.00	-0.00	5.35	-1.53	8.36
0.00	-0.00	5.32	-1.53	8.36
0.00	-0.00	5.29	-1.54	8.36
0.00	-0.00	5.26	-1.53	8.36
0.00	-0.00	5.23	-1.40	8.36
0.00	-0.00	5.20	-1.52	8.36
0.00	-0.00	5.17	-1.53	8.36
0.00	-0.00	5.14	-1.40	8.36
0.00	-0.00	5.11	-1.39	8.36
0.00	-0.00	5.08	-1.51	8.36
0.00	-0.00	5.05	-1.53	8.36
0.00	-0.00	5.02	-1.53	8.36
0.00	-0.00	5.00	-1.40	8.36
0.00	-0.00	4.97	-1.38	8.36
0.00	-0.00	4.95	-1.25	8.36
0.00	-0.00	4.93	-1.23	8.36
0.00	-0.00	4.90	-1.09	8.36
0.00	-0.00	4.88	-1.08	8.36
0.00	-0.00	4.86	-1.08	8.36
0.00	-0.00	4.85	-0.94	8.36
0.00	-0.00	4.83	-0.92	8.36
0.00	-0.00	4.81	-0.78	8.36
0.00	-0.00	4.80	-0.91	8.36
0.00	-0.00	4.78	-0.78	8.36
0.00	-0.00	4.76	-0.91	8.36
0.00	-0.00	4.74	-0.79	8.36
0.00	-0.00	4.73	-0.90	8.36
0.00	-0.00	4.71	-0.92	8.36
0.00	-0.00	4.69	-0.92	8.36
0.00	-0.00	4.67	-0.93	8.36
0.00	-0.00	4.64	-1.05	8.36
0.00	-0.00	4.62	-1.20	8.36
0.00	-0.00	4.60	-1.09	8.36
0.00	-0.00	4.58	-1.08	8.36
0.00	-0.00	4.57	-0.93	8.36
0.00	-0.00	4.55	-0.79	8.36
0.00	-0.00	4.54	-0.77	8.36
0.00	-0.00	4.52	-0.77	8.36
0.00	-0.00	4.51	-0.77	8.36
0.00	-0.00	4.49	-0.64	8.36
0.00	-0.00	4.48	-0.75	8.36
0.00	-0.00	4.47	-0.64	8.36
0.00	-0.00	4.46	-0.61	8.36
0.00	-0.00	4.44	-0.62	8.36
0.00	-0.00	4.43	-0.61	8.36
0.00	-0.00	4.41	-0.74	8.36
0.00	-0.00	4.40	-0.76	8.36
0.00	-0.00	4.38	-0.76	8.36
0.00	-0.00	4.36	-0.90	8.36
0.00	-0.00	4.34	-0.93	8.36
0.00	-0.00	4.32	-1.05	8.36
0.00	-0.00	4.29	-1.07	8.36
0.00	-0.00	4.27	-1.21	8.36
0.00	-0.00	4.24	-1.23	8.36
0.00	-0.00	4.22	-1.36	8.36
0.00	-0.00	4.19	-1.25	8.36
0.00	-0.00	4.16	-1.35	8.36
0.00	-0.00	4.13	-1.49	8.36
0.00	-0.00	4.10	-1.55	8.36
0.00	-0.00	4.06	-1.54	8.36
0.00	-0.00	4.03	-1.66	8.36
0.00	-0.00	4.00	-1.55	8.36
0.00	-0.00	3.97	-1.54	8.36
0.00	-0.00	3.94	-1.41	8.36
0.00	-0.00	3.92	-1.48	8.36
0.00	-0.00	3.89	-1.43	8.36
0.00	-0.00	3.86	-1.38	8.36
0.00	-0.00	3.84	-1.39	8.36
0.00	-0.00	3.81	-1.24	8.36
0.00	-0.00	3.79	-1.24	8.36
0.00	-0.00	3.77	-1.09	8.36
0.00	-0.00	3.75	-1.08	8.36
0.00	-0.00	3.73	-1.07	8.36
0.00	-0.00	3.70	-1.08	8.36
0.00	-0.00	3.68	-1.20	8.36
0.00	-0.00	3.65	-1.22	8.36
0.00	-0.00	3.62	-1.35	8.36
0.00	-0.00	3.60	-1.39	8.36
0.00	-0.00	3.57	-1.24	8.36
0.00	-0.00	3.54	-1.37	8.36
0.00	-0.00	3.52	-1.25	8.36
0.00	-0.00	3.50	-1.22	8.36
0.00	-0.00	3.47	-1.10	8.36
0.00	-0.00	3.45	-1.34	8.36
0.00	-0.00	3.42	-1.11	8.36
0.00	-0.00	3.40	-1.22	8.36
0.00	-0.00	3.38	-1.09	8.36
0.00	-0.00	3.37	-0.94	8.36
0.00	-0.00	3.35	-0.79	8.36
0.00	-0.00	3.34	-0.89	8.36
0.00	-0.00	3.32	-0.66	8.36
0.00	-0.00	3.31	-0.75	8.36
0.00	-0.00	3.29	-0.75	8.36
0.00	-0.00	3.28	-0.78	8.36
0.00	-0.00	3.26	-0.64	8.36
0.00	-0.00	3.25	-0.88	8.36
0.00	-0.00	3.23	-0.78	8.36
0.00	-0.00	3.21	-0.90	8.36
0.00	-0.00	3.19	-0.92	8.36
0.00	-0.00	3.17	-1.06	8.36
0.00	-0.00	3.14	-1.05	8.36
0.00	-0.00	3.12	-1.22	8.36
0.00	-0.00	3.09	-1.23	8.36
0.00	-0.00	3.07	-1.36	8.36
0.00	-0.00	3.04	-1.24	8.36
0.00	-0.00	3.01	-1.37	8.36
0.00	-0.00	2.99	-1.25	8.36
0.00	-0.00	2.96	-1.23	8.36
0.00	-0.00	2.93	-1.36	8.36
0.00	-0.00	2.90	-1.51	8.36
0.00	-0.00	2.88	-1.40	8.36
0.00	-0.00	2.85	-1.38	8.36
0.00	-0.00	2.82	-1.38	8.36
0.00	-0.00	2.79	-1.38	8.36
0.00	-0.00	2.77	-1.38	8.36
0.00	-0.00	2.74	-1.38	8.36
0.00	-0.00	2.71	-1.38	8.36
0.00	-0.00	2.69	-1.25	8.36
0.00	-0.00	2.66	-1.23	8.36
0.00	-0.00	2.64	-1.23	8.36
0.00	-0.00	2.62	-1.22	8.36
0.00	-0.00	2.60	-1.10	8.36
0.00	-0.00	2.58	-0.94	8.36
0.00	-0.00	2.56	-1.05	8.36
0.00	-0.00	2.54	-0.94	8.36
0.00	-0.00	2.53	-0.93	8.36
0.00	-0.00	2.51	-0.79	8.36
0.00	-0.00	2.49	-0.91	8.36
0.00	-0.00	2.48	-0.78	8.36
0.00	-0.00	2.46	-0.77	8.36
0.00	-0.00	2.45	-0.74	8.36
0.00	-0.00	2.43	-0.78	8.36
0.00	-0.00	2.41	-0.91	8.36
0.00	-0.00	2.39	-0.81	8.36
0.00	-0.00	2.38	-0.88	8.36
0.00	-0.00	2.36	-0.78	8.36
0.00	-0.00	2.34	-0.76	8.36
0.00	-0.00	2.33	-0.91	8.36
0.00	-0.00	2.31	-0.79	8.36
0.00	-0.00	2.30	-0.76	8.36
0.00	-0.00	2.29	-0.77	8.36
0.00	-0.00	2.27	-0.64	8.36
0.00	-0.00	2.27	-0.62	8.36
0.00	-0.00	2.26	-0.47	8.36
0.00	-0.00	2.25	-0.47	8.36
0.00	-0.00	2.24	-0.46	8.36
0.00	-0.00	2.23	-0.46	8.36
0.00	-0.00	2.22	-0.47	8.36
0.00	-0.00	2.21	-0.60	8.36
0.00	-0.00	2.20	-0.35	8.36
0.00	-0.00	2.20	-0.31	8.36
0.00	-0.00	2.19	-0.31	8.36
0.00	-0.00	2.17	-0.44	8.36
0.00	-0.00	2.15	-0.72	8.36
0.00	-0.00	2.13	-1.03	8.36
0.00	-0.00	2.11	-0.93	8.36
0.00	-0.00	2.09	-1.06	8.36
0.00	-0.00	2.07	-1.07	8.36
0.00	-0.00	2.04	-1.22	8.36
0.00	-0.00	2.01	-1.35	8.36
0.00	-0.00	1.98	-1.50	8.36
0.00	-0.00	1.95	-1.54	8.36
0.00	-0.00	1.92	-1.53	8.36
0.00	0.01	1.89	-1.53	8.36
0.00	-0.01	1.86	-1.40	8.36
0.00	-0.00	1.84	-1.25	8.36
0.00	-0.00	1.82	-1.23	8.36
0.00	0.01	1.80	-1.09	8.36
0.00	-0.01	1.78	-1.08	8.36
0.00	-0.00	1.76	-0.94	8.36
0.00	-0.00	1.74	-1.08	8.36
0.00	-0.00	1.73	-0.79	8.36
0.00	-0.00	1.71	-0.77	8.36
0.00	-0.00	1.70	-0.77	8.36
0.00	-0.00	1.68	-0.64	8.36
0.00	-0.00	1.67	-0.75	8.36
0.00	-0.00	1.65	-0.65	8.36
0.00	-0.00	1.64	-0.72	8.36
0.00	-0.00	1.63	-0.63	8.36
0.00	-0.00	1.62	-0.56	8.36
0.00	-0.00	1.61	-0.53	8.36
0.00	-0.00	1.60	-0.60	8.36
0.00	-0.00	1.59	-0.49	8.36
0.00	-0.00	1.58	-0.45	8.36
0.00	-0.00	1.58	-0.47	8.36
0.00	-0.00	1.57	-0.31	8.36
0.00	-0.00	1.57	-0.33	8.36
0.00	-0.00	1.56	-0.18	8.36
0.00	-0.00	1.56	-0.16	8.36
0.00	-0.00	1.56	-0.01	8.36
0.00	-0.00	1.56	-0.01	8.36
0.00	-0.00	1.56	0.01	8.36
0.00	-0.00	1.56	-0.01	8.36
0.00	-0.00	1.57	0.00	8.36
0.00	-0.00	1.57	0.25	8.36
0.00	-0.00	1.58	0.32	8.36
0.00	-0.00	1.59	0.30	8.36
0.00	-0.00	1.59	0.31	8.36
0.00	-0.00	1.60	0.32	8.36
0.00	-0.00	1.61	0.43	8.36
0.00	-0.00	1.62	0.46	8.36
0.00	-0.00	1.63	0.46	8.36
0.00	-0.00	1.65	0.59	8.36
0.00	-0.00	1.66	0.62	8.36
0.00	-0.00	1.67	0.61	8.36
0.00	-0.00	1.69	0.75	8.36
0.00	-0.00	1.70	0.63	8.36
0.00	-0.00	1.72	0.76	8.36
0.00	-0.00	1.73	0.76	8.36
0.00	-0.00	1.75	0.90	8.36
0.00	-0.00	1.77	0.91	8.36
0.00	-0.00	1.79	0.92	8.36
0.00	-0.00	1.81	0.89	8.36
0.00	-0.00	1.83	1.08	8.36
0.00	-0.00	1.86	1.06	8.36
0.00	-0.00	1.88	1.26	8.36
0.00	-0.00	1.91	1.18	8.36
0.00	-0.00	1.94	1.35	8.36
0.00	-0.00	1.97	1.35	8.36
0.00	-0.00	2.00	1.54	8.36
0.00	-0.00	2.03	1.67	8.36
0.00	0.01	2.07	1.58	8.36
0.00	-0.01	2.11	1.77	8.36
0.00	-0.00	2.15	1.83	8.36
0.00	-0.00	2.19	1.97	8.36
0.00	-0.00	2.23	2.14	8.36
0.00	-0.00	2.27	2.01	8.36
0.00	-0.00	2.31	2.14	8.36
0.00	-0.00	2.35	1.99	8.36
0.00	-0.00	2.39	2.00	8.36
0.00	-0.00	2.42	1.86	8.36
0.00	-0.00	2.46	1.85	8.36
0.00	-0.00	2.49	1.72	8.36
0.00	-0.00	2.53	1.73	8.36
0.00	-0.00	2.56	1.65	8.36
0.00	-0.00	2.59	1.68	8.36
0.00	-0.00	2.62	1.54	8.36
0.00	-0.00	2.65	1.55	8.36
0.00	-0.00	2.68	1.41	8.36
0.00	-0.00	2.70	1.38	8.36
0.00	-0.00	2.73	1.25	8.36
0.00	-0.00	2.75	1.23	8.36
0.00	-0.00	2.77	1.23	8.36
0.00	-0.00	2.80	1.23	8.36
0.00	-0.00	2.82	1.10	8.36
0.00	-0.00	2.84	1.21	8.36
0.00	-0.00	2.87	1.22	8.36
0.00	-0.00	2.88	1.10	8.36
0.00	-0.00	2.90	0.94	8.36
0.00	-0.00	2.92	0.93	8.36
0.00	-0.00	2.94	0.79	8.36
0.00	-0.00	2.96	0.90	8.36
0.00	-0.00	2.97	0.91	8.36
0.00	-0.00	2.99	0.92	8.36
0.00	-0.00	3.00	0.66	8.36
0.00	-0.00	3.01	0.61	8.36
0.00	-0.00	3.01	0.48	8.36
0.00	-0.00	3.02	0.33	8.36
0.00	-0.00	3.03	0.44	8.36
0.00	-0.00	3.03	0.32	8.36
0.00	-0.00	3.04	0.26	8.36
0.00	-0.00	3.05	0.36	8.36
0.00	-0.00	3.06	0.31	8.36
0.00	-0.00	3.06	0.49	8.36
0.00	-0.00	3.07	0.28	8.36
0.00	-0.00	3.08	0.44	8.36
0.00	-0.00	3.09	0.31	8.36
0.00	-0.00	3.10	0.44	8.36
0.00	-0.00	3.10	0.46	8.36
0.00	-0.00	3.11	0.37	8.36
0.00	-0.00	3.12	0.27	8.36
0.00	-0.00	3.12	0.31	8.36
0.00	-0.00	3.12	0.17	8.36
0.00	-0.00	3.12	0.16	8.36
0.00	-0.00	3.13	0.15	8.36
0.00	-0.00	3.13	0.07	8.36
0.00	-0.00	3.13	0.09	8.36
0.00	-0.00	3.14	0.13	8.36
0.00	-0.00	3.14	0.29	8.36
0.00	-0.00	3.14	0.17	8.36
0.00	-0.00	3.14	0.02	8.36
0.00	-0.00	3.14	0.14	8.36
0.00	-0.00	3.14	0.02	8.36
0.00	-0.00	3.14	-0.00	8.36
0.00	-0.00	3.14	-0.03	8.36
0.00	-0.00	3.14	0.04	8.36
0.00	-0.00	3.14	0.01	8.36
0.00	-0.00	3.14	0.01	8.36
0.00	-0.00	3.14	-0.01	8.36
0.00	-0.00	3.14	0.00	8.36
0.00	-0.00	3.14	0.00	8.36
0.00	-0.00	3.14	-0.00	8.36
0.00	-0.00	3.14	0.00	8.36
0.00	-0.00	3.14	0.03	8.36
0.00	-0.00	3.14	-0.03	8.36
0.00	-0.00	3.14	-0.01	8.36
0.00	-0.00	3.14	-0.04	8.36
0.00	-0.00	3.14	0.04	8.36
0.00	-0.00	3.14	-0.12	8.36
0.00	-0.00	3.14	-0.02	8.36
0.00	-0.00	3.14	-0.00	8.36
0.00	-0.00	3.14	-0.00	8.36
0.00	-0.00	3.14	0.00	8.36
0.00	-0.00	3.14	-0.00	8.36
0.00	-0.00	3.14	0.00	8.36
0.00	-0.00	3.14	-0.00	8.36
0.00	-0.00	3.14	-0.00	8.36
0.00	-0.00	3.14	0.01	8.36
0.00	-0.00	3.14	-0.08	8.36
0.00	-0.00	3.14	0.06	8.36
0.00	-0.00	3.14	0.01	8.36
0.00	-0.00	3.14	0.01	8.36
0.00	-0.00	3.14	-0.02	8.36
0.00	-0.00	3.14	0.00	8.36
0.00	-0.00	3.14	-0.01	8.36
0.00	-0.00	3.14	0.01	8.36
0.00	-0.00	3.14	-0.00	8.36
0.00	-0.00	3.14	0.01	8.36
0.00	-0.00	3.14	-0.00	8.36
0.00	-0.00	3.14	-0.00	8.36
0.00	-0.00	3.14	-0.02	8.36
0.00	-0.00	3.14	0.01	8.36
0.00	-0.00	3.14	0.00	8.36
0.00	-0.00	3.14	0.00	8.36
0.00	-0.00	3.14	-0.01	8.36
0.00	-0.00	3.14	0.00	8.36
0.00	-0.00	3.14	-0.01	8.36
0.00	-0.00	3.14	0.00	8.36
0.00	-0.00	3.14	0.00	8.36
0.00	-0.00	3.14	0.03	8.36
0.00	-0.00	3.14	-0.03	8.36
0.00	-0.00	3.14	-0.01	8.36
0.00	-0.00	3.14	-0.07	8.36
0.00	-0.00	3.14	0.06	8.36
0.00	-0.00	3.14	0.01	8.36
0.00	-0.00	3.14	-0.01	8.36
0.00	-0.00	3.14	0.00	8.36
0.00	-0.00	3.14	-0.00	8.36
0.00	-0.00	3.14	-0.00	8.36
0.00	-0.00	3.14	0.00	8.36
0.00	-0.00	3.14	0.01	8.36
0.00	-0.00	3.14	0.02	8.36
0.00	-0.00	3.14	-0.02	8.36
0.00	-0.00	3.14	-0.01	8.36
0.00	-0.00	3.14	-0.02	8.36
0.00	-0.00	3.14	0.02	8.36
0.00	-0.00	3.14	0.01	8.36
0.00	-0.00	3.14	0.00	8.36
0.00	-0.00	3.14	-0.00	8.36
0.00	-0.00	3.14	-0.00	8.36
0.00	-0.00	3.14	-0.00	8.36
0.00	-0.00	3.14	0.00	8.36
0.00	-0.00	3.14	0.00	8.36
0.00	-0.00	3.14	0.00	8.36
0.00	-0.00	3.14	-0.01	8.36
0.00	-0.00	3.14	0.01	8.36
0.00	-0.00	3.14	-0.00	8.36
0.00	-0.00	3.14	-0.00	8.36
0.00	-0.00	3.14	0.00	8.36
0.00	-0.00	3.14	0.00	8.36
0.00	-0.00	3.14	-0.00	8.36
0.00	-0.00	3.14	0.01	8.36
0.00	-0.00	3.14	0.00	8.36
0.00	-0.00	3.14	-0.01	8.36
0.00	-0.00	3.14	0.00	8.36
0.00	-0.00	3.14	0.01	8.36
0.00	-0.00	3.14	-0.00	8.36
0.00	-0.00	3.14	-0.00	8.36
0.00	-0.00	3.14	0.00	8.36
0.00	-0.00	3.14	0.00	8.36
0.00	-0.00	3.14	-0.01	8.36
0.00	-0.00	3.14	-0.00	8.36
0.00	-0.00	3.14	0.01	8.36
0.00	-0.00	3.14	-0.00	8.36
0.00	-0.00	3.14	-0.00	8.36
0.00	-0.00	3.14	-0.00	8.36
0.00	-0.00	3.14	0.01	8.36
0.00	-0.00	3.14	-0.01	8.36
0.00	-0.00	3.14	0.00	8.36
0.00	-0.00	3.14	0.00	8.36
0.00	-0.00	3.14	-0.00	8.36
0.00	-0.00	3.14	-0.00	8.36
0.00	-0.00	3.14	0.00	8.36
0.00	-0.00	3.14	0.03	8.36
0.00	-0.00	3.14	-0.03	8.36
0.00	-0.00	3.14	-0.00	8.36
0.00	-0.00	3.14	-0.00	8.36
0.00	-0.00	3.14	0.00	8.36
0.00	-0.00	3.14	0.00	8.36
0.00	-0.00	3.14	0.02	8.36
0.00	-0.00	3.14	-0.02	8.36
0.00	-0.00	3.14	0.01	8.36
0.00	-0.00	3.14	-0.01	8.36
0.00	-0.00	3.14	0.01	8.36
0.00	-0.00	3.14	-0.01	8.36
0.00	-0.00	3.14	0.01	8.36
0.00	-0.00	3.14	-0.00	8.36
0.00	-0.00	3.14	-0.00	8.36
0.00	-0.00	3.14	-0.02	8.36
0.00	-0.00	3.14	0.01	8.36
0.00	-0.00	3.14	-0.00	8.36
0.00	-0.00	3.14	0.01	8.36
0.00	-0.00	3.14	-0.01	8.36
0.00	-0.00	3.14	0.01	8.36
0.00	-0.00	3.14	-0.03	8.36
0.00	-0.00	3.14	0.03	8.36
0.00	-0.00	3.14	-0.00	8.36
0.00	-0.00	3.14	0.00	8.36
0.00	-0.00	3.14	-0.01	8.36
0.00	-0.00	3.14	0.01	8.36
0.00	-0.00	3.14	0.00	8.36
0.00	-0.00	3.14	-0.01	8.36
0.00	-0.00	3.14	0.00	8.36
0.00	-0.00	3.14	0.00	8.36
0.00	-0.00	3.14	0.00	8.36
0.00	-0.00	3.14	-0.01	8.36
0.00	-0.00	3.14	-0.00	8.36
0.00	-0.00	3.14	0.01	8.36
0.00	-0.00	3.14	-0.01	8.36
0.00	-0.00	3.14	0.03	8.36
0.00	-0.00	3.14	-0.02	8.36
0.00	-0.00	3.14	-0.01	8.36
0.00	-0.00	3.14	-0.00	8.36
0.00	-0.00	3.14	0.00	8.36
0.00	-0.00	3.14	-0.01	8.36
0.00	-0.00	3.14	0.01	8.36
0.00	-0.00	3.14	-0.01	8.36
	��zY�l�N
1*!�0.00	0.00	-3.18	0.00	0.00
-0.00	0.00	-3.19	-137.51	0.00
-0.00	-0.08	-3.20	-18.86	0.00
-0.01	-0.10	-3.21	-2.96	0.00
-0.01	-0.10	-3.21	-0.80	0.00
-0.01	-0.11	-3.22	-0.37	0.00
-0.01	-0.10	-3.23	-0.32	0.00
-0.01	-0.10	-3.23	-0.43	0.00
-0.02	-0.10	-3.24	-0.19	0.00
-0.02	-0.10	-3.24	-0.30	0.00
-0.02	-0.10	-3.24	-0.16	0.00
-0.02	-0.10	-3.24	-0.18	0.00
-0.02	-0.11	-3.24	-0.02	0.00
-0.03	-0.10	-3.24	0.00	0.00
-0.03	-0.10	-3.24	-0.00	0.00
-0.03	-0.10	-3.24	0.00	0.00
-0.03	-0.10	-3.24	0.13	0.00
-0.03	-0.11	-3.23	0.14	0.00
-0.04	-0.10	-3.23	0.29	0.00
-0.04	-0.11	-3.22	0.18	0.00
-0.04	-0.10	-3.21	0.28	0.00
-0.04	-0.10	-3.20	0.44	0.00
-0.04	-0.11	-3.20	0.33	0.00
-0.05	-0.10	-3.19	0.36	0.00
-0.05	-0.10	-3.18	0.39	0.00
-0.05	-0.11	-3.17	0.32	0.00
-0.05	-0.10	-3.17	0.44	0.00
-0.05	-0.10	-3.16	0.33	0.00
-0.06	-0.10	-3.16	0.31	0.00
-0.06	-0.11	-3.15	0.31	0.00
-0.06	-0.10	-3.14	0.27	0.00
-0.06	-0.10	-3.14	0.33	0.00
-0.06	-0.10	-3.14	0.18	0.00
-0.07	-0.10	-3.13	0.17	0.00
-0.07	-0.11	-3.13	0.15	0.00
-0.07	-0.10	-3.13	0.02	0.00
-0.07	-0.10	-3.13	0.13	0.00
-0.07	-0.11	-3.13	0.02	0.00
-0.08	-0.10	-3.13	0.01	0.00
-0.08	-0.10	-3.13	-0.01	0.00
-0.08	-0.10	-3.13	-0.00	0.00
-0.08	-0.11	-3.14	-0.13	0.00
-0.09	-0.10	-3.14	-0.15	0.00
-0.09	-0.11	-3.15	-0.29	0.00
-0.09	-0.10	-3.15	-0.31	0.00
-0.09	-0.10	-3.16	-0.17	0.00
-0.09	-0.11	-3.17	-0.29	0.00
-0.10	-0.10	-3.17	-0.31	0.00
-0.10	-0.11	-3.18	-0.30	0.00
-0.10	-0.10	-3.18	-0.30	0.00
-0.10	-0.11	-3.19	-0.32	0.00
-0.10	-0.10	-3.19	-0.31	0.00
-0.11	-0.11	-3.20	-0.17	0.00
-0.11	-0.10	-3.20	-0.29	0.00
-0.11	-0.11	-3.21	-0.18	0.00
-0.11	-0.10	-3.21	-0.15	0.00
-0.11	-0.10	-3.21	-0.15	0.00
-0.12	-0.11	-3.21	-0.15	0.00
-0.12	-0.10	-3.21	-0.03	0.00
-0.12	-0.10	-3.21	-0.00	0.00
-0.12	-0.10	-3.21	0.01	0.00
-0.12	-0.10	-3.21	-0.00	0.00
-0.13	-0.11	-3.21	-0.00	0.00
-0.13	-0.10	-3.21	-0.00	0.00
-0.13	-0.10	-3.21	0.13	0.00
-0.13	-0.10	-3.20	0.15	0.00
-0.13	-0.11	-3.20	0.15	0.00
-0.14	-0.10	-3.20	0.16	0.00
-0.14	-0.10	-3.19	0.15	0.00
-0.14	-0.11	-3.19	0.15	0.00
-0.14	-0.10	-3.18	0.16	0.00
-0.14	-0.10	-3.18	0.30	0.00
-0.15	-0.10	-3.18	0.16	0.00
-0.15	-0.10	-3.17	0.15	0.00
-0.15	-0.11	-3.17	0.15	0.00
-0.15	-0.10	-3.17	0.16	0.00
-0.15	-0.10	-3.17	0.15	0.00
-0.16	-0.11	-3.16	0.15	0.00
-0.16	-0.10	-3.16	0.15	0.00
-0.16	-0.10	-3.16	0.10	0.00
-0.16	-0.11	-3.16	0.07	0.00
-0.16	-0.10	-3.16	0.02	0.00
-0.17	-0.10	-3.16	0.12	0.00
-0.17	-0.11	-3.16	0.02	0.00
-0.17	-0.10	-3.16	0.00	0.00
-0.17	-0.10	-3.16	-0.01	0.00
-0.17	-0.11	-3.16	0.01	0.00
-0.18	-0.10	-3.16	-0.00	0.00
-0.18	-0.11	-3.16	-0.00	0.00
-0.18	-0.10	-3.16	-0.00	0.00
-0.18	-0.11	-3.16	-0.13	0.00
-0.19	-0.10	-3.16	-0.02	0.00
-0.19	-0.11	-3.17	-0.14	0.00
-0.19	-0.10	-3.17	-0.14	0.00
-0.19	-0.11	-3.17	-0.02	0.00
-0.19	-0.10	-3.17	-0.14	0.00
-0.20	-0.11	-3.17	-0.15	0.00
-0.20	-0.10	-3.17	-0.02	0.00
-0.20	-0.11	-3.17	-0.14	0.00
-0.20	-0.10	-3.17	-0.02	0.00
-0.20	-0.10	-3.17	-0.00	0.00
0.00	-0.05	-3.16	0.13	0.00
0.00	8.76	-3.14	0.31	0.00
0.01	1.39	-3.10	1.21	0.00
0.02	0.45	-3.07	1.75	0.00
0.02	0.33	-3.04	1.69	0.00
0.03	0.31	-3.01	1.56	0.00
0.04	0.31	-2.98	1.41	0.00
0.04	0.30	-2.96	1.37	0.00
0.05	0.31	-2.94	1.11	0.00
0.05	0.31	-2.93	0.81	0.00
0.06	0.31	-2.92	0.77	0.00
0.07	0.31	-2.91	0.50	0.00
0.07	0.31	-2.91	0.32	0.00
0.08	0.31	-2.91	0.07	0.00
0.08	0.31	-2.92	0.01	0.00
0.09	0.31	-2.93	-0.26	0.00
0.10	0.31	-2.94	-0.57	0.00
0.10	0.31	-2.97	-0.60	0.00
0.11	0.31	-2.99	-1.00	0.00
0.12	0.32	-3.01	-1.07	0.00
0.12	0.31	-3.04	-1.21	0.00
0.13	0.32	-3.07	-1.49	0.00
0.13	0.31	-3.11	-1.53	0.00
0.14	0.31	-3.14	-1.67	0.00
0.15	0.31	-3.18	-1.69	0.00
0.15	0.31	-3.21	-1.82	0.00
0.16	0.31	-3.25	-1.70	0.00
0.16	0.31	-3.28	-1.70	0.00
0.17	0.31	-3.31	-1.68	0.00
0.18	0.31	-3.33	-1.42	0.00
0.18	0.31	-3.36	-1.39	0.00
0.19	0.31	-3.38	-1.25	0.00
0.20	0.31	-3.40	-1.09	0.00
0.20	0.32	-3.41	-0.82	0.00
0.20	0.31	-3.44	-0.77	0.00
0.20	0.07	-3.48	-1.43	0.00
0.20	0.02	-3.50	-1.66	0.00
0.20	-0.01	-3.52	-1.26	0.00
0.20	-0.00	-3.54	-1.11	0.00
0.20	-0.00	-3.55	-0.82	0.00
0.20	-0.00	-3.55	-0.51	0.00
0.20	-0.00	-3.55	-0.20	0.00
0.20	-0.00	-3.54	-0.02	0.00
0.20	-0.00	-3.52	0.38	0.00
0.20	-0.00	-3.50	0.71	0.00
0.20	-0.00	-3.48	1.05	0.00
0.20	-0.00	-3.44	1.32	0.00
0.20	-0.00	-3.41	1.65	0.00
0.20	-0.00	-3.36	1.68	0.00
0.20	-0.00	-3.32	2.08	0.00
0.20	-0.00	-3.28	2.16	0.00
0.20	-0.00	-3.23	2.27	0.00
0.20	-0.00	-3.18	2.42	0.00
0.20	-0.00	-3.13	2.32	0.00
0.20	-0.00	-3.09	2.44	0.00
0.20	-0.00	-3.04	2.32	0.00
0.20	-0.00	-3.00	2.30	0.00
0.20	-0.00	-2.96	2.17	0.00
0.20	-0.00	-2.93	1.89	0.00
0.00	-0.00	-2.90	1.70	0.00
0.00	-8.74	-2.87	1.56	0.00
0.00	-1.18	-2.85	1.27	0.00
0.00	-0.16	-2.84	1.10	0.00
0.00	-0.02	-2.83	0.68	0.00
0.00	-0.00	-2.82	0.49	0.00
0.00	-0.00	-2.82	0.20	0.00
0.00	-0.00	-2.83	0.03	0.00
0.00	-0.00	-2.85	-0.26	0.00
0.00	-0.00	-2.87	-0.70	0.00
0.00	-0.00	-2.89	-1.03	0.00
0.00	-0.00	-2.92	-1.20	0.00
0.00	-0.00	-2.94	-1.49	0.00
0.00	-0.00	-2.96	-1.12	0.00
0.00	-0.00	-2.97	-0.82	0.00
0.00	-0.00	-2.98	-0.63	0.00
0.00	-0.00	-2.98	-0.35	0.00
0.00	-0.00	-2.98	-0.19	0.00
0.00	-0.00	-2.99	-0.15	0.00
0.00	-0.00	-2.99	-0.16	0.00
0.00	-0.00	-2.99	-0.15	0.00
0.00	-0.00	-2.99	-0.02	0.00
0.00	-0.00	-2.98	0.13	0.00
0.00	-0.00	-2.95	0.54	0.00
0.00	-0.00	-2.93	1.01	0.00
0.00	-0.00	-2.90	1.19	0.00
0.00	-0.00	-2.86	1.35	0.00
0.00	-0.00	-2.83	1.78	0.00
0.00	-0.00	-2.79	1.83	0.00
0.00	-0.00	-2.75	1.84	0.00
0.00	-0.00	-2.70	2.11	0.00
0.00	-0.00	-2.66	2.14	0.00
0.00	-0.00	-2.62	2.28	0.00
0.00	-0.00	-2.57	2.16	0.00
0.00	-0.00	-2.53	2.29	0.00
0.00	-0.00	-2.49	2.17	0.00
0.00	-0.00	-2.45	2.00	0.00
0.00	-0.00	-2.40	2.01	0.00
0.00	-0.00	-2.36	2.13	0.00
0.00	-0.00	-2.32	2.15	0.00
0.00	-0.00	-2.28	2.04	0.00
0.00	-0.00	-2.25	1.85	0.00
0.00	-0.00	-2.21	1.83	0.00
0.00	-0.00	-2.18	1.84	0.00
0.00	-0.00	-2.14	1.70	0.00
0.00	-0.00	-2.11	1.70	0.00
0.00	-0.00	-2.08	1.68	0.00
0.00	-0.00	-2.05	1.68	0.00
0.00	-0.00	-2.01	1.56	0.00
0.00	-0.00	-1.99	1.60	0.00
0.00	-0.00	-1.96	1.35	0.00
0.00	-0.00	-1.94	1.24	0.00
0.00	-0.00	-1.91	1.23	0.00
0.00	-0.00	-1.89	1.23	0.00
0.00	-0.00	-1.87	1.22	0.00
0.00	-0.00	-1.85	1.09	0.00
0.00	-0.00	-1.82	1.08	0.00
0.00	-0.00	-1.80	1.24	0.00
0.00	-0.00	-1.78	1.07	0.00
0.00	-0.00	-1.75	1.21	0.00
0.00	-0.00	-1.73	1.22	0.00
0.00	-0.00	-1.70	1.22	0.00
0.00	-0.00	-1.67	1.23	0.00
0.00	-0.00	-1.65	1.35	0.00
0.00	-0.00	-1.62	1.24	0.00
0.00	-0.00	-1.60	1.37	0.00
0.00	-0.00	-1.57	1.25	0.00
0.00	-0.00	-1.55	1.23	0.00
0.00	-0.00	-1.52	1.23	0.00
0.00	-0.00	-1.50	1.24	0.00
0.00	-0.00	-1.47	1.34	0.00
0.00	-0.00	-1.44	1.25	0.00
0.00	-0.00	-1.41	1.36	0.00
0.00	-0.00	-1.38	1.51	0.00
0.00	-0.00	-1.35	1.56	0.00
0.00	-0.00	-1.32	1.51	0.00
0.00	-0.00	-1.28	1.67	0.00
0.00	-0.00	-1.25	1.70	0.00
0.00	-0.00	-1.21	1.67	0.00
0.00	-0.00	-1.18	1.82	0.00
0.00	-0.00	-1.15	1.71	0.00
0.00	-0.00	-1.11	1.69	0.00
0.00	-0.00	-1.08	1.72	0.00
0.00	-0.00	-1.04	1.79	0.00
0.00	-0.00	-1.01	1.70	0.00
0.00	-0.00	-0.97	1.82	0.00
0.00	-0.00	-0.94	1.66	0.00
0.00	-0.00	-0.90	1.74	0.00
0.00	-0.00	-0.87	1.69	0.00
0.00	-0.00	-0.85	1.55	0.00
0.00	-0.00	-0.82	1.40	0.00
0.00	-0.00	-0.79	1.52	0.00
0.00	-0.00	-0.76	1.40	0.00
0.00	-0.00	-0.73	1.52	0.00
0.00	-0.00	-0.70	1.27	0.00
0.00	-0.00	-0.68	1.36	0.00
0.00	-0.00	-0.66	1.11	0.00
0.00	-0.00	-0.64	1.21	0.00
0.00	-0.00	-0.62	0.97	0.00
0.00	-0.00	-0.60	1.06	0.00
0.00	-0.00	-0.58	1.07	0.00
0.00	-0.00	-0.56	0.94	0.00
0.00	-0.00	-0.55	0.93	0.00
0.00	-0.00	-0.53	0.78	0.00
0.00	-0.00	-0.51	0.78	0.00
0.00	-0.00	-0.50	0.76	0.00
0.00	-0.00	-0.48	0.77	0.00
0.00	-0.00	-0.47	0.77	0.00
0.00	-0.00	-0.46	0.63	0.00
0.00	-0.00	-0.44	0.71	0.00
0.00	-0.00	-0.43	0.67	0.00
0.00	-0.00	-0.42	0.75	0.00
0.00	-0.00	-0.40	0.63	0.00
0.00	-0.00	-0.39	0.61	0.00
0.00	-0.00	-0.38	0.61	0.00
0.00	-0.00	-0.37	0.62	0.00
0.00	-0.00	-0.36	0.47	0.00
0.00	-0.00	-0.35	0.59	0.00
0.00	-0.00	-0.34	0.63	0.00
0.00	-0.00	-0.33	0.48	0.00
0.00	-0.00	-0.32	0.46	0.00
0.00	-0.00	-0.31	0.34	0.00
0.00	-0.00	-0.30	0.43	0.00
0.00	-0.00	-0.30	0.47	0.00
0.00	-0.00	-0.29	0.28	0.00
0.00	-0.00	-0.28	0.48	0.00
0.00	-0.00	-0.27	0.48	0.00
0.00	-0.00	-0.26	0.44	0.00
0.00	-0.00	-0.25	0.53	0.00
0.00	-0.00	-0.24	0.41	0.00
0.00	-0.00	-0.23	0.44	0.00
0.00	-0.00	-0.22	0.46	0.00
0.00	-0.00	-0.21	0.46	0.00
0.00	-0.00	-0.21	0.46	0.00
0.00	-0.00	-0.20	0.32	0.00
0.00	-0.00	-0.19	0.48	0.00
0.00	-0.00	-0.19	0.30	0.00
0.00	-0.00	-0.18	0.30	0.00
0.00	-0.00	-0.17	0.31	0.00
0.00	-0.00	-0.17	0.31	0.00
0.00	-0.00	-0.17	0.17	0.00
0.00	-0.00	-0.16	0.15	0.00
0.00	-0.00	-0.16	0.19	0.00
0.00	-0.00	-0.16	0.28	0.00
0.00	-0.00	-0.16	0.16	0.00
0.00	-0.00	-0.15	0.02	0.00
0.00	-0.00	-0.15	0.14	0.00
0.00	-0.00	-0.15	0.15	0.00
0.00	-0.00	-0.14	0.02	0.00
0.00	-0.00	-0.15	0.20	0.00
0.00	-0.00	-0.14	-0.04	0.00
0.00	-0.00	-0.14	0.13	0.00
0.00	-0.00	-0.14	0.01	0.00
0.00	-0.00	-0.14	0.09	0.00
0.00	-0.00	-0.14	0.05	0.00
0.00	-0.00	-0.13	0.14	0.00
0.00	-0.00	-0.13	0.15	0.00
0.00	-0.00	-0.13	0.16	0.00
0.00	-0.00	-0.12	0.14	0.00
0.00	-0.00	-0.12	0.29	0.00
0.00	-0.00	-0.12	0.17	0.00
0.00	-0.00	-0.11	0.16	0.00
0.00	-0.00	-0.11	0.16	0.00
0.00	-0.00	-0.10	0.28	0.00
0.00	-0.00	-0.10	0.16	0.00
0.00	-0.00	-0.10	0.16	0.00
0.00	-0.00	-0.09	0.16	-2.95
-0.00	-0.00	-0.09	0.15	-2.83
-0.00	-0.03	-0.08	0.28	-0.73
-0.01	-0.09	-0.06	0.56	3.14
-0.01	-0.12	-0.05	0.75	5.63
-0.01	-0.09	-0.05	0.50	3.09
-0.01	-0.03	-0.05	0.34	1.56
-0.00	0.06	-0.05	0.04	-1.79
-0.00	0.13	-0.06	-0.39	-7.20
-0.00	0.12	-0.07	-0.45	-8.18
-0.00	0.03	-0.05	-0.18	-5.00
-0.01	-0.12	-0.03	0.49	3.71
-0.01	-0.26	-0.00	1.26	8.38
-0.02	-0.25	0.01	1.13	8.38
-0.02	-0.15	0.01	0.66	7.31
-0.01	-0.00	-0.01	0.09	0.24
-0.01	0.16	-0.04	-0.92	-8.38
-0.00	0.25	-0.06	-1.19	-8.40
-0.00	0.19	-0.06	-1.09	-8.40
-0.01	0.03	-0.05	-0.28	-5.77
-0.01	-0.17	-0.02	0.76	7.27
-0.02	-0.31	0.01	1.40	8.40
-0.02	-0.26	0.03	1.28	8.40
-0.02	-0.15	0.03	0.83	8.36
-0.02	0.01	0.01	0.11	2.16
-0.01	0.19	-0.01	-0.50	-5.38
-0.00	0.31	-0.03	-1.10	-8.38
-0.00	0.28	-0.04	-1.09	-8.38
-0.00	0.15	-0.03	-0.55	-7.36
-0.01	-0.01	-0.00	0.43	5.37
-0.01	-0.19	0.03	1.26	8.40
-0.01	-0.19	0.04	1.37	8.42
-0.01	-0.10	0.05	0.97	8.39
-0.00	0.08	0.03	0.23	5.58
0.00	0.27	0.01	-0.47	-2.98
0.01	0.42	-0.01	-1.12	-8.37
0.02	0.42	-0.02	-1.08	-8.36
0.02	0.31	-0.02	-0.68	-6.82
0.02	0.16	-0.00	0.06	2.27
0.02	0.03	0.02	0.79	8.37
0.02	-0.05	0.04	1.17	8.41
0.03	0.03	0.04	0.95	8.40
0.04	0.23	0.03	0.26	7.68
0.05	0.40	0.01	-0.36	0.06
0.06	0.56	-0.03	-1.06	-8.35
0.07	0.66	-0.06	-1.91	-8.44
0.08	0.53	-0.08	-1.46	-8.41
0.08	0.38	-0.08	-1.00	-8.38
0.08	0.21	-0.08	-0.53	-8.35
0.08	0.08	-0.07	-0.07	-3.04
0.08	-0.12	-0.04	0.79	7.59
0.07	-0.23	-0.02	1.30	8.39
0.07	-0.20	-0.01	0.97	8.36
0.07	-0.06	-0.02	0.40	3.94
0.08	0.15	-0.05	-0.36	-5.07
0.08	0.27	-0.07	-1.11	-8.39
0.09	0.24	-0.08	-1.07	-8.39
0.09	0.12	-0.08	-0.55	-8.35
0.08	-0.03	-0.05	0.06	-1.42
0.07	-0.23	-0.02	1.20	8.38
0.07	-0.30	0.01	1.49	8.42
0.07	-0.27	0.03	1.41	8.42
0.07	-0.11	0.03	0.84	8.37
0.08	0.10	0.01	0.12	3.62
0.08	0.26	-0.02	-0.64	-6.03
0.09	0.38	-0.04	-1.29	-8.39
0.09	0.34	-0.05	-1.10	-8.38
0.09	0.22	-0.05	-0.68	-8.35
0.09	0.06	-0.02	0.04	0.66
0.09	-0.12	0.01	1.07	8.39
0.08	-0.20	0.03	1.47	8.43
0.09	-0.15	0.05	1.38	8.43
0.09	0.05	0.05	0.72	8.38
0.10	0.24	0.03	0.10	5.85
0.11	0.39	-0.00	-0.79	-5.68
0.12	0.53	-0.04	-1.42	-8.39
0.13	0.53	-0.07	-1.65	-8.42
0.13	0.40	-0.09	-1.53	-8.43
0.13	0.23	-0.11	-1.30	-8.42
0.13	0.08	-0.11	-0.83	-8.39
0.13	-0.11	-0.08	-0.12	-6.00
0.12	-0.29	-0.05	0.91	7.42
0.11	-0.43	-0.02	1.65	8.41
0.10	-0.41	-0.01	1.50	8.41
0.10	-0.25	0.00	0.85	8.35
0.10	-0.11	-0.01	0.38	4.18
0.11	0.08	-0.04	-0.49	-6.66
0.11	0.20	-0.06	-1.26	-8.41
0.11	0.20	-0.08	-1.23	-8.41
0.11	0.06	-0.07	-0.69	-8.37
0.10	-0.13	-0.04	0.16	-0.52
0.10	-0.31	-0.01	1.22	8.38
0.09	-0.38	0.02	1.65	8.43
0.09	-0.30	0.03	1.27	8.40
0.09	-0.16	0.03	0.70	8.36
0.09	0.01	0.01	0.10	2.72
0.10	0.20	-0.02	-0.78	-8.35
0.10	0.32	-0.04	-1.43	-8.41
0.11	0.24	-0.05	-1.13	-8.39
0.10	0.10	-0.04	-0.42	-5.62
0.10	-0.08	-0.01	0.34	3.83
0.09	-0.22	0.02	1.25	8.40
0.09	-0.25	0.04	1.51	8.43
0.09	-0.13	0.04	0.98	8.39
0.10	0.03	0.03	0.40	8.04
0.11	0.23	0.01	-0.34	-0.99
0.11	0.39	-0.02	-1.25	-8.38
0.12	0.45	-0.04	-1.48	-8.40
0.12	0.35	-0.05	-0.88	-8.35
0.13	0.19	-0.04	-0.39	-4.07
0.12	0.05	-0.01	0.33	5.12
0.12	-0.09	0.02	1.13	8.40
0.12	-0.11	0.03	1.48	8.44
0.13	0.03	0.04	0.86	8.39
0.13	0.20	0.02	0.24	7.12
0.15	0.39	-0.02	-0.76	-6.18
0.16	0.54	-0.07	-1.95	-8.45
0.16	0.54	-0.11	-2.26	-8.49
0.17	0.39	-0.13	-1.89	-8.47
0.17	0.23	-0.15	-1.42	-8.45
0.17	0.08	-0.15	-0.83	-8.40
0.16	-0.11	-0.13	-0.17	-8.35
0.15	-0.30	-0.10	0.65	1.48
0.14	-0.48	-0.06	1.54	8.38
0.13	-0.52	-0.03	1.93	8.43
0.13	-0.43	-0.02	1.46	8.39
0.13	-0.25	-0.03	0.59	4.96
0.13	-0.10	-0.05	-0.03	-2.71
0.13	0.04	-0.07	-0.82	-8.38
0.13	0.07	-0.08	-1.04	-8.40
0.12	-0.02	-0.08	-0.66	-8.37
0.11	-0.21	-0.05	0.03	-3.07
0.10	-0.39	-0.01	1.20	8.37
0.10	-0.48	0.01	1.63	8.42
0.09	-0.41	0.03	1.41	8.41
0.09	-0.27	0.03	0.86	8.37
0.09	-0.11	0.03	0.37	5.92
0.10	0.05	-0.00	-0.35	-3.30
0.10	0.22	-0.03	-1.23	-8.39
0.10	0.24	-0.04	-1.33	-8.40
0.10	0.13	-0.05	-0.85	-8.37
0.10	-0.04	-0.03	-0.28	-4.62
0.09	-0.21	0.00	0.90	8.36
0.08	-0.35	0.03	1.45	8.42
0.08	-0.29	0.05	1.38	8.42
0.08	-0.13	0.05	0.85	8.38
0.09	-0.00	0.04	0.26	6.14
0.09	0.20	0.01	-0.51	-3.47
0.10	0.36	-0.02	-1.38	-8.39
0.11	0.37	-0.04	-1.40	-8.40
0.11	0.26	-0.04	-0.86	-8.36
0.11	0.09	-0.02	-0.25	-2.53
0.10	-0.07	0.01	0.76	8.36
0.10	-0.18	0.04	1.43	8.43
0.10	-0.16	0.05	1.40	8.43
0.11	0.03	0.05	0.58	8.37
0.11	0.22	0.03	0.21	7.40
0.12	0.37	0.00	-0.77	-5.32
0.14	0.53	-0.03	-1.43	-8.39
0.14	0.55	-0.05	-1.58	-8.41
0.15	0.41	-0.05	-1.07	-8.37
0.15	0.24	-0.04	-0.20	-1.19
0.15	0.11	-0.02	0.56	8.35
0.15	-0.01	0.01	1.00	8.39
0.15	0.02	0.01	1.20	8.42
0.16	0.22	0.00	0.31	7.59
0.17	0.39	-0.02	-0.24	0.71
0.18	0.56	-0.04	-1.22	0.71
0.18	0.37	-0.01	-0.97	0.71
0.18	-0.03	0.03	1.41	0.71
0.18	-0.07	0.07	1.81	0.71
0.17	-0.10	0.11	1.87	0.71
0.17	-0.11	0.15	1.98	0.71
0.17	-0.10	0.20	2.26	0.71
0.17	-0.10	0.26	2.29	0.71
0.16	-0.11	0.30	2.70	0.71
0.16	-0.10	0.33	2.09	0.71
0.16	-0.10	0.35	1.75	0.71
0.16	-0.11	0.38	1.29	0.71
0.16	-0.10	0.40	1.24	0.71
0.15	-0.10	0.43	1.24	0.71
0.15	-0.11	0.46	1.48	0.71
0.15	-0.10	0.50	1.54	0.71
0.15	-0.10	0.53	1.78	0.71
0.15	-0.10	0.57	1.70	0.71
0.14	-0.11	0.61	1.96	0.71
0.14	-0.11	0.65	1.85	0.71
0.14	-0.10	0.68	1.84	0.71
0.14	-0.10	0.73	1.80	0.71
0.14	-0.10	0.76	2.01	0.71
0.13	-0.10	0.80	1.97	0.71
0.13	-0.10	0.84	1.98	0.71
0.13	-0.11	0.88	1.94	0.71
0.13	-0.10	0.93	2.07	0.71
0.13	-0.10	0.97	2.14	0.71
0.12	-0.10	1.02	2.14	0.71
0.12	-0.10	1.06	2.27	0.71
0.12	-0.11	1.10	2.03	0.71
0.12	-0.10	1.14	2.00	0.71
0.12	-0.10	1.17	2.00	0.71
0.11	-0.10	1.21	1.86	0.71
0.11	-0.10	1.26	1.97	0.71
0.11	-0.11	1.30	2.13	0.71
0.11	-0.10	1.34	2.15	0.71
0.11	-0.10	1.38	2.29	0.71
0.10	-0.10	1.43	2.03	0.71
0.10	-0.11	1.47	2.13	0.71
0.10	-0.10	1.51	2.14	0.71
0.10	-0.10	1.55	2.01	0.71
0.10	-0.11	1.59	1.99	0.71
0.09	-0.10	1.64	2.13	0.71
0.09	-0.11	1.68	2.15	0.71
0.09	-0.10	1.72	2.15	0.71
0.09	-0.11	1.76	2.14	0.71
0.09	-0.10	1.81	2.14	0.71
0.08	-0.10	1.86	2.29	0.71
0.08	-0.11	1.90	2.30	0.71
0.08	-0.11	1.96	2.30	0.71
0.08	-0.10	2.01	2.57	0.71
0.08	-0.10	2.06	2.61	0.71
0.07	-0.11	2.11	2.46	0.71
0.07	-0.11	2.16	2.73	0.71
0.07	-0.10	2.21	2.63	0.71
0.07	-0.10	2.26	2.49	0.71
0.06	-0.11	2.31	2.47	0.71
0.06	-0.10	2.35	2.42	0.71
0.06	-0.11	2.40	2.19	0.71
0.06	-0.10	2.44	2.28	0.71
0.06	-0.10	2.48	2.03	0.71
0.05	-0.11	2.52	2.00	0.71
0.05	-0.10	2.56	1.98	0.71
0.05	-0.10	2.60	2.01	0.71
0.05	-0.11	2.63	1.85	0.71
0.05	-0.10	2.67	1.84	0.71
0.04	-0.10	2.70	1.71	0.71
0.04	-0.10	2.73	1.69	0.71
0.04	-0.11	2.77	1.69	0.71
0.04	-0.10	2.80	1.55	0.71
0.04	-0.10	2.83	1.66	0.71
0.03	-0.10	2.86	1.55	0.71
0.03	-0.11	2.89	1.40	0.71
0.03	-0.10	2.92	1.55	0.71
0.03	-0.10	2.94	1.37	0.71
0.03	-0.10	2.96	1.38	0.71
0.02	-0.10	2.99	1.12	0.71
0.02	-0.11	3.00	1.11	0.71
0.02	-0.10	3.02	0.91	0.71
0.02	-0.10	3.04	0.93	0.71
0.02	-0.10	3.05	0.78	0.71
0.01	-0.11	3.07	0.77	0.71
0.01	-0.10	3.08	0.64	0.71
0.01	-0.10	3.08	0.48	0.71
0.01	-0.11	3.09	0.45	0.71
0.01	-0.10	3.10	0.33	0.71
0.00	-0.10	3.10	0.31	0.71
0.00	-0.11	3.10	0.17	0.71
-0.00	-0.10	3.10	0.16	0.71
-0.00	-0.11	3.10	0.02	0.71
-0.00	-0.10	3.10	0.00	0.71
-0.01	-0.11	3.10	0.00	0.71
-0.01	-0.10	3.10	0.00	0.71
-0.01	-0.10	3.10	-0.01	0.71
-0.01	-0.11	3.10	0.01	0.71
-0.01	-0.10	3.11	-0.00	0.71
-0.02	-0.10	3.11	0.13	0.71
-0.02	-0.11	3.11	0.02	0.71
-0.02	-0.10	3.11	0.00	0.71
-0.02	-0.10	3.11	-0.00	0.71
-0.03	-0.11	3.11	-0.00	0.71
-0.03	-0.10	3.11	0.00	0.71
-0.03	-0.10	3.11	0.01	0.71
-0.03	-0.10	3.11	-0.01	0.71
-0.03	-0.11	3.10	0.00	0.71
-0.04	-0.10	3.10	-0.14	0.71
-0.04	-0.11	3.10	-0.02	0.71
-0.04	-0.10	3.10	-0.01	0.71
-0.04	-0.11	3.10	-0.16	0.71
-0.04	-0.10	3.10	0.01	0.71
-0.05	-0.10	3.10	-0.01	0.71
-0.05	-0.10	3.10	0.00	0.71
-0.05	-0.11	3.10	-0.00	0.71
-0.05	-0.10	3.10	-0.00	0.71
-0.05	-0.10	3.10	0.01	0.71
-0.06	-0.11	3.10	-0.01	0.71
-0.06	-0.10	3.10	-0.13	0.71
-0.06	-0.10	3.10	-0.02	0.71
-0.06	-0.10	3.10	-0.00	0.71
-0.06	-0.10	3.10	-0.00	0.71
-0.07	-0.11	3.10	-0.00	0.71
-0.07	-0.10	3.09	0.00	0.71
-0.07	-0.10	3.09	-0.14	0.71
-0.07	-0.10	3.09	-0.02	0.71
-0.07	-0.11	3.09	0.00	0.71
-0.08	-0.10	3.09	-0.00	0.71
-0.08	-0.10	3.09	0.01	0.71
-0.08	-0.10	3.09	-0.02	0.71
-0.08	-0.11	3.09	0.00	0.71
-0.08	-0.10	3.09	-0.01	0.71
-0.09	-0.10	3.10	0.01	0.71
-0.09	-0.11	3.10	0.15	0.71
-0.09	-0.10	3.10	-0.00	0.71
-0.09	-0.11	3.10	0.14	0.71
-0.09	-0.10	3.10	0.02	0.71
-0.10	-0.11	3.09	-0.13	0.71
-0.10	-0.10	3.09	-0.14	0.71
-0.10	-0.11	3.08	-0.28	0.71
-0.10	-0.10	3.08	-0.17	0.71
-0.10	-0.11	3.08	-0.17	0.71
-0.11	-0.10	3.08	-0.00	0.71
-0.11	-0.11	3.08	-0.15	0.71
-0.11	-0.10	3.08	-0.02	0.71
-0.11	-0.10	3.08	-0.01	0.71
-0.12	-0.11	3.08	0.01	0.71
-0.12	-0.10	3.08	0.00	0.71
-0.12	-0.10	3.08	-0.01	0.71
-0.12	-0.10	3.08	0.14	0.71
-0.12	-0.11	3.09	0.15	0.71
-0.13	-0.10	3.09	0.15	0.71
-0.13	-0.10	3.10	0.29	0.71
-0.13	-0.10	3.10	0.17	0.71
-0.13	-0.10	3.11	0.16	0.71
-0.13	-0.11	3.11	0.29	0.71
-0.14	-0.10	3.11	0.17	0.71
-0.14	-0.10	3.12	0.29	0.71
-0.14	-0.11	3.12	0.17	0.71
-0.14	-0.10	3.13	0.16	0.71
-0.14	-0.10	3.13	0.31	0.71
-0.15	-0.10	3.13	0.18	0.71
-0.15	-0.11	3.14	0.19	0.71
-0.15	-0.10	3.14	0.09	0.71
-0.15	-0.10	3.14	0.01	0.71
-0.15	-0.11	3.14	0.13	0.71
-0.16	-0.10	3.14	0.15	0.71
-0.16	-0.10	3.14	0.02	0.71
-0.16	-0.11	3.14	0.00	0.71
-0.16	-0.10	3.14	-0.01	0.71
-0.16	-0.10	3.14	-0.02	0.71
-0.17	-0.10	3.14	0.02	0.71
-0.17	-0.11	3.14	0.00	0.71
-0.17	-0.10	3.14	-0.01	0.71
-0.17	-0.11	3.14	0.01	0.71
-0.17	-0.10	3.14	-0.14	0.71
-0.18	-0.10	3.13	-0.14	0.71
-0.18	-0.11	3.13	-0.16	0.71
-0.18	-0.10	3.13	-0.15	0.71
-0.18	-0.11	3.12	-0.10	0.71
-0.18	-0.10	3.12	-0.21	0.71
-0.19	-0.11	3.12	-0.16	0.71
-0.19	-0.10	3.12	-0.02	0.71
-0.19	-0.11	3.12	-0.14	0.71
-0.19	-0.10	3.11	-0.15	0.71
-0.19	-0.11	3.11	-0.03	0.71
-0.20	-0.10	3.11	-0.14	0.71
-0.20	-0.11	3.11	-0.02	0.71
-0.20	-0.10	3.11	0.01	0.71
-0.20	-0.09	3.12	-0.01	0.71
0.00	-0.04	3.13	0.27	0.71
0.01	8.74	3.16	0.42	0.71
0.01	1.41	3.20	1.39	0.71
0.02	0.46	3.23	1.86	0.71
0.02	0.33	3.26	1.76	0.71
0.03	0.31	3.29	1.57	0.71
0.04	0.32	3.32	1.55	0.71
0.04	0.31	3.34	1.27	0.71
0.05	0.31	3.36	1.22	0.71
0.06	0.31	3.37	0.83	0.71
0.06	0.31	3.38	0.79	0.71
0.07	0.30	3.39	0.49	0.71
0.07	0.31	3.39	0.34	0.71
0.08	0.31	3.39	0.04	0.71
0.09	0.31	3.38	0.00	0.71
0.09	0.31	3.37	-0.26	0.71
0.10	0.31	3.35	-0.56	0.71
0.10	0.31	3.34	-0.74	0.71
0.11	0.30	3.31	-0.89	0.71
0.12	0.31	3.28	-1.19	0.71
0.12	0.31	3.26	-1.35	0.71
0.13	0.31	3.22	-1.38	0.71
0.13	0.32	3.19	-1.64	0.71
0.14	0.31	3.15	-1.66	0.71
0.15	0.32	3.12	-1.70	0.71
0.15	0.31	3.08	-1.83	0.71
0.16	0.31	3.05	-1.70	0.71
0.17	0.31	3.01	-1.82	0.71
0.17	0.31	2.98	-1.71	0.71
0.18	0.31	2.96	-1.55	0.71
0.18	0.31	2.93	-1.40	0.71
0.19	0.31	2.91	-1.25	0.71
0.20	0.31	2.90	-1.10	0.71
0.20	0.32	2.90	-0.64	0.71
0.20	0.31	2.89	-0.13	0.71
0.20	0.07	2.88	-0.28	0.71
0.20	0.01	2.88	-0.30	0.71
0.20	0.00	2.89	-0.04	0.71
0.20	0.01	2.89	0.14	0.71
0.20	0.00	2.91	0.26	0.71
0.20	0.01	2.92	0.56	0.71
0.20	0.00	2.94	0.88	0.71
0.20	0.01	2.96	0.91	0.71
0.20	0.00	2.99	1.05	0.71
0.20	0.01	3.02	1.20	0.71
0.20	0.00	3.04	1.41	0.71
0.20	0.00	3.08	1.33	0.71
0.20	0.00	3.11	1.51	0.71
0.20	0.00	3.14	1.52	0.71
0.20	0.01	3.16	1.54	0.71
0.20	0.00	3.19	1.40	0.71
0.20	0.00	3.22	1.51	0.71
0.20	0.00	3.25	1.27	0.71
0.20	0.00	3.27	1.36	0.71
0.20	0.00	3.29	1.12	0.71
0.20	0.00	3.31	1.08	0.71
0.20	0.00	3.32	0.94	0.71
0.20	0.00	3.33	0.65	0.71
0.20	0.00	3.34	0.49	0.71
0.00	0.00	3.34	0.34	0.71
0.00	-8.84	3.34	0.17	0.71
0.00	-1.20	3.34	0.16	0.71
0.00	-0.16	3.33	0.02	0.71
0.00	-0.02	3.32	-0.39	0.71
0.00	-0.00	3.31	-0.45	0.71
0.00	-0.00	3.29	-0.71	0.71
0.00	-0.00	3.27	-0.90	0.71
0.00	-0.00	3.24	-1.05	0.71
0.00	-0.00	3.22	-1.21	0.71
0.00	-0.00	3.19	-1.22	0.71
0.00	-0.00	3.16	-1.36	0.71
0.00	-0.00	3.14	-1.38	0.71
0.00	-0.00	3.11	-1.39	0.71
0.00	-0.00	3.08	-1.38	0.71
0.00	-0.00	3.05	-1.51	0.71
0.00	-0.00	3.04	-1.27	0.71
0.00	-0.00	3.03	-0.96	0.71
0.00	-0.00	3.03	-0.53	0.71
0.00	-0.00	3.03	-0.07	0.71
0.00	-0.00	3.04	-0.01	0.71
0.00	-0.00	3.04	0.40	0.71
0.00	-0.00	3.05	0.45	0.71
0.00	-0.00	3.06	0.46	0.71
0.00	-0.00	3.08	0.45	0.71
0.00	-0.00	3.08	0.63	0.71
0.00	-0.00	3.10	0.46	0.71
0.00	-0.00	3.11	0.59	0.71
0.00	-0.00	3.12	0.60	0.71
0.00	-0.00	3.13	0.61	0.71
0.00	-0.00	3.14	0.49	0.71
0.00	-0.00	3.15	0.59	0.71
0.00	-0.00	3.16	0.61	0.71
0.00	-0.00	3.17	0.48	0.71
0.00	-0.00	3.18	0.47	0.71
0.00	-0.00	3.19	0.50	0.71
0.00	-0.00	3.19	0.28	0.71
0.00	-0.00	3.20	0.30	0.71
0.00	-0.00	3.20	0.17	0.71
0.00	-0.00	3.20	0.16	0.71
0.00	-0.00	3.20	0.10	0.71
0.00	-0.00	3.20	0.07	0.71
0.00	-0.00	3.20	0.01	0.71
0.00	-0.00	3.20	0.00	0.71
0.00	-0.00	3.20	-0.01	0.71
0.00	-0.00	3.19	-0.26	0.71
0.00	-0.00	3.19	-0.30	0.71
0.00	-0.00	3.18	-0.30	0.71
0.00	-0.00	3.17	-0.44	0.71
0.00	-0.00	3.16	-0.46	0.71
0.00	-0.00	3.15	-0.46	0.71
0.00	-0.00	3.14	-0.45	0.71
0.00	-0.00	3.13	-0.47	0.71
0.00	-0.00	3.12	-0.60	0.71
0.00	-0.00	3.11	-0.47	0.71
0.00	-0.00	3.10	-0.47	0.71
0.00	-0.00	3.09	-0.46	0.71
0.00	-0.00	3.09	-0.46	0.71
0.00	-0.00	3.09	-0.19	0.71
0.00	-0.00	3.09	-0.02	0.71
0.00	-0.00	3.09	-0.01	0.71
0.00	-0.00	3.09	0.00	0.71
0.00	-0.00	3.10	0.13	0.71
0.00	-0.00	3.10	0.28	0.71
0.00	-0.00	3.11	0.17	0.71
0.00	-0.00	3.11	0.29	0.71
0.00	-0.00	3.11	0.31	0.71
0.00	-0.00	3.12	0.17	0.71
0.00	-0.00	3.12	0.25	0.71
0.00	-0.00	3.13	0.21	0.71
0.00	-0.00	3.13	0.28	0.71
0.00	-0.00	3.14	0.17	0.71
0.00	-0.00	3.14	0.29	0.71
0.00	-0.00	3.15	0.18	0.71
0.00	-0.00	3.15	0.15	0.71
0.00	-0.00	3.15	0.15	0.71
0.00	-0.00	3.15	0.18	0.71
0.00	-0.00	3.15	-0.01	0.71
0.00	-0.00	3.15	0.14	0.71
0.00	-0.00	3.15	0.02	0.71
0.00	-0.00	3.15	0.00	0.71
0.00	-0.00	3.16	-0.00	0.71
0.00	-0.00	3.15	0.01	0.71
0.00	-0.00	3.15	-0.01	0.71
0.00	-0.00	3.15	-0.00	0.71
0.00	-0.00	3.15	-0.13	0.71
0.00	-0.00	3.15	-0.16	0.71
0.00	-0.00	3.14	-0.15	0.71
0.00	-0.00	3.14	-0.15	0.71
0.00	-0.00	3.14	-0.16	0.71
0.00	-0.00	3.13	-0.15	0.71
0.00	-0.00	3.13	-0.15	0.71
0.00	-0.00	3.13	-0.15	0.71
0.00	-0.00	3.12	-0.15	0.71
0.00	-0.00	3.12	-0.15	0.71
0.00	-0.00	3.12	-0.18	0.71
0.00	-0.00	3.12	-0.13	0.71
0.00	-0.00	3.12	-0.02	0.71
0.00	-0.00	3.11	-0.13	0.71
0.00	-0.00	3.11	-0.02	0.71
0.00	-0.00	3.11	-0.14	0.71
0.00	-0.00	3.11	-0.01	0.71
0.00	-0.00	3.11	-0.01	0.71
0.00	-0.00	3.11	0.01	0.71
0.00	-0.00	3.11	0.00	0.71
0.00	-0.00	3.11	-0.00	0.71
0.00	-0.00	3.11	-0.00	0.71
0.00	-0.00	3.11	-0.00	0.71
0.00	-0.00	3.11	-0.00	0.71
0.00	-0.00	3.11	0.01	0.71
0.00	-0.00	3.11	-0.00	0.71
0.00	-0.00	3.11	0.00	0.71
0.00	-0.00	3.12	0.12	0.71
0.00	-0.00	3.11	0.03	0.71
0.00	-0.00	3.12	-0.00	0.71
0.00	-0.00	3.12	0.13	0.71
0.00	-0.00	3.12	0.02	0.71
0.00	-0.00	3.12	-0.01	0.71
0.00	-0.00	3.12	-0.00	0.71
0.00	-0.00	3.12	0.14	0.71
0.00	-0.00	3.12	0.04	0.71
0.00	-0.00	3.12	-0.02	0.71
0.00	-0.00	3.12	-0.00	0.71
0.00	-0.00	3.12	-0.00	0.71
0.00	-0.00	3.12	-0.00	0.71
0.00	-0.00	3.12	0.03	0.71
0.00	-0.00	3.12	-0.01	0.71
0.00	-0.00	3.12	-0.01	0.71
0.00	-0.00	3.12	-0.01	0.71
0.00	-0.00	3.12	-0.02	0.71
0.00	-0.00	3.12	0.01	0.71
0.00	-0.00	3.12	0.01	0.71
0.00	-0.00	3.12	0.00	0.71
0.00	-0.00	3.12	-0.00	0.71
0.00	-0.00	3.12	0.03	0.71
0.00	-0.00	3.12	-0.02	0.71
0.00	-0.00	3.12	0.01	0.71
0.00	-0.00	3.12	-0.01	0.71
0.00	-0.00	3.12	-0.10	0.71
0.00	-0.00	3.12	0.09	0.71
0.00	-0.00	3.12	0.01	0.71
0.00	-0.00	3.12	0.01	0.71
0.00	-0.00	3.12	-0.00	0.71
0.00	-0.00	3.12	-0.00	0.71
0.00	-0.00	3.12	0.00	0.71
0.00	-0.00	3.12	0.00	0.71
0.00	-0.00	3.12	-0.01	0.71
0.00	-0.00	3.12	0.01	0.71
0.00	-0.00	3.12	0.01	0.71
0.00	-0.00	3.12	-0.00	0.71
0.00	-0.00	3.12	0.00	0.71
0.00	-0.00	3.12	-0.00	0.71
0.00	-0.00	3.12	0.00	0.71
0.00	-0.00	3.12	-0.00	0.71
0.00	-0.00	3.12	-0.02	0.71
0.00	-0.00	3.12	0.02	0.71
0.00	-0.00	3.12	0.01	0.71
0.00	-0.00	3.12	-0.00	0.71
0.00	-0.00	3.12	0.00	0.71
0.00	-0.00	3.12	-0.01	0.71
0.00	-0.00	3.12	-0.00	0.71
0.00	-0.00	3.12	-0.00	0.71
0.00	-0.00	3.12	-0.01	0.71
0.00	-0.00	3.12	0.01	0.71
0.00	-0.00	3.12	0.00	0.71
0.00	-0.00	3.12	0.00	0.71
0.00	-0.00	3.12	0.03	0.71
0.00	-0.00	3.12	-0.03	0.71
0.00	-0.00	3.12	0.00	0.71
0.00	-0.00	3.12	0.00	0.71
0.00	-0.00	3.12	0.00	0.71
0.00	-0.00	3.12	-0.00	0.71
0.00	-0.00	3.12	0.00	0.71
0.00	-0.00	3.12	0.00	0.71
0.00	-0.00	3.12	0.03	0.71
0.00	-0.00	3.12	-0.02	0.71
0.00	-0.00	3.12	-0.00	0.71
0.00	-0.00	3.12	-0.00	0.71
0.00	-0.00	3.12	0.00	0.71
0.00	-0.00	3.12	0.00	0.71
0.00	-0.00	3.12	-0.00	0.71
0.00	-0.00	3.12	0.01	0.71
0.00	-0.00	3.12	-0.01	0.71
0.00	-0.00	3.12	-0.00	0.71
0.00	-0.00	3.12	-0.01	0.71
0.00	-0.00	3.12	0.01	0.71
0.00	-0.00	3.12	-0.01	0.71
0.00	-0.00	3.12	0.00	0.71
0.00	-0.00	3.12	0.01	0.71
0.00	-0.00	3.12	-0.01	0.71
0.00	-0.00	3.12	-0.00	0.71
0.00	-0.00	3.12	-0.00	0.71
0.00	-0.00	3.12	0.01	0.71
0.00	-0.00	3.12	0.01	0.71
0.00	-0.00	3.12	-0.01	0.71
0.00	-0.00	3.12	-0.01	0.71
0.00	-0.00	3.12	0.00	0.71
0.00	-0.00	3.12	-0.00	0.71
0.00	-0.00	3.12	0.00	0.71
0.00	-0.00	3.12	0.00	0.71
0.00	-0.00	3.12	-0.00	0.71
0.00	-0.00	3.12	0.01	0.71
0.00	-0.00	3.12	-0.01	0.71
0.00	-0.00	3.12	0.00	0.71
0.00	-0.00	3.12	0.04	0.71
0.00	-0.00	3.12	-0.04	0.71
0.00	-0.00	3.12	-0.00	0.71
0.00	-0.00	3.12	0.00	0.71
0.00	-0.00	3.12	-0.00	0.71
0.00	-0.00	3.12	-0.00	0.71
0.00	-0.00	3.12	-0.00	0.71
0.00	-0.00	3.12	-0.00	0.71
0.00	-0.00	3.12	0.00	0.71
0.00	-0.00	3.12	0.00	0.71
0.00	-0.00	3.12	0.00	0.71
0.00	-0.00	3.12	-0.00	0.71
0.00	-0.00	3.12	-0.00	0.71
0.00	-0.00	3.12	-0.00	0.71
0.00	-0.00	3.12	0.01	0.71
0.00	-0.00	3.12	0.04	0.71
0.00	-0.00	3.12	-0.04	0.71
0.00	-0.00	3.12	-0.00	0.71
0.00	-0.00	3.12	-0.00	0.71
0.00	-0.00	3.12	0.00	0.71
0.00	-0.00	3.12	-0.00	0.71
0.00	-0.00	3.12	0.00	0.71
0.00	-0.00	3.12	-0.00	0.71
0.00	-0.00	3.12	0.00	0.71
0.00	-0.00	3.12	0.00	0.71
0.00	-0.00	3.12	0.13	0.71
0.00	-0.00	3.13	0.03	0.71
0.00	-0.00	3.13	0.12	0.71
0.00	-0.00	3.13	0.03	0.71
0.00	-0.00	3.13	0.14	0.71
0.00	-0.00	3.13	0.15	0.71
0.00	-0.00	3.13	0.07	0.71
0.00	-0.00	3.14	-0.04	0.71
0.00	-0.00	3.14	0.13	0.71
0.00	-0.00	3.14	0.02	0.71
0.00	-0.00	3.14	0.01	0.71
0.00	-0.00	3.14	0.13	0.71
0.00	-0.00	3.14	0.02	0.71
0.00	-0.00	3.15	0.13	0.71
0.00	-0.00	3.15	0.15	0.71
0.00	-0.00	3.15	0.02	0.71
0.00	-0.00	3.15	0.13	0.71
0.00	-0.00	3.15	0.07	0.71
0.00	-0.00	3.15	0.09	0.71
0.00	-0.00	3.15	0.02	0.71
0.00	-0.00	3.15	-0.01	0.71
0.00	-0.00	3.15	0.13	0.71
0.00	-0.00	3.15	0.02	0.71
0.00	-0.00	3.15	0.01	0.71
0.00	-0.00	3.15	-0.01	0.71
0.00	-0.00	3.15	-0.00	0.71
0.00	-0.00	3.16	-0.00	0.71
0.00	-0.00	3.15	0.01	0.71
0.00	-0.00	3.15	-0.00	0.71
0.00	-0.00	3.15	-0.00	0.71
0.00	-0.00	3.15	-0.00	0.71
0.00	-0.00	3.15	0.00	0.71
0.00	-0.00	3.15	-0.00	0.71
0.00	-0.00	3.16	-0.00	0.71
0.00	-0.00	3.16	0.13	0.71
0.00	-0.00	3.16	0.02	0.71
0.00	-0.00	3.16	0.01	0.71
0.00	-0.00	3.16	-0.00	0.71
0.00	-0.00	3.16	-0.00	0.71
0.00	-0.00	3.16	0.13	0.71
0.00	-0.00	3.16	0.03	0.71
0.00	-0.00	3.16	-0.00	0.71
0.00	-0.00	3.16	0.00	0.71
0.00	-0.00	3.16	0.02	0.71
0.00	-0.00	3.16	-0.02	0.71
0.00	-0.00	3.16	-0.00	0.71
0.00	-0.00	3.16	0.01	0.71
0.00	-0.00	3.16	-0.01	0.71
0.00	-0.00	3.16	0.00	0.71
0.00	-0.00	3.16	0.01	0.71
0.00	-0.00	3.16	0.13	0.71
0.00	-0.00	3.17	0.02	0.71
0.00	-0.00	3.17	0.14	0.71
0.00	-0.00	3.17	0.01	0.71
0.00	-0.00	3.17	0.13	0.71
0.00	-0.00	3.17	0.02	0.71
0.00	-0.00	3.17	0.00	0.71
0.00	-0.00	3.17	0.00	0.71
0.00	-0.00	3.17	0.00	0.71
0.00	-0.00	3.17	0.00	0.71
0.00	-0.00	3.17	0.00	0.71
0.00	-0.00	3.17	-0.06	0.71
0.00	-0.00	3.17	0.05	0.71
0.00	-0.00	3.17	-0.00	0.71
0.00	-0.00	3.17	0.00	0.71
0.00	-0.00	3.17	0.05	0.71
0.00	-0.00	3.16	-0.16	0.71
0.00	-0.00	3.16	-0.15	0.71
0.00	-0.00	3.16	-0.02	0.71
0.00	-0.00	3.16	-0.14	0.71
0.00	-0.00	3.15	-0.16	0.71
-0.00	-0.00	3.15	-0.15	0.71
0.00	-0.01	3.15	-0.15	0.71
0.00	0.01	3.15	-0.03	0.71
0.00	0.00	3.15	-0.13	0.71
0.00	0.00	3.14	-0.16	0.71
0.00	0.00	3.14	-0.15	0.71
0.00	0.00	3.14	-0.01	0.71
0.00	0.00	3.14	-0.14	0.71
0.00	0.00	3.13	-0.15	0.71
0.00	0.00	3.13	-0.15	0.71
0.00	0.00	3.13	-0.03	0.71
0.00	0.00	3.13	-0.14	0.71
0.00	0.00	3.13	-0.03	0.71
0.00	0.00	3.13	-0.11	0.71
0.00	0.00	3.13	-0.02	0.71
0.00	0.00	3.13	-0.00	0.71
0.00	0.00	3.12	-0.00	0.71
0.00	0.00	3.12	-0.13	0.71
0.00	0.00	3.12	-0.02	0.71
0.00	0.00	3.12	-0.00	0.71
0.00	0.00	3.12	0.01	0.71
0.00	0.00	3.12	-0.01	0.71
0.00	0.00	3.12	-0.00	0.71
0.00	0.00	3.12	0.03	0.71
0.00	0.00	3.12	-0.02	0.71
0.00	0.00	3.12	-0.00	0.71
0.00	0.00	3.12	-0.00	0.71
0.00	0.00	3.12	0.01	0.71
0.00	0.00	3.12	-0.01	0.71
0.00	0.00	3.12	0.00	0.71
0.00	0.00	3.12	-0.00	0.71
0.00	0.00	3.12	0.01	0.71
0.00	0.00	3.12	-0.01	0.71
0.00	0.00	3.12	-0.00	0.71
0.00	0.00	3.12	-0.00	0.71
0.00	0.00	3.12	0.01	0.71
0.00	0.00	3.12	-0.00	0.71
0.00	0.00	3.12	0.01	0.71
0.00	0.00	3.12	-0.00	0.71
0.00	0.00	3.12	-0.01	0.71
0.00	0.00	3.12	0.01	0.71
0.00	0.00	3.12	-0.01	0.71
0.00	0.00	3.12	0.00	0.71
0.00	0.00	3.12	0.01	0.71
0.00	0.00	3.12	-0.01	0.71
0.00	0.00	3.12	-0.00	0.71
0.00	0.00	3.12	0.00	0.71
0.00	0.00	3.12	0.00	0.71
0.00	0.00	3.12	-0.05	0.71
0.00	0.00	3.12	0.04	0.71
0.00	0.00	3.12	0.00	0.71
0.00	0.00	3.12	-0.01	0.71
0.00	0.00	3.12	-0.00	0.71
0.00	0.00	3.12	-0.00	0.71
0.00	0.00	3.12	-0.13	0.71
0.00	0.00	3.12	-0.02	0.71
0.00	0.00	3.12	-0.14	0.71
0.00	0.00	3.12	-0.01	0.71
0.00	0.00	3.12	-0.01	0.71
0.00	0.00	3.12	0.01	0.71
0.00	0.00	3.12	-0.01	0.71
0.00	0.00	3.12	-0.00	0.71
0.00	0.00	3.12	-0.00	0.71
0.00	0.00	3.12	0.00	0.71
0.00	0.00	3.12	-0.00	0.71
0.00	0.00	3.12	0.00	0.71
0.00	0.00	3.12	0.00	0.71
0.00	0.00	3.12	0.13	0.71
0.00	0.00	3.12	0.15	0.71
0.00	0.00	3.13	0.01	0.71
0.00	0.00	3.13	0.14	0.71
0.00	0.00	3.13	0.02	0.71
0.00	0.00	3.13	0.14	0.71
0.00	0.00	3.13	0.15	0.71
0.00	0.00	3.14	0.02	0.71
0.00	0.00	3.14	0.14	0.71
0.00	0.00	3.14	0.01	0.71
0.00	0.00	3.14	0.13	0.71
0.00	0.00	3.15	0.16	0.71
0.00	0.00	3.15	0.16	0.71
0.00	0.00	3.15	0.15	0.71
0.00	0.00	3.15	0.02	0.71
0.00	0.00	3.15	0.14	0.71
0.00	0.00	3.15	0.14	0.71
-0.00	0.00	3.16	0.02	0.71
0.00	-0.01	3.16	0.14	0.71
0.00	0.01	3.16	0.04	0.71
0.00	0.00	3.16	-0.01	0.71
0.00	0.00	3.16	0.01	0.71
0.00	0.00	3.16	-0.01	0.71
0.00	0.00	3.15	-0.01	0.71
0.00	0.00	3.15	-0.12	0.71
0.00	0.00	3.15	-0.02	0.71
0.00	0.00	3.15	-0.14	0.71
0.00	0.00	3.14	-0.28	0.71
0.00	0.00	3.14	-0.17	0.71
0.00	0.00	3.14	-0.16	0.71
0.00	0.00	3.13	-0.15	0.71
0.00	0.00	3.13	-0.29	0.71
0.00	0.00	3.13	-0.17	0.71
0.00	0.00	3.12	-0.10	0.71
0.00	0.00	3.11	-0.33	0.71
0.00	0.00	3.11	-0.18	0.71
0.00	0.00	3.11	-0.15	0.71
0.00	0.00	3.11	-0.16	0.71
0.00	0.00	3.11	-0.16	0.71
0.00	0.00	3.10	-0.01	0.71
0.00	0.00	3.10	-0.14	0.71
0.00	0.00	3.10	-0.01	0.71
0.00	0.00	3.10	-0.00	0.71
0.00	0.00	3.10	0.01	0.71
0.00	0.00	3.10	-0.02	0.71
0.00	0.00	3.10	-0.04	0.71
0.00	0.00	3.10	0.03	0.71
0.00	0.00	3.10	0.00	0.71
0.00	0.00	3.10	0.01	0.71
0.00	0.00	3.11	-0.00	0.71
0.00	0.00	3.11	0.13	0.71
0.00	0.00	3.11	0.15	0.71
0.00	0.00	3.11	0.02	0.71
0.00	0.00	3.11	0.13	0.71
0.00	0.00	3.12	0.02	0.71
0.00	0.00	3.11	0.14	0.71
0.00	0.00	3.12	0.01	0.71
0.00	0.00	3.12	0.14	0.71
0.00	0.00	3.12	0.01	0.71
0.00	0.00	3.12	0.14	0.71
0.00	0.00	3.12	0.02	0.71
0.00	0.00	3.12	0.00	0.71
0.00	0.00	3.12	0.16	0.71
0.00	0.00	3.12	0.00	0.71
0.00	0.00	3.12	-0.01	0.71
0.00	0.00	3.12	0.00	0.71
0.00	0.00	3.12	-0.01	0.71
0.00	0.00	3.12	-0.00	0.71
0.00	0.00	3.13	0.01	0.71
0.00	0.00	3.12	0.06	0.71
0.00	0.00	3.12	-0.06	0.71
0.00	0.00	3.12	-0.01	0.71
0.00	0.00	3.12	0.00	0.71
0.00	0.00	3.12	0.00	0.71
0.00	0.00	3.12	0.00	0.71
0.00	0.00	3.12	0.00	0.71
0.00	0.00	3.12	-0.00	0.71
0.00	0.00	3.12	0.00	0.71
0.00	0.00	3.12	0.00	0.71
0.00	0.00	3.12	0.00	0.71
0.00	0.00	3.12	-0.00	0.71
0.00	0.00	3.12	-0.00	0.71
0.00	0.00	3.12	-0.01	0.71
0.00	0.00	3.12	0.02	0.71
0.00	0.00	3.12	-0.02	0.71
0.00	0.00	3.12	0.00	0.71
0.00	0.00	3.12	0.00	0.71
0.00	0.00	3.12	0.00	0.71
0.00	0.00	3.12	-0.00	0.71
0.00	0.00	3.12	0.00	0.71
0.00	0.00	3.12	0.00	0.71
0.00	0.00	3.12	0.00	0.71
0.00	0.00	3.12	-0.01	0.71
0.00	0.00	3.12	-0.00	0.71
0.00	0.00	3.12	0.01	0.71
0.00	0.00	3.12	-0.00	0.71
0.00	0.00	3.13	0.00	0.71
0.00	0.00	3.12	0.07	0.71
0.00	0.00	3.12	-0.06	0.71
0.00	0.00	3.12	-0.00	0.71
0.00	0.00	3.12	-0.00	0.71
0.00	0.00	3.12	-0.00	0.71
0.00	0.00	3.12	-0.00	0.71
0.00	0.00	3.12	0.00	0.71
0.00	0.00	3.12	-0.01	0.71
0.00	0.00	3.12	0.01	0.71
0.00	0.00	3.12	-0.00	0.71
0.00	0.00	3.12	-0.02	0.71
0.00	0.00	3.12	0.02	0.71
0.00	0.00	3.12	0.01	0.71
0.00	0.00	3.12	-0.01	0.71
0.00	0.00	3.12	0.00	0.71
0.00	0.00	3.12	0.00	0.71
0.00	0.00	3.12	-0.00	0.71
0.00	0.00	3.12	0.00	0.71
0.00	0.00	3.12	-0.01	0.71
0.00	0.00	3.12	0.00	0.71
0.00	0.00	3.12	0.00	0.71
0.00	0.00	3.12	-0.00	0.71
0.00	0.00	3.12	-0.00	0.71
0.00	0.00	3.12	0.00	0.71
0.00	0.00	3.12	0.00	0.71
0.00	0.00	3.12	0.00	0.71
0.00	0.00	3.12	-0.00	0.71
0.00	0.00	3.12	-0.00	0.71
0.00	0.00	3.12	0.00	0.71
0.00	0.00	3.12	0.00	0.71
0.00	0.00	3.12	-0.00	0.71
0.00	0.00	3.12	-0.01	0.71
0.00	0.00	3.12	0.01	0.71
0.00	0.00	3.12	-0.00	0.71
0.00	0.00	3.13	-0.00	0.71
0.00	0.00	3.12	0.07	0.71
0.00	0.00	3.12	-0.06	0.71
0.00	0.00	3.12	-0.00	0.71
0.00	0.00	3.12	-0.01	0.71
0.00	0.00	3.12	-0.00	0.71
0.00	0.00	3.12	0.01	0.71
0.00	0.00	3.12	-0.00	0.71
0.00	0.00	3.12	-0.00	0.71
0.00	0.00	3.12	0.00	0.71
0.00	0.00	3.12	0.00	0.71
0.00	0.00	3.12	0.00	0.71
0.00	0.00	3.12	0.00	0.71
0.00	0.00	3.12	0.00	0.71
0.00	0.00	3.12	0.00	0.71
0.00	0.00	3.12	-0.00	0.71
0.00	0.00	3.12	-0.00	0.71
0.00	0.00	3.12	0.00	0.71
0.00	0.00	3.12	-0.00	0.71
0.00	0.00	3.12	0.01	0.71
0.00	0.00	3.12	-0.01	0.71
0.00	0.00	3.12	0.03	0.71
0.00	0.00	3.12	-0.03	0.71
0.00	0.00	3.12	0.00	0.71
0.00	0.00	3.12	-0.01	0.71
0.00	0.00	3.12	0.01	0.71
0.00	0.00	3.12	-0.00	0.71
0.00	0.00	3.12	0.00	0.71
0.00	0.00	3.12	-0.00	0.71
0.00	0.00	3.12	-0.01	0.71
0.00	0.00	3.12	0.00	0.71
0.00	0.00	3.12	-0.09	0.71
0.00	0.00	3.12	0.09	0.71
0.00	0.00	3.12	0.01	0.71
0.00	0.00	3.12	-0.00	0.71
0.00	0.00	3.12	0.00	0.71
0.00	0.00	3.12	0.00	0.71
0.00	0.00	3.12	-0.00	0.71
0.00	0.00	3.12	-0.00	0.71
0.00	0.00	3.12	0.00	0.71
0.00	0.00	3.13	0.01	0.71
0.00	0.00	3.12	0.06	0.71
0.00	0.00	3.12	-0.05	0.71
0.00	0.00	3.12	-0.01	0.71
0.00	0.00	3.12	-0.05	0.71
0.00	0.00	3.12	0.04	0.71
0.00	0.00	3.12	0.00	0.71
0.00	0.00	3.12	-0.00	0.71
0.00	0.00	3.12	0.01	0.71
0.00	0.00	3.12	-0.00	0.71
0.00	0.00	3.12	0.00	0.71
0.00	0.00	3.12	0.00	0.71
0.00	0.00	3.12	0.00	0.71
0.00	0.00	3.12	-0.01	0.71
0.00	0.00	3.12	-0.00	0.71
0.00	0.00	3.12	-0.00	0.71
0.00	0.00	3.12	0.00	0.71
0.00	0.00	3.12	-0.01	0.71
0.00	0.00	3.12	0.00	0.71
0.00	0.00	3.12	-0.00	0.71
0.00	0.00	3.12	0.01	0.71
0.00	0.00	3.12	0.03	0.71
0.00	0.00	3.12	-0.03	0.71
0.00	0.00	3.12	-0.00	0.71
0.00	0.00	3.12	-0.08	0.71
0.00	0.00	3.12	0.07	0.71
0.00	0.00	3.12	-0.00	0.71
0.00	0.00	3.12	0.02	0.71
0.00	0.00	3.12	0.00	0.71
0.00	0.00	3.12	-0.00	0.71
0.00	0.00	3.12	-0.00	0.71
0.00	0.00	3.12	0.01	0.71
0.00	0.00	3.12	-0.00	0.71
0.00	0.00	3.12	0.02	0.71
0.00	0.00	3.12	-0.01	0.71
0.00	0.00	3.12	0.00	0.71
0.00	0.00	3.12	-0.01	0.71
0.00	0.00	3.12	0.00	0.71
0.00	0.00	3.12	-0.00	0.71
0.00	0.00	3.12	-0.00	0.71
0.00	0.00	3.12	0.01	0.71
0.00	0.00	3.12	-0.00	0.71
0.00	0.00	3.12	-0.00	0.71
0.00	0.00	3.12	-0.00	0.71
0.00	0.00	3.12	-0.04	0.71
0.00	0.00	3.12	-0.08	0.71
0.00	0.00	3.12	-0.03	0.71
0.00	0.00	3.12	0.00	0.71
0.00	0.00	3.12	-0.00	0.71
0.00	0.00	3.12	-0.00	0.71
0.00	0.00	3.12	0.00	0.71
0.00	0.00	3.12	-0.02	0.71
0.00	0.00	3.12	0.02	0.71
0.00	0.00	3.12	-0.00	0.71
0.00	0.00	3.12	0.00	0.71
0.00	0.00	3.12	0.01	0.71
0.00	0.00	3.12	-0.01	0.71
0.00	0.00	3.12	0.00	0.71
0.00	0.00	3.13	0.13	0.71
0.00	0.00	3.13	0.15	0.71
0.00	0.00	3.13	0.02	0.71
0.00	0.00	3.13	0.13	0.71
0.00	0.00	3.13	0.02	0.71
0.00	0.00	3.13	0.00	0.71
0.00	0.00	3.13	-0.00	0.71
0.00	0.00	3.13	0.00	0.71
0.00	0.00	3.13	-0.13	0.71
0.00	0.00	3.12	-0.02	0.71
0.00	0.00	3.12	-0.13	0.71
0.00	0.00	3.12	-0.16	0.71
0.00	0.00	3.12	-0.03	0.71
0.00	0.00	3.12	-0.12	0.71
0.00	0.00	3.11	-0.14	0.71
0.00	0.00	3.12	-0.03	0.71
0.00	0.00	3.12	0.00	0.71
0.00	0.00	3.11	-0.00	0.71
0.00	0.00	3.11	-0.01	0.71
0.00	0.00	3.11	0.00	0.71
0.00	0.00	3.12	0.00	0.71
0.00	0.00	3.12	0.14	0.71
0.00	0.00	3.13	0.28	0.71
0.00	0.00	3.13	0.17	0.71
0.00	0.00	3.13	0.16	0.71
0.00	0.00	3.14	0.15	0.71
0.00	0.00	3.14	0.15	0.71
0.00	0.00	3.14	0.15	0.71
0.00	0.01	3.14	0.03	0.71
0.00	-0.01	3.14	-0.01	0.71
0.00	-0.00	3.14	0.14	0.71
0.00	0.01	3.15	0.02	0.71
0.00	-0.01	3.15	0.14	0.71
0.00	-0.00	3.15	0.12	0.71
0.00	-0.00	3.15	0.18	0.71
0.00	-0.00	3.16	0.15	0.71
0.00	-0.00	3.16	0.28	0.71
0.00	-0.00	3.16	0.04	0.71
0.00	-0.00	3.17	0.15	0.71
0.00	-0.00	3.17	0.15	0.71
-0.00	-0.00	3.17	0.01	0.71
0.00	-0.01	3.17	0.01	0.71
0.00	0.01	3.17	0.00	0.71
0.00	0.00	3.17	-0.01	0.71
0.00	0.00	3.16	0.00	0.71
0.00	0.00	3.16	-0.13	0.71
0.00	0.00	3.16	-0.16	0.71
0.00	0.00	3.15	-0.15	0.71
0.00	0.00	3.15	-0.16	0.71
0.00	0.00	3.15	-0.28	0.71
0.00	0.00	3.14	-0.16	0.71
0.00	0.00	3.14	-0.31	0.71
0.00	0.00	3.13	-0.17	0.71
0.00	0.00	3.13	-0.17	0.71
0.00	0.00	3.13	-0.14	0.71
0.00	0.00	3.12	-0.15	0.71
0.00	0.00	3.12	-0.14	0.71
0.00	0.00	3.12	-0.16	0.71
0.00	0.00	3.12	-0.15	0.71
0.00	0.00	3.12	-0.02	0.71
0.00	0.00	3.12	-0.00	0.71
0.00	0.00	3.12	0.00	0.71
0.00	0.00	3.12	-0.01	0.71
0.00	0.00	3.12	0.01	0.71
0.00	0.00	3.12	-0.00	0.71
0.00	0.00	3.12	-0.00	0.71
0.00	0.00	3.12	0.00	0.71
0.00	0.00	3.12	0.13	0.71
0.00	0.00	3.12	0.02	0.71
0.00	0.00	3.12	0.14	0.71
0.00	0.00	3.13	0.01	0.71
0.00	0.00	3.13	0.13	0.71
0.00	0.00	3.13	0.16	0.71
0.00	0.00	3.13	0.05	0.71
0.00	0.00	3.14	0.11	0.71
0.00	0.00	3.14	0.13	0.71
0.00	0.00	3.14	0.17	0.71
0.00	0.00	3.14	0.01	0.71
0.00	0.00	3.14	0.13	0.71
0.00	0.00	3.15	0.02	0.71
0.00	0.00	3.15	0.14	0.71
0.00	0.00	3.15	0.02	0.71
0.00	0.00	3.15	0.02	0.71
0.00	0.00	3.15	-0.01	0.71
0.00	0.00	3.15	-0.01	0.71
0.00	0.00	3.15	-0.01	0.71
0.00	0.00	3.15	-0.00	0.71
0.00	0.00	3.15	0.01	0.71
0.00	0.00	3.15	-0.00	0.71
0.00	0.00	3.15	-0.00	0.71
0.00	0.00	3.15	-0.00	0.71
0.00	0.00	3.15	0.01	0.71
0.00	0.00	3.14	0.00	0.71
0.00	0.00	3.15	-0.04	0.71
0.00	0.00	3.15	0.03	0.71
0.00	0.00	3.14	0.00	0.71
0.00	0.00	3.14	-0.12	0.71
0.00	0.00	3.14	-0.03	0.71
0.00	0.00	3.14	-0.01	0.71
0.00	0.00	3.14	-0.00	0.71
0.00	0.00	3.14	0.01	0.71
0.00	0.00	3.14	-0.01	0.71
0.00	0.00	3.14	0.00	0.71
0.00	0.00	3.14	0.01	0.71
0.00	0.00	3.14	-0.01	0.71
0.00	0.00	3.14	-0.00	0.71
0.00	0.00	3.14	-0.02	0.71
0.00	0.00	3.14	0.02	0.71
0.00	0.00	3.14	0.00	0.71
0.00	0.00	3.14	-0.00	0.71
0.00	0.00	3.14	-0.01	0.71
0.00	0.00	3.14	0.01	0.71
0.00	0.00	3.14	-0.01	0.71
0.00	0.00	3.14	-0.03	0.71
0.00	0.00	3.14	0.03	0.71
0.00	0.00	3.14	0.02	0.71
0.00	0.00	3.14	-0.01	0.71
0.00	0.00	3.14	-0.00	0.71
0.00	0.00	3.14	-0.00	0.71
0.00	0.00	3.14	0.00	0.71
0.00	0.00	3.14	-0.01	0.71
0.00	0.00	3.14	0.01	0.71
0.00	0.00	3.14	0.00	0.71
0.00	0.00	3.14	0.08	0.71
0.00	0.00	3.14	-0.07	0.71
0.00	0.00	3.14	-0.01	0.71
0.00	0.00	3.14	-0.01	0.71
0.00	0.00	3.14	0.01	0.71
0.00	0.00	3.14	0.00	0.71
0.00	0.00	3.14	-0.01	0.71
0.00	0.00	3.14	-0.01	0.71
0.00	0.00	3.14	0.01	0.71
0.00	0.00	3.14	0.00	0.71
0.00	0.00	3.14	-0.01	0.71
0.00	0.00	3.14	0.00	0.71
0.00	0.00	3.14	-0.00	0.71
0.00	0.00	3.14	0.00	0.71
0.00	0.00	3.14	-0.00	0.71
0.00	0.00	3.14	-0.00	0.71
0.00	0.00	3.14	0.01	0.71
0.00	0.00	3.14	-0.01	0.71
0.00	0.00	3.14	0.01	0.71
0.00	0.00	3.14	0.00	0.71
0.00	0.00	3.14	0.01	0.71
0.00	0.00	3.14	-0.01	0.71
0.00	0.00	3.14	-0.00	0.71
0.00	0.00	3.14	0.00	0.71
0.00	0.00	3.14	0.00	0.71
0.00	0.00	3.14	0.01	0.71
0.00	0.00	3.14	-0.01	0.71
0.00	0.00	3.14	0.06	0.71
0.00	0.00	3.14	-0.05	0.71
0.00	0.00	3.14	-0.00	0.71
0.00	0.00	3.14	-0.00	0.71
0.00	0.00	3.14	0.00	0.71
0.00	0.00	3.14	0.00	0.71
0.00	0.00	3.15	-0.00	0.71
0.00	0.00	3.16	0.20	0.71
0.00	0.00	3.18	0.62	0.71
0.00	0.00	3.21	1.02	0.71
0.00	0.00	3.23	1.20	0.71
0.00	0.00	3.26	1.37	0.71
0.00	0.00	3.29	1.37	0.71
0.00	0.00	3.32	1.51	0.71
0.00	0.00	3.35	1.40	0.71
0.00	0.00	3.38	1.38	0.71
0.00	0.00	3.41	1.38	0.71
0.00	0.00	3.44	1.51	0.71
0.00	0.00	3.47	1.67	0.71
0.00	0.00	3.50	1.55	0.71
0.00	0.00	3.54	1.67	0.71
0.00	0.00	3.57	1.69	0.71
0.00	0.00	3.60	1.69	0.71
0.00	0.00	3.64	1.56	0.71
0.00	0.00	3.67	1.80	0.71
0.00	0.00	3.71	1.70	0.71
0.00	0.00	3.75	1.82	0.71
0.00	0.00	3.78	1.84	0.71
0.00	0.00	3.82	1.84	0.71
0.00	0.00	3.86	1.84	0.71
0.00	0.00	3.90	1.84	0.71
0.00	0.00	3.93	1.97	0.71
0.00	0.00	3.97	1.85	0.71
0.00	0.00	4.01	1.85	0.71
0.00	0.00	4.04	1.84	0.71
0.00	0.00	4.08	1.71	0.71
0.00	0.00	4.11	1.70	0.71
0.00	0.00	4.15	1.80	0.71
0.00	0.00	4.19	1.86	0.71
0.00	0.00	4.23	1.84	0.71
0.00	0.00	4.26	1.98	0.71
0.00	0.00	4.30	1.86	0.71
0.00	0.00	4.33	1.84	0.71
0.00	0.00	4.36	1.58	0.71
0.00	0.00	4.39	1.41	0.71
0.00	0.00	4.41	1.38	0.71
0.00	0.00	4.44	1.38	0.71
0.00	0.00	4.46	1.29	0.71
0.00	0.00	4.49	1.20	0.71
0.00	0.00	4.51	1.22	0.71
0.00	0.00	4.53	1.09	0.71
0.00	0.00	4.55	1.08	0.71
0.00	0.00	4.57	0.94	0.71
0.00	0.00	4.58	0.93	0.71
0.00	0.00	4.60	0.78	0.71
0.00	0.00	4.62	0.78	0.71
0.00	0.00	4.63	0.90	0.71
0.00	0.00	4.65	0.78	0.71
0.00	0.00	4.66	0.77	0.71
0.00	0.00	4.67	0.76	0.71
0.00	0.00	4.69	0.63	0.71
0.00	0.00	4.70	0.75	0.71
0.00	0.00	4.72	0.64	0.71
0.00	0.00	4.73	0.75	0.71
0.00	0.00	4.74	0.63	0.71
0.00	0.00	4.76	0.75	0.71
0.00	0.00	4.78	0.76	0.71
0.00	0.00	4.79	0.90	0.71
0.00	0.00	4.81	0.78	0.71
0.00	0.00	4.83	0.90	0.71
0.00	0.00	4.85	0.92	0.71
0.00	0.00	4.87	0.92	0.71
0.00	0.00	4.89	0.92	0.71
0.00	0.00	4.91	1.05	0.71
0.00	0.00	4.93	1.08	0.71
0.00	0.00	4.95	1.06	0.71
0.00	0.00	4.97	0.95	0.71
0.00	0.00	4.99	1.05	0.71
0.00	0.00	5.01	1.07	0.71
0.00	0.00	5.03	0.94	0.71
0.00	0.00	5.05	0.92	0.71
0.00	0.00	5.07	1.06	0.71
0.00	0.00	5.08	0.94	0.71
0.00	0.00	5.10	0.79	0.71
0.00	0.00	5.12	0.90	0.71
0.00	0.00	5.13	0.79	0.71
0.00	0.00	5.15	0.77	0.71
0.00	0.00	5.16	0.64	0.71
0.00	0.00	5.16	0.48	0.71
0.00	0.00	5.17	0.46	0.71
0.00	0.00	5.18	0.46	0.71
0.00	0.00	5.19	0.47	0.71
0.00	0.00	5.20	0.45	0.71
0.00	0.00	5.21	0.33	0.71
0.00	0.00	5.21	0.44	0.71
0.00	0.00	5.22	0.19	0.71
0.00	0.00	5.22	0.29	0.71
0.00	0.00	5.22	0.03	0.71
0.00	0.00	5.22	0.14	0.71
0.00	0.00	5.22	0.01	0.71
0.00	0.00	5.22	0.00	0.71
0.00	0.00	5.21	0.00	0.71
0.00	0.00	5.20	-0.27	0.71
0.00	0.00	5.20	-0.44	0.71
0.00	0.00	5.18	-0.44	0.71
0.00	0.00	5.16	-0.72	0.71
0.00	0.00	5.15	-0.76	0.71
0.00	0.00	5.13	-0.63	0.71
0.00	0.00	5.11	-0.88	0.71
0.00	0.00	5.09	-1.04	0.71
0.00	0.00	5.06	-1.21	0.71
0.00	0.00	5.04	-1.22	0.71
0.00	0.00	5.01	-1.36	0.71
0.00	0.00	4.98	-1.24	0.71
0.00	0.00	4.95	-1.37	0.71
0.00	0.00	4.93	-1.51	0.71
0.00	0.00	4.89	-1.39	0.71
0.00	0.00	4.86	-1.66	0.71
0.00	0.00	4.83	-1.55	0.71
0.00	0.00	4.79	-1.67	0.71
0.00	0.00	4.76	-1.68	0.71
0.00	0.00	4.72	-1.82	0.71
0.00	0.00	4.69	-1.71	0.71
0.00	0.00	4.65	-1.84	0.71
0.00	0.00	4.61	-1.82	0.71
0.00	0.00	4.57	-1.97	0.71
0.00	0.00	4.53	-1.99	0.71
0.00	0.00	4.48	-1.99	0.71
0.00	0.00	4.44	-2.26	0.71
0.00	0.00	4.39	-2.30	0.71
0.00	0.00	4.35	-2.17	0.71
0.00	0.00	4.31	-2.28	0.71
0.00	0.00	4.26	-2.16	0.71
0.00	0.00	4.21	-2.40	0.71
0.00	0.00	4.16	-2.33	0.71
0.00	0.00	4.12	-2.31	0.71
0.00	0.00	4.07	-2.30	0.71
0.00	0.00	4.02	-2.44	0.71
0.00	0.00	3.98	-2.32	0.71
0.00	0.00	3.93	-2.31	0.71
0.00	0.00	3.89	-2.17	0.71
0.00	0.00	3.85	-2.28	0.71
0.00	0.00	3.80	-2.17	0.71
0.00	0.00	3.76	-2.20	0.71
0.00	0.00	3.72	-2.10	0.71
0.00	0.00	3.67	-2.14	0.71
0.00	0.00	3.63	-2.14	0.71
0.00	0.00	3.59	-2.15	0.71
0.00	0.00	3.54	-2.15	0.71
0.00	0.00	3.50	-2.14	0.71
0.00	0.00	3.46	-2.15	0.71
0.00	0.00	3.42	-2.15	0.71
0.00	0.00	3.39	-1.89	0.71
0.00	0.00	3.35	-1.77	0.71
0.00	0.00	3.32	-1.91	0.71
0.00	0.00	3.28	-1.58	0.71
0.00	0.00	3.25	-1.67	0.71
0.00	0.00	3.21	-1.69	0.71
0.00	0.00	3.18	-1.82	0.71
0.00	0.00	3.14	-1.83	0.71
0.00	0.00	3.10	-1.84	0.71
0.00	0.00	3.07	-1.98	0.71
0.00	0.00	3.03	-1.72	0.71
0.00	0.00	3.00	-1.60	0.71
0.00	0.00	2.97	-1.64	0.71
0.00	0.00	2.94	-1.55	0.71
0.00	0.00	2.90	-1.66	0.71
0.00	0.00	2.86	-1.83	0.71
0.00	0.00	2.82	-1.83	0.71
0.00	0.00	2.79	-1.98	0.71
0.00	0.00	2.75	-1.87	0.71
0.00	0.00	2.72	-1.70	0.71
0.00	0.00	2.69	-1.69	0.71
0.00	0.00	2.66	-1.42	0.71
0.00	0.00	2.64	-1.38	0.71
0.00	0.00	2.61	-1.38	0.71
0.00	0.00	2.58	-1.27	0.71
0.00	0.00	2.56	-1.35	0.71
0.00	0.00	2.53	-1.25	0.71
0.00	0.00	2.50	-1.36	0.71
0.00	0.00	2.48	-1.38	0.71
0.00	0.00	2.46	-1.38	0.71
0.00	0.00	2.43	-1.11	0.71
0.00	0.00	2.41	-1.22	0.71
0.00	0.00	2.39	-0.95	0.71
0.00	0.00	2.38	-0.92	0.71
0.00	0.00	2.35	-0.93	0.71
0.00	0.00	2.32	-1.19	0.71
0.00	0.00	2.30	-1.35	0.71
0.00	0.00	2.27	-1.37	0.71
0.00	0.00	2.23	-1.38	0.71
0.00	0.00	2.20	-1.65	0.71
0.00	0.00	2.17	-1.56	0.71
0.00	0.00	2.14	-1.52	0.71
0.00	0.00	2.10	-1.81	0.71
0.00	0.00	2.06	-1.84	0.71
0.00	0.00	2.03	-1.83	0.71
0.00	0.00	1.99	-1.85	0.71
0.00	0.00	1.95	-1.84	0.71
0.00	0.00	1.92	-1.84	0.71
0.00	0.00	1.88	-1.85	0.71
0.00	0.00	1.85	-1.70	0.71
0.00	0.00	1.82	-1.69	0.71
0.00	0.00	1.79	-1.57	0.71
0.00	0.00	1.76	-1.53	0.71
0.00	0.00	1.73	-1.40	0.71
0.00	0.00	1.70	-1.51	0.71
0.00	0.00	1.67	-1.54	0.71
0.00	0.00	1.64	-1.40	0.71
0.00	0.00	1.61	-1.52	0.71
0.00	0.00	1.59	-1.39	0.71
0.00	0.00	1.56	-1.25	0.71
0.00	0.00	1.54	-1.23	0.71
0.00	0.00	1.52	-1.10	0.71
0.00	0.00	1.50	-1.07	0.71
0.00	0.00	1.48	-0.94	0.71
0.00	0.00	1.46	-0.93	0.71
0.00	0.00	1.44	-1.05	0.71
0.00	0.00	1.42	-0.94	0.71
0.00	0.00	1.40	-1.06	0.71
0.00	0.00	1.38	-1.07	0.71
0.00	0.00	1.36	-0.94	0.71
0.00	0.00	1.34	-1.22	0.71
0.00	0.00	1.31	-1.06	0.71
0.00	0.00	1.29	-1.21	0.71
0.00	0.00	1.26	-1.21	0.71
0.00	0.00	1.23	-1.37	0.71
0.00	0.00	1.20	-1.51	0.71
0.00	0.00	1.16	-1.52	0.71
0.00	0.00	1.13	-1.67	0.71
0.00	0.00	1.09	-1.69	0.71
0.00	0.00	1.06	-1.82	0.71
0.00	0.00	1.02	-1.84	0.71
0.00	0.00	0.98	-1.84	0.71
0.00	0.00	0.95	-1.84	0.71
0.00	0.00	0.91	-1.85	0.71
0.00	0.00	0.87	-1.84	0.71
0.00	0.00	0.84	-1.84	0.71
0.00	0.00	0.80	-1.71	0.71
0.00	0.00	0.77	-1.69	0.71
0.00	0.00	0.74	-1.69	0.71
0.00	0.00	0.71	-1.71	0.71
0.00	0.00	0.67	-1.53	0.71
0.00	0.00	0.64	-1.67	0.71
0.00	0.00	0.61	-1.55	0.71
0.00	0.00	0.58	-1.53	0.71
0.00	0.00	0.55	-1.41	0.71
0.00	0.00	0.53	-1.51	0.71
0.00	0.00	0.50	-1.25	0.71
0.00	0.00	0.47	-1.37	0.71
0.00	0.00	0.45	-1.38	0.71
0.00	0.00	0.42	-1.25	0.71
0.00	0.00	0.40	-1.23	0.71
0.00	0.00	0.38	-1.23	0.71
0.00	0.00	0.35	-1.23	0.71
0.00	0.00	0.33	-1.09	0.71
0.00	0.00	0.31	-1.06	0.71
0.00	0.00	0.29	-1.08	0.71
0.00	0.00	0.27	-1.08	0.71
0.00	0.00	0.25	-0.94	0.71
0.00	0.00	0.23	-1.05	0.71
0.00	0.00	0.21	-1.08	0.71
0.00	0.00	0.19	-0.94	0.71
0.00	0.00	0.17	-0.92	0.71
0.00	0.00	0.16	-0.92	0.71
0.00	0.00	0.14	-0.78	0.71
0.00	0.00	0.12	-0.90	0.71
0.00	0.00	0.11	-0.78	0.71
0.00	0.00	0.09	-0.91	0.71
0.00	0.00	0.07	-0.78	-6.03
-0.00	0.00	0.07	-0.77	-6.37
-0.01	-0.06	0.07	-0.50	-3.32
-0.01	-0.19	0.08	0.08	3.50
-0.02	-0.28	0.09	0.54	8.35
-0.02	-0.27	0.10	0.61	8.36
-0.02	-0.16	0.09	0.34	7.71
-0.02	-0.02	0.07	-0.22	0.81
-0.01	0.15	0.05	-0.82	-6.35
-0.01	0.24	0.04	-1.04	-8.35
-0.01	0.21	0.04	-0.80	-6.40
-0.01	0.06	0.05	-0.12	1.72
-0.01	-0.09	0.06	0.52	8.35
-0.01	-0.14	0.07	0.44	7.81
-0.01	-0.07	0.05	0.35	6.63
-0.00	0.10	0.03	-0.48	-3.90
0.00	0.27	-0.01	-1.26	-8.39
0.00	0.28	-0.02	-1.50	-8.41
0.00	0.16	-0.03	-0.86	-8.37
0.00	0.02	-0.02	-0.52	-7.72
-0.01	-0.17	0.00	0.22	1.42
-0.01	-0.34	0.03	1.20	8.39
-0.02	-0.38	0.04	1.24	8.39
-0.02	-0.29	0.05	0.81	8.36
-0.02	-0.13	0.04	0.37	5.39
-0.02	0.02	0.01	-0.47	-5.53
-0.01	0.17	-0.01	-1.26	-8.40
-0.01	0.17	-0.03	-1.10	-8.39
-0.02	0.07	-0.03	-0.82	-8.37
-0.02	-0.13	-0.00	-0.10	-2.82
-0.03	-0.31	0.03	1.05	8.37
-0.04	-0.41	0.05	1.47	8.41
-0.04	-0.34	0.06	1.00	8.38
-0.04	-0.20	0.05	0.53	7.51
-0.04	-0.04	0.03	-0.06	0.21
-0.03	0.13	0.00	-0.94	-8.36
-0.03	0.21	-0.01	-1.32	-8.40
-0.03	0.14	-0.02	-0.98	-8.38
-0.04	-0.01	-0.01	-0.39	-5.69
-0.04	-0.21	0.02	0.62	6.84
-0.05	-0.34	0.05	1.27	8.40
-0.05	-0.32	0.06	1.37	8.42
-0.05	-0.18	0.07	0.71	8.36
-0.05	-0.04	0.05	0.36	6.64
-0.04	0.17	0.03	-0.61	-5.32
-0.04	0.31	-0.00	-1.28	-8.39
-0.03	0.32	-0.02	-1.37	-8.40
-0.03	0.19	-0.02	-0.84	-8.36
-0.04	0.03	0.00	-0.12	-1.51
-0.04	-0.15	0.03	0.79	8.36
-0.05	-0.24	0.05	1.30	8.41
-0.05	-0.20	0.06	1.10	8.40
-0.04	-0.04	0.06	0.56	8.35
-0.04	0.15	0.03	-0.07	1.90
-0.03	0.34	0.00	-1.06	-8.36
-0.02	0.44	-0.02	-1.48	-8.40
-0.02	0.35	-0.03	-1.13	-8.38
-0.02	0.19	-0.03	-0.68	-8.35
-0.02	0.04	0.00	0.18	2.63
-0.02	-0.14	0.03	1.22	8.40
-0.02	-0.18	0.05	1.36	8.42
-0.02	-0.10	0.06	1.11	8.41
-0.02	0.05	0.05	0.41	8.29
-0.01	0.25	0.03	-0.21	0.93
0.00	0.43	-0.01	-1.09	-8.36
0.01	0.51	-0.02	-1.49	-8.40
0.02	0.43	-0.04	-0.99	-8.36
0.02	0.26	-0.03	-0.66	-7.56
0.02	0.10	-0.01	0.18	3.10
0.01	-0.05	0.02	1.09	8.40
0.01	-0.09	0.04	1.33	8.43
0.02	-0.03	0.05	1.11	8.41
0.03	0.18	0.04	0.29	7.54
0.04	0.36	0.01	-0.36	-0.44
0.05	0.52	-0.02	-1.21	-8.37
0.06	0.58	-0.04	-1.52	-8.40
0.06	0.46	-0.05	-1.01	-8.36
0.07	0.32	-0.04	-0.40	-3.58
0.07	0.16	-0.02	0.35	5.59
0.07	0.06	0.00	0.84	8.37
0.07	0.06	0.01	0.91	8.39
0.08	0.17	0.01	0.66	8.37
0.09	0.38	-0.01	-0.17	1.32
0.10	0.52	-0.05	-0.96	-8.35
0.11	0.65	-0.08	-1.72	-8.42
0.12	0.54	-0.09	-1.29	-8.40
0.13	0.38	-0.10	-0.85	-8.37
0.13	0.23	-0.11	-0.51	-8.35
0.12	0.07	-0.10	-0.32	-8.04
0.12	-0.11	-0.08	0.09	-3.08
0.11	-0.29	-0.04	1.06	8.35
0.10	-0.39	-0.02	1.65	8.42
0.10	-0.35	-0.01	1.24	8.38
0.10	-0.19	-0.01	0.70	7.63
0.10	-0.03	-0.03	0.09	0.10
0.11	0.18	-0.07	-1.03	-8.39
0.11	0.24	-0.09	-1.63	-8.45
0.11	0.13	-0.10	-1.15	-8.41
0.11	0.00	-0.09	-0.55	-8.37
0.10	-0.19	-0.07	0.18	-2.10
0.09	-0.36	-0.03	1.09	8.36
0.08	-0.46	-0.01	1.61	8.41
0.08	-0.38	0.01	1.27	8.39
0.08	-0.24	0.01	0.81	8.35
0.08	-0.08	-0.01	0.15	1.10
0.08	0.10	-0.05	-0.91	-8.38
0.09	0.19	-0.07	-1.45	-8.43
0.08	0.15	-0.08	-1.12	-8.40
0.08	-0.02	-0.07	-0.68	-8.37
0.07	-0.21	-0.04	0.17	-1.55
0.06	-0.40	-0.01	1.24	8.38
0.05	-0.46	0.01	1.60	8.42
0.05	-0.40	0.03	1.27	8.39
0.05	-0.24	0.03	0.73	8.35
0.05	-0.08	0.01	0.07	0.97
0.05	0.08	-0.02	-0.78	-8.36
0.06	0.19	-0.04	-1.30	-8.41
0.06	0.14	-0.05	-1.10	-8.40
0.05	-0.03	-0.04	-0.55	-8.35
0.04	-0.22	-0.01	0.32	1.92
0.03	-0.40	0.02	1.37	8.40
0.03	-0.44	0.04	1.64	8.43
0.02	-0.34	0.06	1.15	8.40
0.02	-0.17	0.06	0.68	8.36
0.03	-0.04	0.04	0.23	4.91
0.03	0.17	0.01	-0.82	-8.17
0.04	0.30	-0.02	-1.39	-8.40
0.04	0.26	-0.03	-1.38	-8.40
0.04	0.11	-0.03	-0.71	-8.35
0.03	-0.06	-0.00	0.03	-0.06
0.03	-0.25	0.03	1.07	8.38
0.02	-0.32	0.05	1.33	8.41
0.02	-0.26	0.07	1.38	8.43
0.02	-0.09	0.07	0.71	8.37
0.03	0.08	0.04	0.10	4.59
0.04	0.28	0.01	-0.92	-8.27
0.04	0.40	-0.01	-1.45	-8.40
0.05	0.33	-0.02	-1.26	-8.39
0.05	0.19	-0.02	-0.70	-8.12
0.04	0.05	0.00	-0.10	-0.40
0.04	-0.14	0.03	1.05	8.39
0.04	-0.22	0.06	1.49	8.44
0.04	-0.18	0.07	1.51	8.45
0.04	0.00	0.07	0.60	8.37
0.05	0.20	0.05	0.09	6.20
0.06	0.36	0.02	-0.79	-5.11
0.07	0.50	-0.01	-1.44	-8.38
0.08	0.50	-0.02	-1.51	-8.40
0.08	0.37	-0.03	-0.87	-8.35
0.08	0.22	-0.01	-0.25	-1.25
0.08	0.06	0.01	0.49	7.97
0.08	-0.05	0.03	0.99	8.39
0.08	-0.02	0.04	1.20	8.42
0.09	0.17	0.03	0.44	8.35
0.10	0.36	0.01	-0.20	1.98
0.11	0.51	-0.03	-1.10	-8.36
0.12	0.63	-0.05	-1.75	-8.42
0.13	0.54	-0.07	-1.30	-8.39
0.14	0.37	-0.07	-0.70	-7.98
0.14	0.22	-0.05	-0.09	-0.74
0.14	0.07	-0.02	0.65	8.35
0.14	-0.02	-0.01	1.28	8.41
0.14	0.01	-0.01	0.84	8.37
0.15	0.19	-0.04	0.11	2.52
0.16	0.38	-0.08	-1.18	-8.39
0.17	0.49	-0.12	-2.15	-8.48
0.17	0.40	-0.14	-1.75	-8.46
0.17	0.25	-0.15	-1.17	-8.46
0.17	0.11	-0.15	-0.81	-8.46
0.17	-0.07	-0.15	-0.12	-8.46
0.17	-0.09	-0.15	-0.01	-8.46
0.17	-0.10	-0.16	-0.01	-8.46
0.16	-0.10	-0.16	-0.13	-8.46
0.16	-0.11	-0.16	-0.16	-8.46
0.16	-0.10	-0.17	-0.28	-8.46
0.16	-0.10	-0.18	-0.43	-8.46
0.15	-0.11	-0.20	-0.46	-8.46
0.15	-0.10	-0.21	-0.71	-8.46
0.15	-0.10	-0.24	-0.76	-8.46
0.15	-0.11	-0.26	-1.16	-8.46
0.15	-0.10	-0.29	-1.23	-8.46
0.14	-0.11	-0.32	-1.35	-8.46
0.14	-0.10	-0.36	-1.52	-8.46
0.14	-0.10	-0.40	-1.66	-8.46
0.14	-0.11	-0.44	-1.96	-8.46
0.14	-0.10	-0.49	-2.24	-8.46
0.13	-0.10	-0.55	-2.56	-8.46
0.13	-0.10	-0.62	-3.00	-8.46
0.13	-0.11	-0.70	-3.33	-8.46
0.13	-0.10	-0.79	-3.89	-8.46
0.13	-0.10	-0.89	-4.38	-8.46
0.12	-0.10	-0.99	-4.71	-8.46
0.12	-0.11	-1.11	-5.22	-8.46
0.12	-0.10	-1.24	-6.02	-8.46
0.12	-0.10	-1.28	-6.30	-8.46
0.12	-0.10	-1.28	-2.72	-8.46
0.11	-0.10	-1.28	-0.34	-8.46
0.11	-0.10	-1.28	0.33	-8.46
0.11	-0.11	-1.29	0.05	-8.46
0.11	-0.10	-1.32	-0.79	-8.46
0.11	-0.10	-1.34	-1.30	-8.46
0.10	-0.10	-1.35	-0.82	-8.46
0.10	-0.10	-1.36	-0.66	-8.46
0.10	-0.11	-1.37	-0.49	-8.46
0.10	-0.10	-1.37	-0.47	-8.46
0.10	-0.10	-1.37	-0.20	-8.46
0.09	-0.11	-1.36	-0.02	-8.46
0.09	-0.10	-1.34	0.39	-8.46
0.09	-0.10	-1.32	0.85	-8.46
0.09	-0.11	-1.30	0.91	-8.46
0.09	-0.10	-1.28	1.18	-8.46
0.08	-0.11	-1.26	1.10	-8.46
0.08	-0.10	-1.24	0.93	-8.46
0.08	-0.11	-1.24	0.79	-8.46
0.08	-0.10	-1.24	0.25	-8.46
0.08	-0.11	-1.24	0.16	-8.46
0.07	-0.10	-1.25	-0.11	-8.46
0.07	-0.11	-1.27	-0.54	-8.46
0.07	-0.10	-1.28	-0.60	-8.46
0.07	-0.11	-1.29	-0.62	-8.46
0.06	-0.10	-1.29	-0.61	-8.46
0.06	-0.11	-1.30	-0.22	-8.46
0.06	-0.10	-1.30	-0.17	-8.46
0.06	-0.11	-1.30	-0.01	-8.46
0.06	-0.10	-1.30	0.00	-8.46
0.05	-0.11	-1.30	-0.13	-8.46
0.05	-0.10	-1.31	-0.15	-8.46
0.05	-0.10	-1.31	-0.16	-8.46
0.05	-0.11	-1.32	-0.32	-8.46
0.05	-0.10	-1.33	-0.41	-8.46
0.04	-0.10	-1.35	-0.59	-8.46
0.04	-0.11	-1.36	-0.61	-8.46
0.04	-0.10	-1.38	-0.76	-8.46
0.04	-0.10	-1.39	-0.88	-8.46
0.04	-0.10	-1.41	-0.77	-8.46
0.03	-0.11	-1.43	-0.91	-8.46
0.03	-0.10	-1.45	-0.92	-8.46
0.03	-0.10	-1.47	-1.06	-8.46
0.03	-0.10	-1.49	-1.06	-8.46
0.03	-0.10	-1.51	-0.93	-8.46
0.02	-0.11	-1.52	-0.80	-8.46
0.02	-0.10	-1.54	-0.64	-8.46
0.02	-0.10	-1.55	-0.74	-8.46
0.02	-0.10	-1.56	-0.51	-8.46
0.02	-0.11	-1.57	-0.74	-8.46
0.01	-0.10	-1.58	-0.62	-8.46
0.01	-0.10	-1.59	-0.49	-8.46
0.01	-0.10	-1.60	-0.33	-8.46
0.01	-0.11	-1.61	-0.45	-8.46
0.01	-0.10	-1.63	-0.59	-8.46
0.00	-0.10	-1.65	-0.75	-8.46
0.00	-0.10	-1.67	-1.03	-8.46
-0.00	-0.11	-1.69	-1.06	-8.46
-0.00	-0.10	-1.71	-1.07	-8.46
-0.00	-0.11	-1.73	-1.08	-8.46
-0.01	-0.10	-1.75	-0.93	-8.46
-0.01	-0.10	-1.77	-1.06	-8.46
-0.01	-0.11	-1.78	-0.94	-8.46
-0.01	-0.10	-1.81	-0.79	-8.46
-0.01	-0.11	-1.82	-1.03	-8.46
-0.02	-0.10	-1.85	-0.93	-8.46
-0.02	-0.10	-1.87	-1.05	-8.46
-0.02	-0.11	-1.89	-1.08	-8.46
-0.02	-0.10	-1.92	-1.21	-8.46
-0.03	-0.11	-1.95	-1.36	-8.46
-0.03	-0.10	-1.97	-1.35	-8.46
-0.03	-0.10	-2.01	-1.40	-8.46
-0.03	-0.11	-2.04	-1.52	-8.46
-0.03	-0.10	-2.07	-1.66	-8.46
-0.04	-0.10	-2.11	-1.68	-8.46
-0.04	-0.11	-2.15	-1.82	-8.46
-0.04	-0.10	-2.18	-1.83	-8.46
-0.04	-0.11	-2.22	-1.85	-8.46
-0.04	-0.10	-2.26	-1.98	-8.46
-0.05	-0.11	-2.30	-1.99	-8.46
-0.05	-0.10	-2.34	-1.86	-8.46
-0.05	-0.10	-2.37	-1.88	-8.46
-0.05	-0.11	-2.41	-1.81	-8.46
-0.05	-0.10	-2.45	-1.84	-8.46
-0.06	-0.10	-2.48	-1.83	-8.46
-0.06	-0.10	-2.51	-1.72	-8.46
-0.06	-0.10	-2.54	-1.56	-8.46
-0.06	-0.11	-2.57	-1.54	-8.46
-0.06	-0.10	-2.60	-1.53	-8.46
-0.07	-0.10	-2.63	-1.39	-8.46
-0.07	-0.10	-2.65	-1.40	-8.46
-0.07	-0.10	-2.67	-1.25	-8.46
-0.07	-0.11	-2.70	-1.04	-8.46
-0.07	-0.10	-2.72	-1.26	-8.46
-0.08	-0.10	-2.74	-1.11	-8.46
-0.08	-0.10	-2.77	-1.07	-8.46
-0.08	-0.10	-2.79	-1.21	-8.46
-0.08	-0.11	-2.81	-1.09	-8.46
-0.08	-0.10	-2.84	-1.21	-8.46
-0.09	-0.10	-2.86	-1.22	-8.46
-0.09	-0.11	-2.89	-1.24	-8.46
-0.09	-0.10	-2.91	-1.23	-8.46
-0.09	-0.11	-2.92	-1.10	-8.46
-0.09	-0.10	-2.94	-0.81	-8.46
-0.10	-0.10	-2.96	-0.77	-8.46
-0.10	-0.11	-2.97	-0.90	-8.46
-0.10	-0.11	-2.99	-0.79	-8.46
-0.10	-0.10	-3.00	-0.77	-8.46
-0.10	-0.10	-3.01	-0.77	-8.46
-0.11	-0.11	-3.03	-0.64	-8.46
-0.11	-0.10	-3.04	-0.75	-8.46
-0.11	-0.11	-3.06	-0.72	-8.46
-0.11	-0.10	-3.08	-0.93	-8.46
-0.12	-0.11	-3.10	-0.80	-8.46
-0.12	-0.10	-3.12	-0.90	-8.46
-0.12	-0.10	-3.13	-0.90	-8.46
-0.12	-0.11	-3.15	-0.93	-8.46
-0.12	-0.10	-3.16	-0.79	-8.46
-0.13	-0.10	-3.17	-0.63	-8.46
-0.13	-0.11	-3.18	-0.49	-8.46
-0.13	-0.10	-3.19	-0.46	-8.46
-0.13	-0.10	-3.20	-0.47	-8.46
-0.13	-0.10	-3.21	-0.59	-8.46
-0.14	-0.10	-3.23	-0.61	-8.46
-0.14	-0.11	-3.24	-0.61	-8.46
-0.14	-0.10	-3.25	-0.61	-8.46
-0.14	-0.10	-3.25	-0.48	-8.46
-0.14	-0.11	-3.26	-0.32	-8.46
-0.15	-0.10	-3.27	-0.45	-8.46
-0.15	-0.10	-3.27	-0.33	-8.46
-0.15	-0.10	-3.28	-0.17	-8.46
-0.15	-0.11	-3.28	-0.29	-8.46
-0.15	-0.10	-3.29	-0.30	-8.46
-0.16	-0.10	-3.29	-0.16	-8.46
-0.16	-0.10	-3.30	-0.30	-8.46
-0.16	-0.11	-3.31	-0.31	-8.46
-0.16	-0.10	-3.31	-0.31	-8.46
-0.16	-0.10	-3.32	-0.30	-8.46
-0.17	-0.11	-3.33	-0.44	-8.46
-0.17	-0.10	-3.33	-0.33	-8.46
-0.17	-0.10	-3.34	-0.31	-8.46
-0.17	-0.11	-3.35	-0.44	-8.46
-0.17	-0.10	-3.35	-0.19	-8.46
-0.18	-0.10	-3.36	-0.29	-8.46
-0.18	-0.11	-3.37	-0.30	-8.46
-0.18	-0.10	-3.37	-0.44	-8.46
-0.18	-0.11	-3.38	-0.33	-8.46
-0.18	-0.10	-3.39	-0.31	-8.46
-0.19	-0.10	-3.39	-0.31	-8.46
-0.19	-0.11	-3.40	-0.31	-8.46
-0.19	-0.10	-3.40	-0.31	-8.46
-0.19	-0.11	-3.41	-0.30	-8.46
-0.19	-0.10	-3.41	-0.30	-8.46
-0.20	-0.11	-3.42	-0.18	-8.46
-0.20	-0.10	-3.42	-0.15	-8.46
-0.20	-0.11	-3.42	-0.03	-8.46
-0.20	-0.10	-3.42	-0.00	-8.46
-0.20	-0.09	-3.41	0.00	-8.46
0.00	-0.02	-3.40	0.27	-8.46
0.01	8.80	-3.38	0.33	-8.46
0.01	1.40	-3.34	1.22	-8.46
0.02	0.46	-3.31	1.89	-8.46
0.02	0.34	-3.28	1.57	-8.46
0.03	0.31	-3.25	1.55	-8.46
0.04	0.32	-3.23	1.39	-8.46
0.04	0.30	-3.21	1.12	-8.46
0.05	0.31	-3.19	0.95	-8.46
0.06	0.32	-3.17	0.92	-8.46
0.06	0.31	-3.16	0.79	-8.46
0.07	0.31	-3.15	0.63	-8.46
0.07	0.30	-3.14	0.62	-8.46
0.08	0.31	-3.13	0.61	-8.46
0.09	0.30	-3.12	0.58	-8.46
0.09	0.31	-3.10	0.52	-8.46
0.10	0.31	-3.09	0.60	-8.46
0.10	0.32	-3.08	0.60	-8.46
0.11	0.31	-3.08	0.48	-8.46
0.12	0.32	-3.07	0.34	-8.46
0.12	0.31	-3.07	0.17	-8.46
0.13	0.31	-3.07	0.15	-8.46
0.13	0.31	-3.07	0.02	-8.46
0.14	0.31	-3.07	0.00	-8.46
0.15	0.31	-3.07	-0.00	-8.46
0.15	0.31	-3.07	0.00	-8.46
0.16	0.31	-3.06	0.13	-8.46
0.17	0.31	-3.06	0.15	-8.46
0.17	0.32	-3.05	0.30	-8.46
0.18	0.31	-3.04	0.31	-8.46
0.18	0.31	-3.03	0.43	-8.46
0.19	0.31	-3.02	0.46	-8.46
0.20	0.32	-3.01	0.42	-8.46
0.20	0.32	-2.99	0.75	-8.46
0.20	0.31	-2.99	0.90	-8.46
0.20	0.05	-3.00	0.12	-8.46
0.20	0.01	-3.01	-0.25	-8.46
0.20	0.01	-3.02	-0.44	-8.46
0.20	0.00	-3.03	-0.59	-8.46
0.20	0.00	-3.04	-0.61	-8.46
0.20	0.00	-3.05	-0.35	-8.46
0.20	0.00	-3.05	-0.45	-8.46
0.20	0.00	-3.06	-0.32	-8.46
0.20	0.00	-3.07	-0.44	-8.46
0.20	0.00	-3.07	-0.33	-8.46
0.20	0.00	-3.08	-0.31	-8.46
0.20	0.00	-3.08	-0.18	-8.46
0.20	0.00	-3.08	-0.19	-8.46
0.20	0.00	-3.09	-0.12	-8.46
0.20	0.00	-3.09	-0.15	-8.46
0.20	0.00	-3.09	-0.28	-8.46
0.20	0.00	-3.10	-0.17	-8.46
0.20	0.00	-3.10	-0.16	-8.46
0.20	0.00	-3.10	-0.15	-8.46
0.20	0.00	-3.10	-0.01	-8.46
0.20	0.00	-3.11	-0.15	-8.46
0.20	0.00	-3.11	-0.15	-8.46
0.20	0.00	-3.11	-0.02	-8.46
0.20	0.00	-3.11	-0.13	-8.46
0.00	0.00	-3.12	-0.15	-8.46
0.00	-8.80	-3.12	-0.29	-8.46
0.00	-1.19	-3.13	-0.17	-8.46
0.00	-0.16	-3.13	-0.16	-8.46
0.00	-0.02	-3.13	-0.28	-8.46
0.00	-0.00	-3.14	-0.18	-8.46
0.00	-0.00	-3.14	-0.29	-8.46
0.00	-0.00	-3.15	-0.17	-8.46
0.00	-0.00	-3.15	-0.15	-8.46
0.00	-0.00	-3.16	-0.29	-8.46
0.00	-0.00	-3.16	-0.17	-8.46
0.00	-0.00	-3.16	-0.03	-8.46
0.00	-0.00	-3.16	-0.13	-8.46
0.00	-0.00	-3.16	-0.02	-8.46
0.00	-0.00	-3.16	-0.00	-8.46
0.00	-0.00	-3.16	0.01	-8.46
0.00	-0.00	-3.16	-0.00	-8.46
0.00	-0.00	-3.16	-0.00	-8.46
0.00	-0.00	-3.16	0.00	-8.46
0.00	-0.00	-3.16	0.00	-8.46
0.00	-0.00	-3.16	-0.00	-8.46
0.00	-0.00	-3.16	0.01	-8.46
0.00	-0.00	-3.16	-0.00	-8.46
0.00	-0.00	-3.16	-0.00	-8.46
0.00	-0.00	-3.16	0.00	-8.46
0.00	-0.00	-3.16	-0.06	-8.46
0.00	-0.00	-3.16	0.05	-8.46
0.00	-0.00	-3.16	0.01	-8.46
0.00	-0.00	-3.16	-0.00	-8.46
0.00	-0.00	-3.16	0.00	-8.46
0.00	-0.00	-3.16	0.00	-8.46
0.00	-0.00	-3.16	0.06	-8.46
0.00	-0.00	-3.16	-0.05	-8.46
0.00	-0.00	-3.16	-0.01	-8.46
0.00	-0.00	-3.16	0.00	-8.46
0.00	-0.00	-3.16	0.13	-8.46
0.00	-0.00	-3.16	-0.00	-8.46
0.00	-0.00	-3.15	0.02	-8.46
0.00	-0.00	-3.15	0.14	-8.46
0.00	-0.00	-3.15	0.02	-8.46
0.00	-0.00	-3.15	0.00	-8.46
0.00	-0.00	-3.15	0.13	-8.46
0.00	-0.00	-3.15	0.02	-8.46
0.00	-0.00	-3.15	-0.01	-8.46
0.00	-0.00	-3.15	0.02	-8.46
0.00	-0.00	-3.15	0.12	-8.46
0.00	-0.00	-3.15	0.01	-8.46
0.00	-0.00	-3.15	0.00	-8.46
0.00	-0.00	-3.15	-0.00	-8.46
0.00	-0.00	-3.15	0.00	-8.46
0.00	-0.00	-3.15	0.00	-8.46
0.00	-0.00	-3.15	-0.00	-8.46
0.00	-0.00	-3.15	0.00	-8.46
0.00	-0.00	-3.15	0.00	-8.46
0.00	-0.00	-3.15	0.00	-8.46
0.00	-0.00	-3.15	0.00	-8.46
0.00	-0.00	-3.15	0.01	-8.46
0.00	-0.00	-3.15	-0.01	-8.46
0.00	-0.00	-3.15	0.00	-8.46
0.00	-0.00	-3.15	-0.03	-8.46
0.00	-0.00	-3.15	0.02	-8.46
0.00	-0.00	-3.15	0.01	-8.46
0.00	-0.00	-3.15	-0.02	-8.46
0.00	-0.00	-3.15	0.01	-8.46
0.00	-0.00	-3.15	0.00	-8.46
0.00	-0.00	-3.15	0.01	-8.46
0.00	-0.00	-3.15	0.00	-8.46
0.00	-0.00	-3.15	-0.01	-8.46
0.00	-0.00	-3.15	-0.01	-8.46
0.00	-0.00	-3.15	0.00	-8.46
0.00	-0.00	-3.15	0.00	-8.46
0.00	-0.00	-3.15	-0.07	-8.46
0.00	-0.00	-3.15	0.06	-8.46
0.00	-0.00	-3.15	0.01	-8.46
0.00	-0.00	-3.15	-0.00	-8.46
0.00	-0.00	-3.15	-0.00	-8.46
0.00	-0.00	-3.15	0.04	-8.46
0.00	-0.00	-3.15	-0.03	-8.46
0.00	-0.00	-3.15	-0.00	-8.46
0.00	-0.00	-3.15	-0.00	-8.46
0.00	-0.00	-3.15	-0.01	-8.46
0.00	-0.00	-3.15	-0.00	-8.46
0.00	-0.00	-3.15	0.00	-8.46
0.00	-0.00	-3.15	-0.00	-8.46
0.00	-0.00	-3.15	0.01	-8.46
0.00	-0.00	-3.15	-0.00	-8.46
0.00	-0.00	-3.15	-0.00	-8.46
0.00	-0.00	-3.15	0.01	-8.46
0.00	-0.00	-3.15	-0.01	-8.46
0.00	-0.00	-3.15	0.01	-8.46
0.00	-0.00	-3.15	-0.00	-8.46
0.00	-0.00	-3.15	-0.00	-8.46
0.00	-0.00	-3.15	-0.00	-8.46
0.00	-0.00	-3.15	-0.00	-8.46
0.00	-0.00	-3.15	0.00	-8.46
0.00	-0.00	-3.15	0.00	-8.46
0.00	-0.00	-3.15	0.00	-8.46
0.00	-0.00	-3.15	-0.00	-8.46
0.00	-0.00	-3.15	-0.00	-8.46
0.00	-0.00	-3.15	0.03	-8.46
0.00	-0.00	-3.15	-0.02	-8.46
0.00	-0.00	-3.15	-0.00	-8.46
0.00	-0.00	-3.15	-0.00	-8.46
0.00	-0.00	-3.15	-0.01	-8.46
0.00	-0.00	-3.15	0.01	-8.46
0.00	-0.00	-3.15	-0.00	-8.46
0.00	-0.00	-3.15	-0.00	-8.46
0.00	-0.00	-3.15	0.01	-8.46
0.00	-0.00	-3.15	-0.01	-8.46
0.00	-0.00	-3.15	0.01	-8.46
0.00	-0.00	-3.15	0.01	-8.46
0.00	-0.00	-3.15	-0.01	-8.46
0.00	-0.00	-3.15	0.01	-8.46
0.00	-0.00	-3.15	-0.02	-8.46
0.00	-0.00	-3.15	0.00	-8.46
0.00	-0.00	-3.15	-0.02	-8.46
0.00	-0.00	-3.15	0.01	-8.46
0.00	-0.00	-3.15	0.00	-8.46
0.00	-0.00	-3.15	-0.00	-8.46
0.00	-0.00	-3.15	0.00	-8.46
0.00	-0.00	-3.15	-0.00	-8.46
0.00	-0.00	-3.15	0.01	-8.46
0.00	-0.00	-3.15	-0.02	-8.46
0.00	-0.00	-3.15	0.01	-8.46
0.00	-0.00	-3.15	0.01	-8.46
0.00	-0.00	-3.15	0.00	-8.46
0.00	-0.00	-3.15	-0.01	-8.46
0.00	-0.00	-3.15	0.00	-8.46
0.00	-0.00	-3.15	-0.01	-8.46
0.00	-0.00	-3.15	0.01	-8.46
0.00	-0.00	-3.15	0.01	-8.46
0.00	-0.00	-3.15	0.02	-8.46
0.00	-0.00	-3.15	-0.03	-8.46
0.00	-0.00	-3.15	0.00	-8.46
0.00	-0.00	-3.15	0.00	-8.46
0.00	-0.00	-3.15	-0.01	-8.46
0.00	-0.00	-3.15	-0.00	-8.46
0.00	-0.00	-3.15	0.01	-8.46
0.00	-0.00	-3.15	-0.00	-8.46
0.00	-0.00	-3.15	0.00	-8.46
0.00	-0.00	-3.15	-0.01	-8.46
0.00	-0.00	-3.15	-0.00	-8.46
0.00	-0.00	-3.15	0.00	-8.46
0.00	-0.00	-3.15	0.02	-8.46
0.00	-0.00	-3.15	-0.02	-8.46
0.00	-0.00	-3.15	-0.00	-8.46
0.00	-0.00	-3.15	0.01	-8.46
0.00	-0.00	-3.15	-0.00	-8.46
0.00	-0.00	-3.15	0.00	-8.46
0.00	-0.00	-3.15	0.01	-8.46
0.00	-0.00	-3.15	-0.00	-8.46
0.00	-0.00	-3.15	-0.00	-8.46
0.00	-0.00	-3.15	0.01	-8.46
0.00	-0.00	-3.15	-0.01	-8.46
0.00	-0.00	-3.15	-0.00	-8.46
0.00	-0.00	-3.15	0.00	-8.46
0.00	-0.00	-3.15	0.00	-8.46
0.00	-0.00	-3.15	-0.01	-8.46
0.00	-0.00	-3.15	0.01	-8.46
0.00	-0.00	-3.15	-0.00	-8.46
0.00	-0.00	-3.15	-0.00	-8.46
0.00	-0.00	-3.15	0.01	-8.46
0.00	-0.00	-3.15	-0.01	-8.46
0.00	-0.00	-3.15	-0.00	-8.46
0.00	-0.00	-3.15	0.00	-8.46
0.00	-0.00	-3.15	0.02	-8.46
0.00	-0.00	-3.15	-0.05	-8.46
0.00	-0.00	-3.15	0.04	-8.46
0.00	-0.00	-3.15	0.00	-8.46
0.00	-0.00	-3.15	0.00	-8.46
0.00	-0.00	-3.15	-0.01	-8.46
0.00	-0.00	-3.15	0.03	-8.46
0.00	-0.00	-3.15	-0.03	-8.46
0.00	-0.00	-3.15	0.01	-8.46
0.00	-0.00	-3.15	-0.01	-8.46
0.00	-0.00	-3.15	0.00	-8.46
0.00	-0.00	-3.15	0.00	-8.46
0.00	-0.00	-3.15	0.01	-8.46
0.00	-0.00	-3.15	-0.00	-8.46
0.00	-0.00	-3.15	-0.00	-8.46
0.00	-0.00	-3.15	-0.00	-8.46
0.00	-0.00	-3.15	-0.00	-8.46
0.00	-0.00	-3.15	0.00	-8.46
0.00	-0.00	-3.15	-0.00	-8.46
0.00	-0.00	-3.15	0.01	-8.46
0.00	-0.00	-3.15	-0.00	-8.46
0.00	-0.00	-3.15	-0.04	-8.46
0.00	-0.00	-3.15	0.03	-8.46
0.00	-0.00	-3.15	0.02	-8.46
0.00	-0.00	-3.15	-0.00	-8.46
0.00	-0.00	-3.15	-0.00	-8.46
0.00	-0.00	-3.15	0.01	-8.46
0.00	-0.00	-3.15	-0.01	-8.46
0.00	-0.00	-3.15	0.00	-8.46
0.00	-0.00	-3.15	-0.00	-8.46
0.00	-0.00	-3.15	-0.02	-8.46
0.00	-0.00	-3.15	0.02	-8.46
0.00	-0.00	-3.15	0.00	-8.46
0.00	-0.00	-3.15	-0.01	-8.46
0.00	-0.00	-3.15	0.01	-8.46
0.00	-0.00	-3.15	0.00	-8.46
0.00	-0.00	-3.15	0.00	-8.46
0.00	-0.00	-3.15	-0.01	-8.46
0.00	-0.00	-3.15	-0.00	-8.46
0.00	-0.00	-3.15	0.00	-8.46
0.00	-0.00	-3.15	0.00	-8.46
0.00	-0.00	-3.15	-0.01	-8.46
0.00	-0.00	-3.15	-0.00	-8.46
0.00	-0.00	-3.15	-0.00	-8.46
0.00	-0.00	-3.15	0.00	-8.46
0.00	-0.00	-3.15	-0.00	-8.46
0.00	-0.00	-3.15	0.00	-8.46
0.00	-0.00	-3.15	-0.00	-8.46
0.00	-0.00	-3.15	0.01	-8.46
0.00	-0.00	-3.15	-0.00	-8.46
0.00	-0.00	-3.15	-0.00	-8.46
0.00	-0.00	-3.15	0.00	-8.46
0.00	-0.00	-3.15	-0.00	-8.46
0.00	-0.00	-3.15	-0.01	-8.46
0.00	-0.00	-3.15	0.01	-8.46
0.00	-0.00	-3.15	0.00	-8.46
0.00	-0.00	-3.15	-0.01	-8.46
0.00	-0.00	-3.15	-0.01	-8.46
0.00	-0.00	-3.15	0.01	-8.46
0.00	-0.00	-3.15	-0.00	-8.46
0.00	-0.00	-3.15	-0.00	-8.46
0.00	-0.00	-3.15	-0.00	-8.46
0.00	-0.00	-3.15	0.00	-8.46
0.00	-0.00	-3.15	0.02	-8.46
0.00	-0.00	-3.15	-0.02	-8.46
0.00	-0.00	-3.15	0.00	-8.46
0.00	-0.00	-3.15	0.01	-8.46
0.00	-0.00	-3.15	0.00	-8.46
0.00	-0.00	-3.15	-0.01	-8.46
0.00	-0.00	-3.15	-0.01	-8.46
0.00	-0.00	-3.15	0.01	-8.46
0.00	-0.00	-3.15	0.01	-8.46
0.00	-0.00	-3.15	-0.01	-8.46
0.00	-0.00	-3.15	-0.00	-8.46
0.00	-0.00	-3.15	0.00	-8.46
0.00	-0.00	-3.15	-0.01	-8.46
0.00	-0.00	-3.15	0.00	-8.46
0.00	-0.00	-3.15	0.00	-8.46
0.00	-0.00	-3.15	0.01	-8.46
0.00	-0.00	-3.15	0.06	-8.46
0.00	-0.00	-3.15	-0.06	-8.46
0.00	-0.00	-3.15	-0.00	-8.46
0.00	-0.00	-3.15	-0.00	-8.46
0.00	-0.00	-3.15	0.01	-8.46
0.00	-0.00	-3.15	-0.01	-8.46
0.00	-0.00	-3.15	-0.00	-8.46
0.00	-0.00	-3.15	0.00	-8.46
0.00	-0.00	-3.15	-0.00	-8.46
0.00	-0.00	-3.15	0.00	-8.46
0.00	-0.00	-3.15	-0.00	-8.46
0.00	-0.00	-3.15	-0.00	-8.46
0.00	-0.00	-3.15	0.00	-8.46
0.00	-0.00	-3.15	-0.01	-8.46
0.00	-0.00	-3.15	0.00	-8.46
0.00	-0.00	-3.15	-0.00	-8.46
0.00	-0.00	-3.15	-0.00	-8.46
0.00	-0.00	-3.15	0.00	-8.46
0.00	-0.00	-3.15	0.00	-8.46
0.00	-0.00	-3.15	0.00	-8.46
0.00	-0.00	-3.15	-0.01	-8.46
0.00	-0.00	-3.15	0.00	-8.46
0.00	-0.00	-3.15	-0.00	-8.46
0.00	-0.00	-3.15	-0.00	-8.46
0.00	-0.00	-3.15	0.00	-8.46
0.00	-0.00	-3.15	-0.00	-8.46
0.00	-0.00	-3.15	0.04	-8.46
0.00	-0.00	-3.15	-0.03	-8.46
0.00	-0.00	-3.15	-0.01	-8.46
0.00	-0.00	-3.15	0.01	-8.46
0.00	-0.00	-3.15	-0.02	-8.46
0.00	-0.00	-3.15	0.00	-8.46
0.00	-0.00	-3.15	0.00	-8.46
0.00	-0.00	-3.15	-0.00	-8.46
0.00	-0.00	-3.15	0.00	-8.46
0.00	-0.00	-3.15	0.00	-8.46
0.00	-0.00	-3.15	0.00	-8.46
0.00	-0.00	-3.15	-0.00	-8.46
0.00	-0.00	-3.15	-0.00	-8.46
0.00	-0.00	-3.15	-0.03	-8.46
0.00	-0.00	-3.15	0.05	-8.46
0.00	-0.00	-3.15	-0.01	-8.46
0.00	-0.00	-3.15	0.00	-8.46
0.00	-0.00	-3.15	0.00	-8.46
0.00	-0.00	-3.15	0.01	-8.46
0.00	-0.00	-3.15	-0.01	-8.46
0.00	-0.00	-3.15	-0.01	-8.46
0.00	-0.00	-3.15	-0.00	-8.46
0.00	-0.00	-3.16	-0.13	-8.46
0.00	-0.00	-3.16	-0.28	-8.46
0.00	-0.00	-3.16	-0.17	-8.46
0.00	-0.00	-3.16	-0.03	-8.46
0.00	-0.00	-3.16	-0.01	-8.46
0.00	-0.00	-3.16	0.00	-8.46
0.00	-0.00	-3.16	0.00	-8.46
0.00	-0.00	-3.16	0.00	-8.46
0.00	-0.00	-3.16	-0.00	-8.46
0.00	-0.00	-3.16	-0.00	-8.46
0.00	-0.00	-3.16	0.01	-8.46
0.00	-0.00	-3.16	0.00	-8.46
0.00	-0.00	-3.16	0.03	-8.46
0.00	-0.00	-3.16	-0.03	-8.46
0.00	-0.00	-3.16	-0.00	-8.46
0.00	-0.00	-3.16	0.00	-8.46
0.00	-0.00	-3.16	0.00	-8.46
0.00	-0.00	-3.16	-0.00	-8.46
0.00	-0.00	-3.16	0.13	-8.46
0.00	-0.00	-3.16	0.03	-8.46
0.00	-0.00	-3.16	-0.01	-8.46
0.00	-0.00	-3.16	-0.00	-8.46
0.00	-0.00	-3.16	0.00	-8.46
0.00	-0.00	-3.16	0.00	-8.46
0.00	-0.00	-3.16	-0.01	-8.46
0.00	-0.00	-3.16	0.01	-8.46
0.00	-0.00	-3.16	-0.01	-8.46
0.00	-0.00	-3.16	-0.00	-8.46
0.00	-0.00	-3.16	0.01	-8.46
0.00	-0.00	-3.16	0.02	-8.46
0.00	-0.00	-3.16	-0.03	-8.46
0.00	-0.00	-3.16	-0.00	-8.46
0.00	-0.00	-3.16	-0.00	-8.46
0.00	-0.00	-3.16	0.02	-8.46
0.00	-0.00	-3.15	-0.01	-8.46
0.00	-0.00	-3.15	0.13	-8.46
0.00	-0.00	-3.15	0.02	-8.46
0.00	-0.00	-3.15	0.00	-8.46
0.00	-0.00	-3.15	-0.00	-8.46
0.00	-0.00	-3.15	0.00	-8.46
0.00	-0.00	-3.15	-0.00	-8.46
0.00	-0.00	-3.15	0.01	-8.46
0.00	-0.00	-3.15	0.01	-8.46
0.00	-0.00	-3.15	-0.01	-8.46
0.00	-0.00	-3.15	-0.00	-8.46
0.00	-0.00	-3.15	-0.00	-8.46
0.00	-0.00	-3.15	-0.00	-8.46
0.00	-0.00	-3.15	0.00	-8.46
0.00	-0.00	-3.15	0.00	-8.46
0.00	-0.00	-3.15	-0.00	-8.46
0.00	-0.00	-3.15	-0.00	-8.46
0.00	-0.00	-3.15	-0.00	-8.46
0.00	-0.00	-3.15	0.00	-8.46
0.00	-0.00	-3.15	0.00	-8.46
0.00	-0.00	-3.15	-0.01	-8.46
0.00	-0.00	-3.15	-0.00	-8.46
0.00	-0.00	-3.15	0.00	-8.46
0.00	-0.00	-3.16	-0.01	-8.46
0.00	-0.00	-3.16	-0.17	-8.46
0.00	-0.00	-3.16	0.02	-8.46
0.00	-0.00	-3.16	-0.12	-8.46
0.00	-0.00	-3.16	-0.02	-8.46
0.00	-0.00	-3.16	0.04	-8.46
0.00	-0.00	-3.16	-0.04	-8.46
0.00	-0.00	-3.16	-0.01	-8.46
0.00	-0.00	-3.16	0.01	-8.46
0.00	-0.00	-3.16	0.00	-8.46
0.00	-0.00	-3.16	-0.00	-8.46
0.00	-0.00	-3.16	0.00	-8.46
0.00	-0.00	-3.16	0.00	-8.46
0.00	-0.00	-3.16	-0.01	-8.46
0.00	-0.00	-3.16	0.01	-8.46
0.00	-0.00	-3.16	-0.00	-8.46
0.00	-0.00	-3.16	-0.00	-8.46
0.00	-0.00	-3.16	0.00	-8.46
0.00	-0.00	-3.16	0.02	-8.46
0.00	-0.00	-3.16	-0.01	-8.46
0.00	-0.00	-3.16	-0.00	-8.46
0.00	-0.00	-3.16	-0.01	-8.46
0.00	-0.00	-3.16	-0.00	-8.46
0.00	-0.00	-3.16	-0.00	-8.46
0.00	-0.00	-3.16	0.00	-8.46
0.00	-0.00	-3.16	0.00	-8.46
0.00	0.00	-3.16	-0.01	-8.46
0.00	0.00	-3.16	0.02	-8.46
0.00	0.00	-3.16	-0.14	-8.46
0.00	0.00	-3.16	-0.03	-8.46
0.00	0.00	-3.16	0.01	-8.46
0.00	0.00	-3.16	0.01	-8.46
0.00	0.00	-3.16	0.00	-8.46
0.00	0.00	-3.16	-0.01	-8.46
0.00	0.00	-3.16	-0.01	-8.46
0.00	0.00	-3.16	0.02	-8.46
0.00	0.00	-3.16	0.01	-8.46
0.00	0.00	-3.16	-0.01	-8.46
0.00	0.00	-3.16	-0.00	-8.46
0.00	0.00	-3.16	-0.00	-8.46
0.00	0.00	-3.16	-0.00	-8.46
0.00	0.00	-3.16	-0.00	-8.46
0.00	0.00	-3.16	0.00	-8.46
0.00	0.00	-3.16	0.00	-8.46
0.00	0.00	-3.16	0.01	-8.46
0.00	0.00	-3.16	0.00	-8.46
0.00	0.00	-3.16	-0.00	-8.46
0.00	0.00	-3.16	-0.00	-8.46
0.00	0.00	-3.16	-0.00	-8.46
0.00	0.00	-3.16	-0.00	-8.46
0.00	0.00	-3.16	0.02	-8.46
0.00	0.00	-3.16	-0.02	-8.46
0.00	0.00	-3.16	-0.00	-8.46
0.00	0.00	-3.16	0.01	-8.46
0.00	0.00	-3.16	-0.01	-8.46
0.00	0.00	-3.16	-0.01	-8.46
0.00	0.00	-3.16	0.01	-8.46
0.00	0.00	-3.16	0.00	-8.46
0.00	0.00	-3.16	-0.00	-8.46
0.00	0.00	-3.16	0.00	-8.46
0.00	0.00	-3.16	0.00	-8.46
0.00	0.00	-3.16	0.00	-8.46
0.00	0.00	-3.16	-0.00	-8.46
0.00	0.00	-3.16	0.00	-8.46
0.00	0.00	-3.16	-0.00	-8.46
0.00	0.00	-3.16	0.00	-8.46
0.00	0.00	-3.16	-0.01	-8.46
0.00	0.00	-3.16	0.00	-8.46
0.00	0.00	-3.16	0.00	-8.46
0.00	0.00	-3.16	-0.01	-8.46
0.00	0.00	-3.16	0.01	-8.46
0.00	0.00	-3.16	-0.00	-8.46
0.00	0.00	-3.16	0.00	-8.46
0.00	0.00	-3.16	-0.00	-8.46
0.00	0.00	-3.16	0.13	-8.46
0.00	0.00	-3.16	0.01	-8.46
0.00	0.00	-3.16	0.00	-8.46
0.00	0.00	-3.16	0.14	-8.46
0.00	0.00	-3.16	0.04	-8.46
0.00	0.00	-3.16	-0.01	-8.46
0.00	0.00	-3.16	-0.00	-8.46
0.00	0.00	-3.16	0.02	-8.46
0.00	0.00	-3.16	-0.01	-8.46
0.00	0.00	-3.16	-0.02	-8.46
0.00	0.00	-3.16	0.02	-8.46
0.00	0.00	-3.16	0.01	-8.46
0.00	0.00	-3.16	-0.00	-8.46
0.00	0.00	-3.15	0.02	-8.46
0.00	0.00	-3.15	0.11	-8.46
0.00	0.00	-3.15	0.02	-8.46
0.00	0.00	-3.15	0.00	-8.46
0.00	0.00	-3.15	-0.00	-8.46
0.00	0.00	-3.15	-0.00	-8.46
0.00	0.00	-3.15	0.00	-8.46
0.00	0.00	-3.15	-0.00	-8.46
0.00	0.00	-3.15	0.14	-8.46
0.00	0.00	-3.15	0.02	-8.46
0.00	0.00	-3.15	0.01	-8.46
0.00	0.00	-3.15	0.00	-8.46
0.00	0.00	-3.15	-0.01	-8.46
0.00	0.00	-3.15	0.00	-8.46
0.00	0.00	-3.15	0.00	-8.46
0.00	0.00	-3.15	-0.00	-8.46
0.00	0.00	-3.15	0.05	-8.46
0.00	0.00	-3.15	-0.05	-8.46
0.00	0.00	-3.15	-0.01	-8.46
0.00	0.00	-3.15	0.00	-8.46
0.00	0.00	-3.15	-0.00	-8.46
0.00	0.00	-3.15	0.00	-8.46
0.00	0.00	-3.15	0.00	-8.46
0.00	0.00	-3.15	0.01	-8.46
0.00	0.00	-3.15	-0.01	-8.46
0.00	0.00	-3.15	-0.00	-8.46
0.00	0.00	-3.15	0.00	-8.46
0.00	0.00	-3.15	-0.01	-8.46
0.00	0.00	-3.15	0.01	-8.46
0.00	0.00	-3.15	-0.01	-8.46
0.00	0.00	-3.15	0.01	-8.46
0.00	0.00	-3.15	0.00	-8.46
0.00	0.00	-3.15	0.00	-8.46
0.00	0.00	-3.15	0.00	-8.46
0.00	0.00	-3.15	-0.00	-8.46
0.00	0.00	-3.15	-0.01	-8.46
0.00	0.00	-3.15	0.03	-8.46
0.00	0.00	-3.15	-0.02	-8.46
0.00	0.00	-3.15	-0.00	-8.46
0.00	0.00	-3.15	-0.00	-8.46
0.00	0.00	-3.15	0.00	-8.46
0.00	0.00	-3.15	-0.01	-8.46
0.00	0.00	-3.15	-0.00	-8.46
0.00	0.00	-3.15	-0.00	-8.46
0.00	0.00	-3.15	0.01	-8.46
0.00	0.00	-3.15	-0.00	-8.46
0.00	0.00	-3.15	0.00	-8.46
0.00	0.00	-3.15	-0.01	-8.46
0.00	0.00	-3.15	0.00	-8.46
0.00	0.00	-3.15	-0.00	-8.46
0.00	0.00	-3.15	0.00	-8.46
0.00	0.00	-3.15	-0.01	-8.46
0.00	0.00	-3.15	0.00	-8.46
0.00	0.00	-3.15	0.01	-8.46
0.00	0.00	-3.15	-0.00	-8.46
0.00	0.00	-3.15	-0.00	-8.46
0.00	0.00	-3.15	0.00	-8.46
0.00	0.00	-3.15	0.01	-8.46
0.00	0.00	-3.15	-0.01	-8.46
0.00	0.00	-3.15	0.00	-8.46
0.00	0.00	-3.15	0.00	-8.46
0.00	0.00	-3.15	0.01	-8.46
0.00	0.00	-3.15	-0.02	-8.46
0.00	0.00	-3.15	-0.00	-8.46
0.00	0.00	-3.15	-0.00	-8.46
0.00	0.00	-3.15	0.01	-8.46
0.00	0.00	-3.15	0.01	-8.46
0.00	0.00	-3.15	-0.05	-8.46
0.00	0.00	-3.15	0.17	-8.46
0.00	0.00	-3.14	0.01	-8.46
0.00	0.00	-3.14	0.14	-8.46
0.00	0.00	-3.14	0.03	-8.46
0.00	0.00	-3.14	-0.01	-8.46
0.00	0.00	-3.14	0.13	-8.46
0.00	0.00	-3.14	0.01	-8.46
0.00	0.00	-3.14	0.13	-8.46
0.00	0.00	-3.14	0.02	-8.46
0.00	0.00	-3.13	0.00	-8.46
0.00	0.00	-3.13	0.14	-8.46
0.00	0.00	-3.13	0.01	-8.46
0.00	0.00	-3.13	0.13	-8.46
0.00	0.00	-3.13	0.03	-8.46
0.00	0.00	-3.13	0.12	-8.46
0.00	0.00	-3.13	0.02	-8.46
0.00	0.00	-3.13	0.14	-8.46
0.00	0.00	-3.12	0.01	-8.46
0.00	0.00	-3.12	0.16	-8.46
0.00	0.00	-3.12	0.13	-8.46
0.00	0.00	-3.11	0.15	-8.46
0.00	0.00	-3.11	0.16	-8.46
0.00	0.00	-3.11	0.15	-8.46
0.00	0.00	-3.11	0.02	-8.46
0.00	0.00	-3.11	0.14	-8.46
0.00	0.00	-3.10	0.01	-8.46
0.00	0.00	-3.10	0.13	-8.46
0.00	0.00	-3.10	0.02	-8.46
0.00	0.00	-3.10	0.00	-8.46
0.00	0.00	-3.10	-0.00	-8.46
0.00	0.00	-3.10	0.00	-8.46
0.00	0.00	-3.10	0.01	-8.46
0.00	0.00	-3.10	-0.01	-8.46
0.00	0.00	-3.11	0.01	-8.46
0.00	0.00	-3.11	-0.14	-8.46
0.00	0.00	-3.11	-0.02	-8.46
0.00	0.00	-3.11	0.01	-8.46
0.00	0.00	-3.11	-0.01	-8.46
0.00	0.00	-3.11	-0.00	-8.46
0.00	0.00	-3.11	0.00	-8.46
0.00	0.00	-3.11	0.00	-8.46
0.00	0.00	-3.11	0.08	-8.46
0.00	0.00	-3.11	-0.07	-8.46
0.00	0.00	-3.10	-0.01	-8.46
0.00	0.00	-3.10	0.13	-8.46
0.00	0.00	-3.10	0.02	-8.46
0.00	0.00	-3.10	0.13	-8.46
0.00	0.00	-3.09	0.15	-8.46
0.00	0.00	-3.09	0.15	-8.46
0.00	0.00	-3.09	0.16	-8.46
0.00	0.00	-3.09	0.17	-8.46
0.00	0.00	-3.09	0.01	-8.46
0.00	0.00	-3.09	0.13	-8.46
0.00	0.01	-3.09	0.02	-8.46
0.00	-0.01	-3.08	-0.00	-8.46
0.00	-0.00	-3.08	0.13	-8.46
0.00	-0.00	-3.08	0.03	-8.46
0.00	-0.00	-3.08	-0.01	-8.46
0.00	-0.00	-3.08	-0.00	-8.46
0.00	-0.00	-3.09	0.00	-8.46
0.00	-0.00	-3.09	-0.14	-8.46
0.00	-0.00	-3.09	-0.01	-8.46
0.00	-0.00	-3.09	-0.13	-8.46
0.00	-0.00	-3.09	-0.15	-8.46
0.00	-0.00	-3.10	-0.14	-8.46
0.00	-0.00	-3.10	-0.16	-8.46
0.00	-0.00	-3.10	-0.15	-8.46
0.00	-0.00	-3.11	-0.15	-8.46
0.00	-0.00	-3.11	-0.15	-8.46
0.00	-0.00	-3.12	-0.29	-8.46
0.00	-0.00	-3.12	-0.17	-8.46
0.00	-0.00	-3.13	-0.29	-8.46
0.00	-0.00	-3.13	-0.30	-8.46
0.00	-0.00	-3.14	-0.31	-8.46
0.00	-0.00	-3.15	-0.30	-8.46
0.00	-0.00	-3.15	-0.32	-8.46
0.00	-0.00	-3.16	-0.17	-8.46
0.00	-0.00	-3.16	-0.29	-8.46
0.00	-0.00	-3.16	-0.16	-8.46
0.00	-0.00	-3.17	-0.17	-8.46
0.00	-0.00	-3.17	-0.15	-8.46
0.00	-0.00	-3.17	-0.15	-8.46
0.00	-0.00	-3.17	-0.15	-8.46
0.00	-0.00	-3.17	-0.07	-8.46
0.00	-0.00	-3.17	0.04	-8.46
0.00	-0.00	-3.17	0.01	-8.46
0.00	-0.00	-3.17	-0.00	-8.46
0.00	-0.00	-3.17	-0.00	-8.46
0.00	-0.00	-3.17	0.02	-8.46
0.00	-0.00	-3.17	0.12	-8.46
0.00	-0.00	-3.17	0.01	-8.46
0.00	-0.00	-3.16	0.14	-8.46
0.00	-0.00	-3.16	0.28	-8.46
0.00	-0.00	-3.15	0.18	-8.46
0.00	-0.00	-3.15	0.15	-8.46
0.00	-0.00	-3.15	0.15	-8.46
0.00	-0.00	-3.14	0.15	-8.46
0.00	-0.00	-3.14	0.16	-8.46
0.00	-0.00	-3.13	0.15	-8.46
0.00	-0.00	-3.13	0.29	-8.46
0.00	-0.00	-3.13	0.17	-8.46
0.00	-0.00	-3.13	0.16	-8.46
0.00	-0.00	-3.13	0.02	-8.46
0.00	-0.00	-3.12	0.14	-8.46
0.00	-0.00	-3.12	0.15	-8.46
0.00	-0.00	-3.12	0.02	-8.46
0.00	-0.00	-3.12	-0.02	-8.46
0.00	-0.00	-3.12	0.16	-8.46
0.00	-0.00	-3.12	0.03	-8.46
0.00	-0.00	-3.12	-0.01	-8.46
0.00	-0.00	-3.12	0.00	-8.46
0.00	-0.00	-3.12	-0.00	-8.46
0.00	-0.00	-3.12	0.01	-8.46
0.00	-0.00	-3.12	-0.01	-8.46
0.00	-0.00	-3.12	0.01	-8.46
0.00	-0.00	-3.12	-0.14	-8.46
0.00	-0.00	-3.13	-0.01	-8.46
0.00	-0.00	-3.13	-0.13	-8.46
0.00	-0.00	-3.13	-0.16	-8.46
0.00	-0.00	-3.13	-0.02	-8.46
0.00	-0.00	-3.14	-0.14	-8.46
0.00	-0.00	-3.13	-0.17	-8.46
0.00	-0.00	-3.14	-0.00	-8.46
0.00	-0.00	-3.14	-0.13	-8.46
0.00	-0.00	-3.14	-0.02	-8.46
0.00	-0.00	-3.14	-0.11	-8.46
0.00	-0.00	-3.14	-0.04	-8.46
0.00	-0.00	-3.14	-0.02	-8.46
0.00	-0.00	-3.14	0.00	-8.46
0.00	-0.00	-3.14	-0.14	-8.46
0.00	-0.00	-3.14	-0.01	-8.46
0.00	-0.00	-3.14	-0.00	-8.46
0.00	-0.00	-3.14	-0.00	-8.46
0.00	-0.00	-3.14	0.00	-8.46
0.00	-0.00	-3.14	-0.00	-8.46
0.00	-0.00	-3.14	0.00	-8.46
0.00	-0.00	-3.14	-0.01	-8.46
0.00	-0.00	-3.14	-0.00	-8.46
0.00	-0.00	-3.14	0.00	-8.46
0.00	-0.00	-3.14	0.00	-8.46
0.00	-0.00	-3.14	0.00	-8.46
0.00	-0.00	-3.14	-0.00	-8.46
0.00	-0.00	-3.14	0.00	-8.46
0.00	-0.00	-3.15	0.00	-8.46
0.00	-0.00	-3.14	-0.05	-8.46
0.00	-0.00	-3.14	0.05	-8.46
0.00	-0.00	-3.14	0.01	-8.46
0.00	-0.00	-3.14	0.00	-8.46
0.00	-0.00	-3.14	0.00	-8.46
0.00	-0.00	-3.14	0.00	-8.46
0.00	-0.00	-3.14	-0.01	-8.46
0.00	-0.00	-3.14	-0.00	-8.46
0.00	-0.00	-3.14	-0.00	-8.46
0.00	-0.00	-3.14	0.00	-8.46
0.00	-0.00	-3.14	0.00	-8.46
0.00	-0.00	-3.14	0.00	-8.46
0.00	-0.00	-3.14	-0.00	-8.46
0.00	-0.00	-3.14	-0.00	-8.46
0.00	-0.00	-3.14	-0.00	-8.46
0.00	-0.00	-3.14	-0.00	-8.46
0.00	-0.00	-3.14	0.00	-8.46
0.00	-0.00	-3.14	0.00	-8.46
0.00	-0.00	-3.14	0.00	-8.46
0.00	-0.00	-3.14	-0.00	-8.46
0.00	-0.00	-3.14	0.01	-8.46
0.00	-0.00	-3.14	-0.00	-8.46
0.00	-0.00	-3.14	0.00	-8.46
0.00	-0.00	-3.14	0.00	-8.46
0.00	-0.00	-3.14	0.00	-8.46
0.00	-0.00	-3.14	-0.00	-8.46
0.00	-0.00	-3.14	0.04	-8.46
0.00	-0.00	-3.14	-0.04	-8.46
0.00	-0.00	-3.14	-0.01	-8.46
0.00	-0.00	-3.14	-0.00	-8.46
0.00	-0.00	-3.14	-0.00	-8.46
0.00	-0.00	-3.14	0.00	-8.46
0.00	-0.00	-3.14	0.00	-8.46
0.00	-0.00	-3.14	-0.00	-8.46
0.00	-0.00	-3.14	0.10	-8.46
0.00	-0.00	-3.14	-0.09	-8.46
0.00	-0.00	-3.14	-0.01	-8.46
0.00	-0.00	-3.14	-0.00	-8.46
0.00	-0.00	-3.14	-0.00	-8.46
0.00	-0.00	-3.14	0.00	-8.46
0.00	-0.00	-3.14	-0.00	-8.46
0.00	-0.00	-3.14	0.01	-8.46
0.00	-0.00	-3.14	-0.01	-8.46
0.00	-0.00	-3.14	0.02	-8.46
0.00	-0.00	-3.14	-0.01	-8.46
0.00	-0.00	-3.14	-0.00	-8.46
0.00	-0.00	-3.14	0.01	-8.46
0.00	-0.00	-3.14	-0.01	-8.46
0.00	-0.00	-3.14	0.00	-8.46
0.00	-0.00	-3.14	0.02	-8.46
0.00	-0.00	-3.14	-0.01	-8.46
0.00	-0.00	-3.14	-0.01	-8.46
0.00	-0.00	-3.14	0.01	-8.46
0.00	-0.00	-3.14	-0.01	-8.46
0.00	-0.00	-3.14	0.00	-8.46
0.00	-0.00	-3.14	-0.00	-8.46
0.00	-0.00	-3.14	0.00	-8.46
0.00	-0.00	-3.14	0.00	-8.46
0.00	-0.00	-3.14	-0.01	-8.46
0.00	-0.00	-3.14	-0.01	-8.46
0.00	-0.00	-3.14	0.01	-8.46
0.00	-0.00	-3.14	0.00	-8.46
0.00	-0.00	-3.14	-0.00	-8.46
0.00	-0.00	-3.14	0.00	-8.46
0.00	-0.00	-3.14	0.01	-8.46
0.00	-0.00	-3.14	-0.01	-8.46
0.00	-0.00	-3.14	-0.01	-8.46
0.00	-0.00	-3.14	0.00	-8.46
0.00	-0.00	-3.14	-0.00	-8.46
0.00	-0.00	-3.14	0.01	-8.46
0.00	-0.00	-3.14	0.00	-8.46
0.00	-0.00	-3.14	-0.00	-8.46
0.00	-0.00	-3.14	-0.00	-8.46
0.00	-0.00	-3.14	0.00	-8.46
0.00	-0.00	-3.14	-0.00	-8.46
0.00	-0.00	-3.14	-0.03	-8.46
0.00	-0.00	-3.14	0.03	-8.46
0.00	-0.00	-3.14	0.01	-8.46
0.00	-0.00	-3.14	0.00	-8.46
0.00	-0.00	-3.14	0.10	-8.46
0.00	-0.00	-3.14	-0.09	-8.46
0.00	-0.00	-3.14	-0.01	-8.46
0.00	-0.00	-3.14	0.01	-8.46
0.00	-0.00	-3.14	-0.00	-8.46
0.00	-0.00	-3.14	-0.01	-8.46
0.00	-0.00	-3.14	0.01	-8.46
0.00	-0.00	-3.14	-0.00	-8.46
0.00	-0.00	-3.14	-0.01	-8.46
0.00	-0.00	-3.14	0.02	-8.46
0.00	-0.00	-3.14	-0.02	-8.46
0.00	-0.00	-3.14	-0.00	-8.46
0.00	-0.00	-3.14	-0.00	-8.46
0.00	-0.00	-3.14	-0.00	-8.46
0.00	-0.00	-3.14	0.01	-8.46
0.00	-0.00	-3.14	0.00	-8.46
0.00	-0.00	-3.14	-0.00	-8.46
0.00	-0.00	-3.14	-0.00	-8.46
0.00	-0.00	-3.14	-0.01	-8.46
0.00	-0.00	-3.14	-0.00	-8.46
0.00	-0.00	-3.14	-0.00	-8.46
0.00	-0.00	-3.14	0.01	-8.46
0.00	-0.00	-3.14	0.05	-8.46
0.00	-0.00	-3.14	-0.04	-8.46
0.00	-0.00	-3.14	-0.01	-8.46
0.00	-0.00	-3.14	-0.00	-8.46
0.00	-0.00	-3.14	0.01	-8.46
0.00	-0.00	-3.14	-0.01	-8.46
0.00	-0.00	-3.14	-0.00	-8.46
0.00	-0.00	-3.14	-0.00	-8.46
0.00	-0.00	-3.14	0.02	-8.46
0.00	-0.00	-3.14	-0.01	-8.46
0.00	-0.00	-3.14	-0.00	-8.46
0.00	-0.00	-3.14	-0.01	-8.46
0.00	-0.00	-3.14	0.02	-8.46
0.00	-0.00	-3.14	-0.00	-8.46
0.00	-0.00	-3.14	-0.00	-8.46
0.00	-0.00	-3.14	0.01	-8.46
0.00	-0.00	-3.14	-0.01	-8.46
0.00	-0.00	-3.14	-0.00	-8.46
0.00	-0.00	-3.14	0.00	-8.46
0.00	-0.00	-3.14	0.01	-8.46
0.00	-0.00	-3.14	-0.02	-8.46
0.00	-0.00	-3.14	0.01	-8.46
0.00	-0.00	-3.14	0.00	-8.46
0.00	-0.00	-3.14	0.00	-8.46
0.00	-0.00	-3.14	0.00	-8.46
0.00	-0.00	-3.14	0.00	-8.46
0.00	-0.00	-3.14	-0.01	-8.46
0.00	-0.00	-3.14	0.01	-8.46
0.00	-0.00	-3.14	-0.00	-8.46
0.00	-0.00	-3.14	0.01	-8.46
0.00	-0.00	-3.14	0.02	-8.46
0.00	-0.00	-3.14	-0.02	-8.46
0.00	-0.00	-3.14	-0.01	-8.46
0.00	-0.00	-3.14	-0.01	-8.46
0.00	-0.00	-3.14	0.01	-8.46
0.00	-0.00	-3.14	-0.00	-8.46
0.00	-0.00	-3.14	-0.00	-8.46
0.00	-0.00	-3.14	0.00	-8.46
0.00	-0.00	-3.14	-0.00	-8.46
0.00	-0.00	-3.14	0.00	-8.46
0.00	-0.00	-3.14	0.00	-8.46
0.00	-0.00	-3.14	0.01	-8.46
0.00	-0.00	-3.14	-0.01	-8.46
0.00	-0.00	-3.14	-0.00	-8.46
0.00	-0.00	-3.14	0.03	-8.46
0.00	-0.00	-3.14	-0.02	-8.46
0.00	-0.00	-3.14	0.01	-8.46
0.00	-0.00	-3.14	-0.01	-8.46
0.00	-0.00	-3.14	-0.01	-8.46
0.00	-0.00	-3.14	0.00	-8.46
0.00	-0.00	-3.14	-0.00	-8.46
0.00	-0.00	-3.14	0.01	-8.46
0.00	-0.00	-3.14	-0.01	-8.46
0.00	-0.00	-3.14	0.00	-8.46
0.00	-0.00	-3.14	0.00	-8.46
0.00	-0.00	-3.14	0.00	-8.46
0.00	-0.00	-3.14	0.01	-8.46
0.00	-0.00	-3.14	-0.01	-8.46
0.00	-0.00	-3.14	0.01	-8.46
0.00	-0.00	-3.14	-0.01	-8.46
0.00	-0.00	-3.14	-0.00	-8.46
0.00	-0.00	-3.15	0.00	-8.46
0.00	-0.00	-3.14	-0.07	-8.46
0.00	-0.00	-3.14	0.05	-8.46
0.00	-0.00	-3.14	0.02	-8.46
0.00	-0.00	-3.14	0.00	-8.46
0.00	-0.00	-3.14	0.09	-8.46
0.00	-0.00	-3.14	-0.08	-8.46
0.00	-0.00	-3.14	-0.01	-8.46
0.00	-0.00	-3.14	-0.01	-8.46
0.00	-0.00	-3.14	-0.01	-8.46
0.00	-0.00	-3.14	0.00	-8.46
0.00	-0.00	-3.14	0.01	-8.46
0.00	-0.00	-3.14	0.01	-8.46
0.00	-0.00	-3.14	-0.02	-8.46
0.00	-0.00	-3.14	-0.01	-8.46
0.00	-0.00	-3.14	0.00	-8.46
0.00	-0.00	-3.14	0.00	-8.46
0.00	-0.00	-3.14	0.00	-8.46
0.00	-0.00	-3.14	-0.00	-8.46
0.00	-0.00	-3.14	0.00	-8.46
0.00	-0.00	-3.14	-0.00	-8.46
0.00	-0.00	-3.14	0.01	-8.46
0.00	-0.00	-3.14	0.00	-8.46
0.00	-0.00	-3.14	0.00	-8.46
0.00	-0.00	-3.14	-0.01	-8.46
0.00	-0.00	-3.14	0.01	-8.46
0.00	-0.00	-3.14	-0.00	-8.46
0.00	-0.00	-3.14	0.00	-8.46
0.00	-0.00	-3.14	0.00	-8.46
0.00	-0.00	-3.14	-0.00	-8.46
0.00	-0.00	-3.14	-0.00	-8.46
0.00	-0.00	-3.14	-0.03	-8.46
0.00	-0.00	-3.14	0.03	-8.46
0.00	-0.00	-3.14	0.00	-8.46
0.00	-0.00	-3.14	0.01	-8.46
0.00	-0.00	-3.14	-0.00	-8.46
0.00	-0.00	-3.14	-0.01	-8.46
0.00	-0.00	-3.14	0.01	-8.46
0.00	-0.00	-3.14	-0.01	-8.46
0.00	-0.00	-3.14	0.01	-8.46
0.00	-0.00	-3.14	0.01	-8.46
0.00	-0.00	-3.14	-0.01	-8.46
0.00	-0.00	-3.14	0.01	-8.46
0.00	-0.00	-3.14	-0.00	-8.46
0.00	-0.00	-3.14	0.00	-8.46
0.00	-0.00	-3.14	-0.00	-8.46
0.00	-0.00	-3.14	-0.00	-8.46
0.00	-0.00	-3.14	0.00	-8.46
0.00	-0.00	-3.14	-0.00	-8.46
0.00	-0.00	-3.14	0.05	-8.46
0.00	-0.00	-3.14	-0.04	-8.46
0.00	-0.00	-3.14	-0.00	-8.46
0.00	-0.00	-3.14	-0.00	-8.46
0.00	-0.00	-3.14	-0.00	-8.46
0.00	-0.00	-3.14	-0.00	-8.46
0.00	-0.00	-3.14	0.00	-8.46
0.00	-0.00	-3.14	-0.00	-8.46
0.00	-0.00	-3.14	-0.00	-8.46
0.00	-0.00	-3.14	0.01	-8.46
0.00	-0.00	-3.14	-0.00	-8.46
0.00	-0.00	-3.14	0.00	-8.46
0.00	-0.00	-3.14	-0.00	-8.46
0.00	-0.00	-3.14	-0.00	-8.46
0.00	-0.00	-3.14	-0.00	-8.46
0.00	-0.00	-3.14	0.00	-8.46
0.00	-0.00	-3.14	0.00	-8.46
0.00	-0.00	-3.14	0.00	-8.46
0.00	-0.00	-3.14	-0.02	-8.46
0.00	-0.00	-3.14	0.02	-8.46
0.00	-0.00	-3.14	0.14	-8.46
0.00	-0.00	-3.14	0.02	-8.46
0.00	-0.00	-3.14	-0.00	-8.46
0.00	-0.00	-3.14	0.13	-8.46
0.00	0.01	-3.13	0.02	-8.46
0.00	-0.01	-3.13	0.14	-8.46
0.00	-0.00	-3.13	0.01	-8.46
0.00	-0.00	-3.13	0.00	-8.46
0.00	-0.00	-3.13	0.00	-8.46
0.00	-0.00	-3.13	0.02	-8.46
0.00	-0.00	-3.13	-0.02	-8.46
0.00	-0.00	-3.13	-0.01	-8.46
0.00	-0.00	-3.13	0.00	-8.46
0.00	-0.00	-3.13	0.00	-8.46
0.00	-0.00	-3.13	-0.01	-8.46
0.00	-0.00	-3.13	0.00	-8.46
0.00	-0.00	-3.13	0.00	-8.46
0.00	-0.00	-3.13	0.14	-8.46
0.00	-0.00	-3.13	0.01	-8.46
0.00	-0.00	-3.13	0.14	-8.46
0.00	-0.00	-3.13	0.01	-8.46
0.00	-0.00	-3.13	0.13	-8.46
0.00	-0.00	-3.12	0.02	-8.46
0.00	-0.00	-3.12	0.13	-8.46
0.00	-0.00	-3.12	0.03	-8.46
0.00	-0.00	-3.12	0.14	-8.46
0.00	-0.00	-3.12	0.02	-8.46
0.00	-0.00	-3.11	0.14	-8.46
0.00	-0.00	-3.11	0.14	-8.46
0.00	-0.00	-3.11	0.02	-8.46
0.00	-0.00	-3.11	0.00	-8.46
0.00	-0.00	-3.11	0.14	-8.46
0.00	-0.00	-3.11	0.02	-8.46
0.00	-0.00	-3.11	0.01	-8.46
0.00	-0.00	-3.11	-0.00	-8.46
0.00	-0.00	-3.11	-0.00	-8.46
0.00	-0.00	-3.11	0.00	-8.46
0.00	-0.00	-3.11	-0.00	-8.46
0.00	-0.00	-3.11	0.00	-8.46
0.00	-0.00	-3.12	-0.13	-8.46
0.00	-0.00	-3.12	-0.16	-8.46
0.00	-0.00	-3.12	-0.15	-8.46
0.00	-0.00	-3.12	-0.15	-8.46
0.00	-0.00	-3.13	-0.02	-8.46
0.00	-0.00	-3.13	-0.13	-8.46
0.00	-0.00	-3.13	-0.15	-8.46
0.00	-0.00	-3.13	-0.02	-8.46
0.00	-0.00	-3.13	-0.15	-8.46
0.00	-0.00	-3.13	-0.02	-8.46
0.00	-0.00	-3.13	0.00	-8.46
0.00	-0.00	-3.13	-0.03	-8.46
0.00	-0.00	-3.13	0.02	-8.46
0.00	-0.00	-3.13	0.00	-8.46
0.00	-0.00	-3.13	-0.00	-8.46
0.00	-0.00	-3.13	0.13	-8.46
0.00	-0.00	-3.12	0.15	-8.46
0.00	-0.00	-3.12	0.16	-8.46
0.00	-0.00	-3.11	0.29	-8.46
0.00	-0.00	-3.10	0.30	-8.46
0.00	-0.00	-3.09	0.31	-8.46
0.00	-0.00	-3.09	0.44	-8.46
0.00	-0.00	-3.08	0.33	-8.46
0.00	-0.00	-3.07	0.44	-8.46
0.00	-0.00	-3.06	0.45	-8.46
0.00	-0.00	-3.05	0.59	-8.46
0.00	-0.00	-3.04	0.41	-8.46
0.00	-0.00	-3.03	0.66	-8.46
0.00	-0.00	-3.01	0.48	-8.46
0.00	-0.00	-3.01	0.59	-8.46
0.00	-0.00	-3.00	0.35	-8.46
0.00	-0.00	-3.00	0.32	-8.46
0.00	-0.00	-3.00	0.17	-8.46
0.00	-0.00	-3.00	0.06	-8.46
0.00	-0.00	-3.00	0.10	-8.46
0.00	0.01	-3.00	0.02	-8.46
0.00	-0.01	-3.01	-0.26	-8.46
0.00	-0.00	-3.02	-0.43	-8.46
0.00	-0.00	-3.04	-0.60	-8.46
0.00	-0.00	-3.06	-0.75	-8.46
0.00	-0.00	-3.08	-0.89	-8.46
0.00	-0.00	-3.10	-1.04	-8.46
0.00	-0.00	-3.13	-1.08	-8.46
0.00	-0.00	-3.15	-1.21	-8.46
0.00	-0.00	-3.18	-1.23	-8.46
0.00	-0.00	-3.20	-1.36	-8.46
0.00	-0.00	-3.23	-1.25	-8.46
0.00	-0.00	-3.26	-1.35	-8.46
0.00	-0.00	-3.28	-1.41	-8.46
0.00	-0.00	-3.31	-1.23	-8.46
0.00	-0.00	-3.33	-1.22	-8.46
0.00	-0.00	-3.35	-1.23	-8.46
0.00	-0.00	-3.37	-1.10	-8.46
0.00	-0.00	-3.39	-1.08	-8.46
0.00	-0.00	-3.40	-0.81	-8.46
0.00	-0.00	-3.42	-0.78	-8.46
0.00	-0.00	-3.42	-0.63	-8.46
0.00	-0.00	-3.43	-0.35	-8.46
0.00	-0.00	-3.43	-0.31	-8.46
-0.00	-0.00	-3.43	-0.17	-8.46
0.00	-0.01	-3.43	-0.02	-8.46
0.00	0.01	-3.43	-0.01	-8.46
0.00	0.00	-3.41	0.26	-8.46
0.00	0.00	-3.40	0.52	-8.46
0.00	0.00	-3.39	0.66	-8.46
0.00	0.00	-3.37	0.75	-8.46
0.00	0.00	-3.35	0.90	-8.46
0.00	0.00	-3.32	1.05	-8.46
0.00	0.00	-3.30	1.20	-8.46
0.00	0.00	-3.27	1.10	-8.46
0.00	0.00	-3.25	1.33	-8.46
0.00	0.00	-3.22	1.25	-8.46
0.00	0.00	-3.19	1.36	-8.46
0.00	0.00	-3.16	1.37	-8.46
0.00	0.00	-3.14	1.40	-8.46
0.00	0.00	-3.12	1.23	-8.46
0.00	0.00	-3.09	1.24	-8.46
0.00	0.00	-3.07	1.22	-8.46
0.00	0.00	-3.05	0.96	-8.46
0.00	0.00	-3.04	0.93	-8.46
0.00	0.00	-3.03	0.80	-8.46
0.00	0.01	-3.02	0.56	-8.46
0.00	-0.01	-3.02	0.41	-8.46
0.00	-0.00	-3.01	0.19	-8.46
0.00	-0.00	-3.01	0.16	-8.46
0.00	-0.00	-3.02	0.01	-8.46
-0.00	-0.00	-3.03	-0.13	-8.46
0.00	-0.02	-3.04	-0.41	-8.46
0.00	0.01	-3.05	-0.59	-8.46
0.00	0.00	-3.07	-0.74	-8.46
0.00	0.00	-3.09	-0.89	-8.46
0.00	0.00	-3.12	-1.04	-8.46
0.00	0.00	-3.14	-1.24	-8.46
0.00	0.00	-3.17	-1.19	-8.46
0.00	0.00	-3.20	-1.23	-8.46
0.00	0.00	-3.22	-1.32	-8.46
0.00	0.01	-3.23	-1.14	-8.46
-0.00	-0.01	-3.25	-0.81	-8.46
0.00	-0.01	-3.26	-0.91	-8.46
0.00	0.01	-3.27	-0.66	-8.46
0.00	0.00	-3.28	-0.48	-8.46
0.00	0.00	-3.28	-0.33	-8.46
0.00	0.00	-3.28	-0.03	-8.46
0.00	0.00	-3.28	-0.01	-8.46
0.00	0.00	-3.28	-0.00	-8.46
0.00	0.00	-3.27	0.13	-8.46
0.00	0.00	-3.26	0.28	-8.46
0.00	0.00	-3.25	0.45	-8.46
0.00	0.00	-3.24	0.59	-8.46
0.00	0.00	-3.23	0.47	-8.46
0.00	0.00	-3.21	0.59	-8.46
0.00	0.00	-3.20	0.62	-8.46
0.00	0.00	-3.19	0.48	-8.46
0.00	0.00	-3.18	0.59	-8.46
0.00	0.01	-3.17	0.61	-8.46
0.00	-0.01	-3.16	0.48	-8.46
0.00	-0.00	-3.15	0.46	-8.46
0.00	-0.00	-3.14	0.46	-8.46
0.00	-0.00	-3.13	0.59	-8.46
0.00	-0.00	-3.13	0.35	-8.46
0.00	-0.00	-3.12	0.32	-8.46
0.00	-0.00	-3.12	0.30	-8.46
0.00	-0.00	-3.11	0.30	-8.46
0.00	-0.00	-3.11	0.18	-8.46
0.00	-0.00	-3.11	0.05	-8.46
0.00	-0.00	-3.11	-0.02	-8.46
0.00	-0.00	-3.11	-0.01	-8.46
0.00	-0.00	-3.12	0.01	-8.46
0.00	-0.00	-3.12	-0.14	-8.46
0.00	-0.00	-3.13	-0.27	-8.46
0.00	-0.00	-3.13	-0.18	-8.46
0.00	0.01	-3.13	-0.14	-8.46
0.00	-0.01	-3.13	-0.03	-8.46
0.00	-0.00	-3.13	0.00	-8.46
0.00	-0.00	-3.13	-0.00	-8.46
0.00	-0.00	-3.12	-0.06	-8.46
0.00	-0.00	-3.12	0.32	-8.46
0.00	0.01	-3.12	0.17	-8.46
0.00	-0.01	-3.12	0.20	-8.46
0.00	-0.00	-3.12	-0.02	-8.46
0.00	-0.00	-3.12	-0.01	-8.46
0.00	-0.00	-3.13	-0.26	-8.46
0.00	-0.00	-3.14	-0.44	-8.46
0.00	-0.00	-3.16	-0.59	-8.46
-0.00	-0.00	-3.17	-0.75	-8.46
-0.00	-0.01	-3.18	-0.63	-8.46
0.00	-0.00	-3.19	-0.62	-8.46
0.00	0.01	-3.20	-0.48	-8.46
0.00	0.00	-3.21	-0.47	-8.46
0.00	0.00	-3.21	-0.33	-8.46
0.00	0.00	-3.21	-0.17	-8.46
0.00	0.00	-3.21	-0.03	-8.46
0.00	0.00	-3.21	-0.00	-8.46
0.00	0.00	-3.20	0.26	-8.46
0.00	0.00	-3.19	0.44	-8.46
0.00	0.00	-3.18	0.46	-8.46
0.00	0.00	-3.17	0.47	-8.46
0.00	0.00	-3.16	0.59	-8.46
0.00	0.00	-3.15	0.48	-8.46
0.00	0.00	-3.14	0.45	-8.46
0.00	0.00	-3.13	0.33	-8.46
-0.00	0.00	-3.13	0.31	-8.46
0.00	-0.01	-3.13	0.31	-8.46
0.00	0.01	-3.13	0.17	-8.46
0.00	0.00	-3.13	0.02	-8.46
0.00	0.00	-3.13	0.01	-8.46
0.00	0.00	-3.12	-0.01	-8.46
0.00	0.00	-3.13	0.07	-8.46
0.00	0.00	-3.13	-0.06	-8.46
0.00	0.00	-3.13	-0.12	-8.46
0.00	0.00	-3.14	-0.30	-8.46
0.00	0.00	-3.14	-0.17	-8.46
0.00	0.00	-3.14	-0.16	-8.46
0.00	0.00	-3.15	-0.15	-8.46
0.00	0.00	-3.15	-0.14	-8.46
-0.00	0.00	-3.15	-0.03	-8.46
0.00	-0.01	-3.15	-0.00	-8.46
0.00	0.01	-3.15	-0.00	-8.46
0.00	0.00	-3.15	-0.00	-8.46
0.00	0.00	-3.15	0.00	-8.46
0.00	0.00	-3.15	0.00	-8.46
0.00	0.00	-3.16	-0.09	-8.46
0.00	0.00	-3.17	-0.45	-8.46
0.00	0.00	-3.18	-0.59	-8.46
0.00	0.00	-3.20	-0.60	-8.46
0.00	0.00	-3.21	-0.67	-8.46
0.00	0.00	-3.22	-0.56	-8.46
0.00	0.00	-3.23	-0.60	-8.46
0.00	0.00	-3.24	-0.62	-8.46
0.00	0.01	-3.25	-0.48	-8.46
0.00	-0.01	-3.25	-0.33	-8.46
0.00	-0.00	-3.25	-0.04	-8.46
-0.00	-0.00	-3.25	-0.01	-8.46
0.00	-0.01	-3.24	0.12	-8.46
0.00	0.01	-3.23	0.28	-8.46
0.00	0.00	-3.22	0.44	-8.46
0.00	0.00	-3.22	0.33	-8.46
0.00	0.00	-3.21	0.18	-8.46
0.00	0.00	-3.21	0.28	-8.46
0.00	0.00	-3.21	0.17	-8.46
0.00	0.00	-3.21	0.00	-8.46
0.00	0.00	-3.21	0.02	-8.46
0.00	0.00	-3.22	0.01	-8.46
0.00	0.00	-3.22	-0.27	-8.46
0.00	0.00	-3.23	-0.17	-8.46
0.00	0.00	-3.23	-0.28	-8.46
0.00	0.00	-3.24	-0.31	-8.46
0.00	0.00	-3.25	-0.49	-8.46
0.00	0.00	-3.25	-0.27	-8.46
0.00	0.00	-3.26	-0.18	-8.46
0.00	0.00	-3.26	-0.29	-8.46
0.00	0.00	-3.27	-0.30	-8.46
0.00	0.00	-3.28	-0.43	-8.46
0.00	0.00	-3.29	-0.47	-8.46
0.00	0.00	-3.29	-0.32	-8.46
0.00	0.00	-3.30	-0.31	-8.46
0.00	0.00	-3.30	-0.17	-8.46
0.00	0.00	-3.30	-0.30	-8.46
0.00	0.00	-3.30	-0.03	-8.46
0.00	0.01	-3.30	-0.01	-8.46
0.00	-0.01	-3.30	-0.01	-8.46
0.00	-0.00	-3.30	0.01	-8.46
0.00	-0.00	-3.30	0.12	-8.46
0.00	-0.00	-3.29	0.15	-8.46
-0.00	-0.00	-3.29	0.15	-8.46
0.00	-0.01	-3.29	0.17	-8.46
0.00	0.01	-3.28	0.14	-8.46
0.00	0.00	-3.28	0.28	-8.46
0.00	0.00	-3.27	0.31	-8.46
0.00	0.00	-3.26	0.43	-8.46
0.00	0.00	-3.24	0.46	-8.46
0.00	0.00	-3.23	0.61	-8.46
0.00	0.01	-3.21	0.73	-8.46
0.00	-0.01	-3.19	0.91	-8.46
0.00	-0.00	-3.17	0.92	-8.46
0.00	-0.00	-3.15	1.05	-8.46
0.00	-0.00	-3.13	0.89	-8.46
0.00	-0.00	-3.11	1.09	-8.46
0.00	-0.00	-3.09	0.94	-8.46
0.00	-0.00	-3.08	1.06	-8.46
0.00	-0.00	-3.06	0.83	-8.46
0.00	-0.00	-3.05	0.75	-8.46
0.00	-0.00	-3.04	0.66	-8.46
0.00	-0.00	-3.03	0.59	-8.46
0.00	-0.00	-3.02	0.35	-8.46
0.00	-0.00	-3.02	0.32	-8.46
0.00	-0.00	-3.02	0.30	-8.46
0.00	-0.00	-3.02	0.04	-8.46
0.00	-0.00	-3.02	0.00	-8.46
0.00	-0.00	-3.02	0.00	-8.46
0.00	-0.00	-3.02	0.00	-8.46
0.00	-0.00	-3.03	-0.28	-8.46
0.00	-0.00	-3.04	-0.41	-8.46
0.00	-0.00	-3.05	-0.47	-8.46
0.00	-0.00	-3.07	-0.60	-8.46
0.00	-0.00	-3.08	-0.61	-8.46
0.00	-0.00	-3.09	-0.61	-8.46
0.00	-0.00	-3.11	-0.75	-8.46
0.00	-0.00	-3.13	-0.82	-8.46
0.00	-0.00	-3.14	-0.73	-8.46
0.00	-0.00	-3.16	-0.89	-8.46
0.00	-0.00	-3.17	-0.79	-8.46
0.00	-0.00	-3.19	-0.76	-8.46
0.00	-0.00	-3.21	-0.77	-8.46
0.00	-0.00	-3.22	-0.77	-8.46
0.00	-0.00	-3.23	-0.68	-8.46
0.00	-0.00	-3.24	-0.57	-8.46
0.00	-0.00	-3.25	-0.60	-8.46
0.00	-0.00	-3.26	-0.49	-8.46
0.00	-0.00	-3.26	-0.33	-8.46
0.00	-0.00	-3.26	-0.18	-8.46
0.00	-0.00	-3.27	-0.15	-8.46
0.00	-0.00	-3.27	-0.16	-8.46
0.00	-0.00	-3.27	-0.02	-8.46
0.00	-0.00	-3.26	-0.01	-8.46
0.00	-0.00	-3.25	0.14	-8.46
0.00	-0.00	-3.25	0.41	-8.46
0.00	-0.00	-3.24	0.33	-8.46
0.00	-0.00	-3.22	0.58	-8.46
0.00	-0.00	-3.21	0.61	-8.46
0.00	-0.00	-3.20	0.61	-8.46
0.00	-0.00	-3.18	0.62	-8.46
0.00	-0.00	-3.17	0.74	-8.46
0.00	-0.00	-3.15	0.76	-8.46
0.00	-0.00	-3.14	0.77	-8.46
0.00	-0.00	-3.13	0.63	-8.46
0.00	-0.00	-3.11	0.77	-8.46
0.00	-0.00	-3.10	0.69	-8.46
0.00	-0.00	-3.09	0.69	-8.46
0.00	-0.00	-3.08	0.49	-8.46
0.00	-0.00	-3.07	0.60	-8.46
0.00	-0.00	-3.06	0.47	-8.46
0.00	-0.00	-3.05	0.33	-8.46
0.00	-0.00	-3.05	0.32	-8.46
0.00	-0.00	-3.05	0.17	-8.46
0.00	-0.00	-3.05	0.16	-8.46
0.00	-0.00	-3.05	0.02	-8.46
0.00	-0.00	-3.05	0.00	-8.46
0.00	-0.00	-3.05	0.00	-8.46
0.00	-0.00	-3.06	-0.13	-8.46
0.00	-0.00	-3.07	-0.42	-8.46
0.00	-0.00	-3.08	-0.33	-8.46
0.00	-0.00	-3.09	-0.45	-8.46
0.00	-0.00	-3.10	-0.58	-8.46
0.00	-0.00	-3.11	-0.48	-8.46
0.00	-0.00	-3.12	-0.60	-8.46
0.00	-0.00	-3.14	-0.61	-8.46
0.00	-0.00	-3.15	-0.75	-8.46
0.00	-0.00	-3.16	-0.66	-8.46
0.00	-0.00	-3.17	-0.59	-8.46
0.00	-0.00	-3.19	-0.62	-8.46
0.00	-0.00	-3.20	-0.61	-8.46
0.00	-0.00	-3.21	-0.61	-8.46
0.00	-0.00	-3.22	-0.48	-8.46
0.00	-0.00	-3.22	-0.46	-8.46
0.00	-0.00	-3.23	-0.34	-8.46
0.00	-0.00	-3.24	-0.31	-8.46
0.00	-0.00	-3.24	-0.31	-8.46
0.00	-0.00	-3.24	-0.17	-8.46
0.00	-0.00	-3.24	-0.02	-8.46
0.00	-0.00	-3.24	-0.01	-8.46
0.00	-0.00	-3.24	0.01	-8.46
0.00	-0.00	-3.23	-0.00	-8.46
0.00	-0.00	-3.23	0.27	-8.46
0.00	-0.00	-3.22	0.30	-8.46
0.00	-0.00	-3.21	0.44	-8.46
0.00	-0.00	-3.20	0.38	-8.46
0.00	-0.00	-3.19	0.39	-8.46
0.00	-0.00	-3.18	0.58	-8.46
0.00	-0.00	-3.17	0.48	-8.46
0.00	-0.00	-3.16	0.60	-8.46
0.00	-0.00	-3.15	0.62	-8.46
0.00	-0.00	-3.13	0.48	-8.46
0.00	-0.00	-3.13	0.60	-8.46
0.00	-0.00	-3.11	0.47	-8.46
0.00	-0.00	-3.10	0.59	-8.46
0.00	-0.00	-3.10	0.48	-8.46
0.00	-0.00	-3.09	0.28	-8.46
0.00	-0.00	-3.08	0.49	-8.46
0.00	-0.00	-3.08	0.32	-8.46
0.00	-0.00	-3.08	0.17	-8.46
0.00	-0.00	-3.07	0.16	-8.46
0.00	-0.00	-3.07	0.16	-8.46
0.00	-0.00	-3.07	0.03	-8.46
0.00	-0.00	-3.07	0.00	-8.46
0.00	-0.00	-3.07	0.00	-8.46
0.00	-0.00	-3.08	-0.01	-8.46
0.00	-0.00	-3.08	-0.25	-8.46
0.00	-0.00	-3.09	-0.18	-8.46
0.00	-0.00	-3.10	-0.42	-8.46
0.00	-0.00	-3.11	-0.32	-8.46
0.00	-0.00	-3.12	-0.45	-8.46
0.00	-0.00	-3.13	-0.45	-8.46
0.00	-0.00	-3.13	-0.46	-8.46
0.00	-0.00	-3.14	-0.46	-8.46
0.00	-0.00	-3.15	-0.46	-8.46
0.00	-0.00	-3.16	-0.47	-8.46
0.00	-0.00	-3.17	-0.46	-8.46
0.00	-0.00	-3.18	-0.46	-8.46
0.00	-0.00	-3.19	-0.46	-8.46
0.00	-0.00	-3.20	-0.33	-8.46
0.00	-0.00	-3.20	-0.44	-8.46
0.00	-0.00	-3.21	-0.19	-8.46
0.00	-0.00	-3.21	-0.30	-8.46
0.00	-0.00	-3.21	-0.17	-8.46
0.00	-0.00	-3.21	-0.16	-8.46
0.00	-0.00	-3.21	-0.02	-8.46
0.00	-0.00	-3.21	-0.13	-8.46
0.00	-0.00	-3.21	-0.03	-8.46
0.00	-0.00	-3.21	0.00	-8.46
0.00	-0.00	-3.21	-0.00	-8.46
0.00	-0.00	-3.21	0.27	-8.46
0.00	-0.00	-3.20	0.16	-8.46
0.00	-0.00	-3.19	0.29	-8.46
0.00	-0.00	-3.19	0.31	-8.46
0.00	-0.00	-3.18	0.31	-8.46
0.00	-0.00	-3.17	0.49	-8.46
0.00	-0.00	-3.16	0.28	-8.46
0.00	-0.00	-3.16	0.43	-8.46
0.00	-0.00	-3.15	0.33	-8.46
0.00	-0.00	-3.14	0.43	-8.46
0.00	-0.00	-3.13	0.32	-8.46
0.00	-0.00	-3.13	0.45	-8.46
0.00	-0.00	-3.12	0.32	-8.46
0.00	-0.00	-3.12	0.31	-8.46
0.00	-0.00	-3.11	0.17	-8.46
0.00	-0.00	-3.11	0.29	-8.46
0.00	-0.00	-3.10	0.17	-8.46
0.00	-0.00	-3.10	0.16	-8.46
0.00	-0.00	-3.10	0.15	-8.46
0.00	-0.00	-3.10	0.03	-8.46
0.00	-0.00	-3.10	0.00	-8.46
0.00	-0.00	-3.10	-0.00	-8.46
0.00	-0.00	-3.10	0.01	-8.46
0.00	-0.00	-3.10	-0.01	-8.46
0.00	-0.00	-3.11	-0.14	-8.46
0.00	-0.00	-3.11	-0.15	-8.46
0.00	-0.00	-3.12	-0.29	-8.46
0.00	-0.00	-3.12	-0.17	-8.46
0.00	-0.00	-3.13	-0.28	-8.46
0.00	-0.00	-3.13	-0.31	-8.46
0.00	-0.00	-3.14	-0.32	-8.46
0.00	-0.00	-3.15	-0.30	-8.46
0.00	-0.00	-3.15	-0.30	-8.46
0.00	-0.00	-3.16	-0.29	-8.46
0.00	-0.00	-3.17	-0.32	-8.46
0.00	-0.00	-3.17	-0.31	-8.46
0.00	-0.00	-3.17	-0.18	-8.46
0.00	-0.00	-3.18	-0.29	-8.46
0.00	-0.00	-3.18	-0.17	-8.46
0.00	-0.00	-3.18	-0.03	-8.46
0.00	-0.00	-3.17	0.00	-8.46
0.00	-0.00	-3.17	0.27	-8.46
0.00	-0.00	-3.16	0.30	-8.46
0.00	-0.00	-3.16	0.17	-8.46
0.00	-0.00	-3.16	0.02	-8.46
0.00	-0.00	-3.16	0.01	-8.46
0.00	-0.00	-3.16	-0.00	-8.46
0.00	-0.00	-3.16	0.01	-8.46
0.00	-0.00	-3.16	-0.01	-8.46
0.00	-0.00	-3.16	0.00	-8.46
0.00	-0.00	-3.16	0.00	-8.46
0.00	-0.00	-3.17	0.00	-8.46
0.00	-0.00	-3.17	-0.14	-8.46
0.00	-0.00	-3.17	-0.01	-8.46
0.00	-0.00	-3.17	-0.01	-8.46
0.00	-0.00	-3.17	0.00	-8.46
0.00	-0.00	-3.17	0.00	-8.46
0.00	-0.00	-3.17	0.00	-8.46
0.00	-0.00	-3.17	-0.00	-8.46
0.00	-0.00	-3.17	0.00	-8.46
0.00	-0.00	-3.16	0.00	-8.46
0.00	-0.00	-3.17	0.06	-8.46
0.00	-0.00	-3.17	-0.05	-8.46
0.00	-0.00	-3.17	-0.01	-8.46
0.00	-0.00	-3.17	-0.00	-8.46
0.00	-0.00	-3.17	0.00	-8.46
0.00	-0.00	-3.17	-0.00	-8.46
0.00	-0.00	-3.17	-0.00	-8.46
0.00	-0.00	-3.16	0.00	-8.46
0.00	-0.00	-3.17	0.01	-8.46
0.00	-0.00	-3.17	-0.01	-8.46
0.00	-0.00	-3.17	-0.00	-8.46
0.00	-0.00	-3.17	-0.00	-8.46
0.00	-0.00	-3.17	-0.00	-8.46
0.00	-0.00	-3.17	0.00	-8.46
0.00	-0.00	-3.16	0.00	-8.46
0.00	-0.00	-3.17	0.06	-8.46
0.00	-0.00	-3.17	-0.06	-8.46
0.00	-0.00	-3.17	-0.00	-8.46
0.00	-0.00	-3.17	-0.00	-8.46
0.00	-0.00	-3.17	0.01	-8.46
0.00	-0.00	-3.17	-0.01	-8.46
0.00	-0.00	-3.17	-0.00	-8.46
0.00	-0.00	-3.17	0.01	-8.46
0.00	-0.00	-3.17	-0.00	-8.46
0.00	-0.00	-3.17	0.00	-8.46
0.00	-0.00	-3.17	0.00	-8.46
0.00	-0.00	-3.17	0.00	-8.46
0.00	-0.00	-3.17	-0.01	-8.46
0.00	-0.00	-3.16	0.01	-8.46
0.00	-0.00	-3.17	0.08	-8.46
0.00	-0.00	-3.17	-0.08	-8.46
0.00	-0.00	-3.17	-0.01	-8.46
0.00	-0.00	-3.17	0.01	-8.46
0.00	-0.00	-3.17	-0.01	-8.46
0.00	-0.00	-3.17	0.00	-8.46
0.00	-0.00	-3.17	-0.00	-8.46
0.00	-0.00	-3.17	0.01	-8.46
0.00	-0.00	-3.17	-0.00	-8.46
0.00	-0.00	-3.17	-0.00	-8.46
0.00	-0.00	-3.17	-0.01	-8.46
0.00	-0.00	-3.17	-0.00	-8.46
0.00	-0.00	-3.17	0.01	-8.46
0.00	-0.00	-3.17	0.00	-8.46
0.00	-0.00	-3.17	-0.00	-8.46
0.00	-0.00	-3.17	-0.00	-8.46
0.00	-0.00	-3.17	0.01	-8.46
0.00	-0.00	-3.17	-0.01	-8.46
0.00	-0.00	-3.17	-0.06	-8.46
0.00	-0.00	-3.17	0.06	-8.46
0.00	-0.00	-3.17	0.00	-8.46
0.00	-0.00	-3.17	0.00	-8.46
0.00	-0.00	-3.17	-0.00	-8.46
0.00	-0.00	-3.17	-0.00	-8.46
0.00	-0.00	-3.16	0.00	-8.46
0.00	-0.00	-3.16	0.13	-8.46
0.00	-0.00	-3.16	0.02	-8.46
0.00	-0.00	-3.16	0.00	-8.46
0.00	-0.00	-3.16	-0.00	-8.46
0.00	-0.00	-3.16	0.00	-8.46
0.00	-0.00	-3.16	0.00	-8.46
0.00	-0.00	-3.16	-0.00	-8.46
0.00	-0.00	-3.16	0.00	-8.46
0.00	-0.00	-3.16	-0.00	-8.46
0.00	-0.00	-3.16	-0.00	-8.46
0.00	-0.00	-3.16	0.06	-8.46
0.00	-0.00	-3.16	-0.07	-8.46
0.00	-0.00	-3.16	0.00	-8.46
0.00	-0.00	-3.16	-0.00	-8.46
0.00	-0.00	-3.16	-0.03	-8.46
0.00	-0.00	-3.16	0.04	-8.46
0.00	-0.00	-3.16	-0.00	-8.46
0.00	-0.00	-3.16	-0.00	-8.46
0.00	-0.00	-3.16	0.01	-8.46
0.00	-0.00	-3.16	-0.01	-8.46
0.00	-0.00	-3.16	0.01	-8.46
0.00	-0.00	-3.16	-0.01	-8.46
0.00	-0.00	-3.16	0.00	-8.46
0.00	-0.00	-3.16	0.00	-8.46
0.00	-0.00	-3.16	-0.00	-8.46
0.00	-0.00	-3.16	0.00	-8.46
0.00	-0.00	-3.16	0.00	-8.46
0.00	-0.00	-3.16	-0.00	-8.46
0.00	-0.00	-3.16	-0.00	-8.46
0.00	-0.00	-3.16	0.02	-8.46
0.00	-0.00	-3.16	0.12	-8.46
0.00	-0.00	-3.16	0.02	-8.46
0.00	-0.00	-3.16	-0.00	-8.46
0.00	-0.00	-3.16	-0.00	-8.46
0.00	-0.00	-3.16	0.00	-8.46
0.00	-0.00	-3.16	-0.00	-8.46
0.00	-0.00	-3.16	0.00	-8.46
0.00	-0.00	-3.16	0.00	-8.46
0.00	-0.00	-3.16	-0.00	-8.46
0.00	-0.00	-3.16	0.00	-8.46
0.00	-0.00	-3.16	-0.00	-8.46
0.00	-0.00	-3.16	-0.00	-8.46
0.00	-0.00	-3.16	0.01	-8.46
0.00	-0.00	-3.16	-0.01	-8.46
0.00	-0.00	-3.16	0.00	-8.46
0.00	-0.00	-3.16	0.02	-8.46
0.00	-0.00	-3.16	-0.01	-8.46
0.00	-0.00	-3.16	-0.01	-8.46
0.00	-0.00	-3.16	0.01	-8.46
0.00	-0.00	-3.16	-0.04	-8.46
0.00	-0.00	-3.16	0.03	-8.46
0.00	-0.00	-3.16	0.01	-8.46
0.00	-0.00	-3.16	0.00	-8.46
0.00	-0.00	-3.16	-0.00	-8.46
0.00	-0.00	-3.16	0.00	-8.46
0.00	-0.00	-3.16	-0.01	-8.46
0.00	-0.00	-3.16	-0.01	-8.46
0.00	-0.00	-3.16	0.01	-8.46
0.00	-0.00	-3.16	-0.00	-8.46
0.00	-0.00	-3.16	-0.00	-8.46
0.00	-0.00	-3.16	0.00	-8.46
0.00	-0.00	-3.16	0.00	-8.46
0.00	-0.00	-3.16	-0.00	-8.46
0.00	-0.00	-3.16	-0.00	-8.46
0.00	-0.00	-3.16	0.00	-8.46
0.00	-0.00	-3.16	0.01	-8.46
0.00	-0.00	-3.16	-0.00	-8.46
0.00	-0.00	-3.16	-0.00	-8.46
0.00	-0.00	-3.16	0.00	-8.46
0.00	-0.00	-3.16	-0.01	-8.46
0.00	-0.00	-3.16	-0.04	-8.46
0.00	-0.00	-3.16	0.03	-8.46
0.00	-0.00	-3.16	0.01	-8.46
0.00	-0.00	-3.16	0.01	-8.46
0.00	-0.00	-3.16	-0.01	-8.46
0.00	-0.00	-3.16	0.00	-8.46
0.00	-0.00	-3.16	-0.00	-8.46
0.00	-0.00	-3.16	0.00	-8.46
0.00	-0.00	-3.16	-0.00	-8.46
0.00	-0.00	-3.16	-0.00	-8.46
0.00	-0.00	-3.16	0.00	-8.46
0.00	-0.00	-3.16	-0.01	-8.46
0.00	-0.00	-3.16	-0.00	-8.46
0.00	-0.00	-3.16	-0.00	-8.46
0.00	-0.00	-3.16	0.00	-8.46
0.00	-0.00	-3.16	-0.00	-8.46
0.00	-0.00	-3.16	0.01	-8.46
0.00	-0.00	-3.16	-0.01	-8.46
0.00	-0.00	-3.16	0.03	-8.46
0.00	-0.00	-3.16	-0.02	-8.46
0.00	-0.00	-3.16	-0.00	-8.46
0.00	-0.00	-3.16	-0.00	-8.46
0.00	-0.00	-3.16	0.13	-8.46
0.00	-0.00	-3.16	0.02	-8.46
0.00	-0.00	-3.15	0.00	-8.46
0.00	-0.00	-3.16	0.05	-8.46
0.00	-0.00	-3.16	-0.04	-8.46
0.00	-0.00	-3.16	-0.01	-8.46
0.00	-0.00	-3.16	-0.00	-8.46
0.00	-0.00	-3.16	-0.00	-8.46
0.00	-0.00	-3.16	-0.00	-8.46
0.00	-0.00	-3.16	0.00	-8.46
0.00	-0.00	-3.16	0.00	-8.46
0.00	-0.00	-3.16	-0.01	-8.46
0.00	-0.00	-3.16	0.00	-8.46
0.00	-0.00	-3.16	-0.00	-8.46
0.00	-0.00	-3.16	0.00	-8.46
0.00	-0.00	-3.16	0.00	-8.46
0.00	-0.00	-3.16	0.01	-8.46
0.00	-0.00	-3.16	-0.01	-8.46
0.00	-0.00	-3.16	0.00	-8.46
0.00	-0.00	-3.16	0.01	-8.46
0.00	-0.00	-3.16	0.00	-8.46
0.00	-0.00	-3.16	-0.01	-8.46
0.00	-0.00	-3.16	0.00	-8.46
0.00	-0.00	-3.16	0.00	-8.46
0.00	-0.00	-3.16	-0.01	-8.46
0.00	-0.00	-3.16	0.00	-8.46
0.00	0.00	-3.16	0.00	-8.46
0.00	0.00	-3.16	0.00	-8.46
0.00	0.00	-3.16	-0.00	-8.46
0.00	0.00	-3.16	-0.00	-8.46
0.00	0.00	-3.16	0.01	-8.46
0.00	0.00	-3.16	-0.01	-8.46
0.00	0.00	-3.16	-0.00	-8.46
0.00	0.00	-3.16	0.01	-8.46
0.00	0.00	-3.16	-0.00	-8.46
0.00	0.00	-3.16	-0.01	-8.46
0.00	0.00	-3.16	0.00	-8.46
0.00	0.00	-3.16	-0.00	-8.46
0.00	0.00	-3.16	0.01	-8.46
0.00	0.00	-3.16	-0.01	-8.46
0.00	0.00	-3.16	0.00	-8.46
0.00	0.00	-3.16	-0.00	-8.46
0.00	0.00	-3.16	0.00	-8.46
0.00	0.00	-3.16	0.00	-8.46
0.00	0.00	-3.16	0.01	-8.46
0.00	0.00	-3.16	0.01	-8.46
0.00	0.00	-3.16	-0.02	-8.46
0.00	0.00	-3.16	-0.00	-8.46
0.00	0.00	-3.16	-0.00	-8.46
0.00	0.00	-3.16	0.00	-8.46
0.00	0.00	-3.16	0.00	-8.46
0.00	0.00	-3.16	-0.01	-8.46
0.00	0.00	-3.16	0.01	-8.46
0.00	0.00	-3.16	0.00	-8.46
0.00	0.00	-3.16	-0.00	-8.46
0.00	0.00	-3.16	-0.00	-8.46
0.00	0.00	-3.16	-0.00	-8.46
0.00	0.00	-3.16	0.01	-8.46
0.00	0.00	-3.16	-0.01	-8.46
0.00	0.00	-3.16	0.00	-8.46
0.00	0.00	-3.16	-0.00	-8.46
0.00	0.00	-3.16	0.00	-8.46
0.00	0.00	-3.16	-0.00	-8.46
0.00	0.00	-3.16	-0.00	-8.46
0.00	0.00	-3.16	0.00	-8.46
0.00	0.00	-3.16	0.00	-8.46
0.00	0.00	-3.16	0.00	-8.46
0.00	0.00	-3.16	-0.00	-8.46
0.00	0.00	-3.16	0.01	-8.46
0.00	0.00	-3.16	-0.01	-8.46
0.00	0.00	-3.16	0.01	-8.46
0.00	0.00	-3.16	0.00	-8.46
0.00	0.00	-3.15	-0.01	-8.46
0.00	0.00	-3.16	0.07	-8.46
0.00	0.00	-3.16	-0.06	-8.46
0.00	0.00	-3.16	-0.01	-8.46
0.00	0.00	-3.16	0.00	-8.46
0.00	0.00	-3.16	-0.01	-8.46
0.00	0.00	-3.16	0.01	-8.46
0.00	0.00	-3.16	0.00	-8.46
0.00	0.00	-3.16	0.01	-8.46
0.00	0.00	-3.16	-0.02	-8.46
0.00	0.00	-3.16	-0.00	-8.46
0.00	0.00	-3.16	-0.03	-8.46
0.00	0.00	-3.16	0.03	-8.46
0.00	0.00	-3.16	0.01	-8.46
0.00	0.00	-3.16	0.01	-8.46
0.00	0.00	-3.16	-0.01	-8.46
0.00	0.00	-3.16	-0.00	-8.46
0.00	0.00	-3.16	0.01	-8.46
0.00	0.00	-3.16	-0.02	-8.46
0.00	0.00	-3.16	0.01	-8.46
0.00	0.00	-3.16	-0.00	-8.46
0.00	0.00	-3.16	-0.00	-8.46
0.00	0.00	-3.16	0.01	-8.46
0.00	0.00	-3.16	0.00	-8.46
0.00	0.00	-3.16	0.00	-8.46
0.00	0.00	-3.16	-0.00	-8.46
0.00	0.00	-3.16	0.00	-8.46
0.00	0.00	-3.16	0.01	-8.46
0.00	0.00	-3.16	-0.01	-8.46
0.00	0.00	-3.16	0.01	-8.46
0.00	0.00	-3.16	-0.01	-8.46
0.00	0.00	-3.16	0.01	-8.46
0.00	0.00	-3.16	-0.00	-8.46
0.00	0.00	-3.16	-0.01	-8.46
0.00	0.00	-3.16	0.00	-8.46
0.00	0.00	-3.16	0.01	-8.46
0.00	0.00	-3.16	-0.00	-8.46
0.00	0.00	-3.16	-0.00	-8.46
0.00	0.00	-3.16	0.01	-8.46
0.00	0.00	-3.16	-0.00	-8.46
0.00	0.00	-3.16	-0.06	-8.46
0.00	0.00	-3.16	0.05	-8.46
0.00	0.00	-3.16	0.01	-8.46
0.00	0.00	-3.16	-0.00	-8.46
0.00	0.00	-3.16	-0.00	-8.46
0.00	0.00	-3.16	-0.00	-8.46
0.00	0.00	-3.16	-0.00	-8.46
0.00	0.00	-3.16	-0.03	-8.46
0.00	0.00	-3.16	0.03	-8.46
0.00	0.00	-3.16	0.01	-8.46
0.00	0.00	-3.16	-0.00	-8.46
0.00	0.00	-3.16	-0.00	-8.46
0.00	0.00	-3.16	-0.00	-8.46
0.00	0.00	-3.16	0.01	-8.46
0.00	0.00	-3.16	-0.07	-8.46
0.00	0.00	-3.16	0.06	-8.46
0.00	0.00	-3.16	0.01	-8.46
0.00	0.00	-3.16	-0.01	-8.46
0.00	0.00	-3.16	0.00	-8.46
0.00	0.00	-3.16	0.00	-8.46
0.00	0.00	-3.16	-0.00	-8.46
0.00	0.00	-3.16	-0.00	-8.46
0.00	0.00	-3.16	0.00	-8.46
0.00	0.00	-3.16	-0.00	-8.46
0.00	0.00	-3.16	0.00	-8.46
0.00	0.00	-3.16	0.00	-8.46
0.00	0.00	-3.16	-0.00	-8.46
0.00	0.00	-3.16	0.00	-8.46
0.00	0.00	-3.16	-0.00	-8.46
0.00	0.00	-3.16	0.00	-8.46
0.00	0.00	-3.16	-0.00	-8.46
0.00	0.00	-3.16	0.01	-8.46
0.00	0.00	-3.16	0.02	-8.46
0.00	0.00	-3.16	-0.02	-8.46
0.00	0.00	-3.16	-0.00	-8.46
0.00	0.00	-3.16	0.02	-8.46
0.00	0.00	-3.16	-0.01	-8.46
0.00	0.00	-3.16	-0.00	-8.46
0.00	0.00	-3.16	0.00	-8.46
0.00	0.00	-3.16	-0.01	-8.46
0.00	0.00	-3.16	-0.00	-8.46
0.00	0.00	-3.16	0.00	-8.46
0.00	0.00	-3.16	-0.00	-8.46
0.00	0.00	-3.16	0.00	-8.46
0.00	0.00	-3.16	-0.00	-8.46
0.00	0.00	-3.16	0.00	-8.46
0.00	0.00	-3.16	0.01	-8.46
0.00	0.00	-3.16	-0.00	-8.46
0.00	0.00	-3.16	-0.00	-8.46
0.00	0.00	-3.16	-0.00	-8.46
0.00	0.00	-3.16	-0.03	-8.46
0.00	0.00	-3.16	0.03	-8.46
0.00	0.00	-3.16	0.00	-8.46
0.00	0.00	-3.16	0.01	-8.46
0.00	0.00	-3.16	-0.01	-8.46
0.00	0.00	-3.16	0.00	-8.46
0.00	0.00	-3.16	-0.00	-8.46
0.00	0.00	-3.16	-0.00	-8.46
0.00	0.00	-3.16	-0.00	-8.46
0.00	0.00	-3.16	0.01	-8.46
0.00	0.00	-3.16	0.02	-8.46
0.00	0.00	-3.16	-0.03	-8.46
0.00	0.00	-3.16	-0.00	-8.46
0.00	0.00	-3.16	0.00	-8.46
0.00	0.00	-3.16	-0.01	-8.46
0.00	0.00	-3.16	0.01	-8.46
0.00	0.00	-3.16	-0.00	-8.46
0.00	0.00	-3.16	-0.00	-8.46
0.00	0.00	-3.16	0.00	-8.46
0.00	0.00	-3.16	0.00	-8.46
0.00	0.00	-3.16	-0.00	-8.46
0.00	0.00	-3.16	0.00	-8.46
0.00	0.00	-3.16	-0.00	-8.46
0.00	0.00	-3.16	0.00	-8.46
0.00	0.00	-3.16	0.02	-8.46
0.00	0.00	-3.16	-0.02	-8.46
0.00	0.00	-3.16	-0.00	-8.46
0.00	0.00	-3.16	0.01	-8.46
0.00	0.00	-3.16	0.00	-8.46
0.00	0.00	-3.16	-0.01	-8.46
0.00	0.00	-3.15	-0.00	-8.46
0.00	0.00	-3.16	0.07	-8.46
0.00	0.00	-3.16	-0.06	-8.46
0.00	0.00	-3.16	-0.00	-8.46
0.00	0.00	-3.16	-0.00	-8.46
0.00	0.00	-3.16	-0.00	-8.46
0.00	0.00	-3.16	-0.00	-8.46
0.00	0.00	-3.16	-0.00	-8.46
0.00	0.00	-3.16	0.01	-8.46
0.00	0.00	-3.16	0.01	-8.46
0.00	0.00	-3.16	-0.01	-8.46
0.00	0.00	-3.16	-0.01	-8.46
0.00	0.00	-3.16	0.01	-8.46
0.00	0.00	-3.16	-0.01	-8.46
0.00	0.00	-3.16	-0.00	-8.46
0.00	0.00	-3.16	0.00	-8.46
0.00	0.00	-3.16	0.00	-8.46
0.00	0.00	-3.16	0.01	-8.46
0.00	0.00	-3.16	-0.01	-8.46
0.00	0.00	-3.16	0.00	-8.46
0.00	0.00	-3.16	0.00	-8.46
0.00	0.00	-3.16	-0.00	-8.46
0.00	0.00	-3.16	0.00	-8.46
0.00	0.00	-3.16	-0.00	-8.46
0.00	0.00	-3.16	0.00	-8.46
0.00	0.00	-3.16	-0.02	-8.46
0.00	0.00	-3.16	0.02	-8.46
0.00	0.00	-3.15	0.01	-8.46
0.00	0.00	-3.16	0.04	-8.46
0.00	0.00	-3.16	-0.04	-8.46
0.00	0.00	-3.16	-0.01	-8.46
0.00	0.00	-3.16	0.01	-8.46
0.00	0.00	-3.16	0.00	-8.46
0.00	0.00	-3.16	0.01	-8.46
0.00	0.00	-3.16	-0.02	-8.46
0.00	0.00	-3.16	0.00	-8.46
0.00	0.00	-3.16	-0.00	-8.46
0.00	0.00	-3.15	-0.00	-8.46
0.00	0.01	-3.15	0.13	-8.46
0.00	-0.01	-3.15	0.03	-8.46
0.00	-0.00	-3.15	-0.00	-8.46
0.00	-0.00	-3.15	-0.00	-8.46
0.00	-0.00	-3.15	-0.00	-8.46
0.00	-0.00	-3.15	0.01	-8.46
0.00	-0.00	-3.15	-0.00	-8.46
0.00	0.01	-3.15	0.01	-8.46
0.00	-0.01	-3.15	-0.01	-8.46
0.00	-0.00	-3.15	0.00	-8.46
0.00	-0.00	-3.15	-0.00	-8.46
0.00	-0.00	-3.15	-0.00	-8.46
0.00	-0.00	-3.15	-0.00	-8.46
0.00	-0.00	-3.15	0.01	-8.46
0.00	-0.00	-3.15	-0.00	-8.46
0.00	-0.00	-3.15	0.00	-8.46
0.00	-0.00	-3.15	0.12	-8.46
0.00	-0.00	-3.15	0.02	-8.46
0.00	-0.00	-3.14	0.17	-8.46
0.00	0.01	-3.14	0.12	-8.46
0.00	-0.01	-3.14	0.02	-8.46
0.00	-0.00	-3.14	0.01	-8.46
0.00	-0.00	-3.14	-0.00	-8.46
0.00	-0.00	-3.14	0.00	-8.46
0.00	-0.00	-3.14	-0.01	-8.46
0.00	-0.00	-3.14	0.00	-8.46
0.00	-0.00	-3.14	0.00	-8.46
0.00	0.01	-3.14	0.00	-8.46
0.00	-0.01	-3.14	-0.00	-8.46
0.00	-0.00	-3.14	0.14	-8.46
0.00	-0.00	-3.13	0.15	-8.46
0.00	-0.00	-3.13	0.15	-8.46
0.00	-0.00	-3.13	0.28	-8.46
0.00	-0.00	-3.12	0.17	-8.46
0.00	-0.00	-3.12	0.28	-8.46
0.00	-0.00	-3.11	0.17	-8.46
0.00	-0.00	-3.11	0.29	-8.46
0.00	-0.00	-3.11	0.17	-8.46
0.00	-0.00	-3.10	0.08	-8.46
0.00	-0.00	-3.10	0.08	-8.46
0.00	-0.00	-3.10	0.01	-8.46
0.00	-0.00	-3.11	0.01	-8.46
0.00	-0.00	-3.11	-0.13	-8.46
0.00	-0.00	-3.12	-0.15	-8.46
0.00	-0.00	-3.12	-0.29	-8.46
0.00	-0.00	-3.13	-0.28	-8.46
0.00	-0.00	-3.13	-0.33	-8.46
0.00	-0.00	-3.13	-0.18	-8.46
0.00	-0.00	-3.14	-0.15	-8.46
0.00	-0.00	-3.14	-0.30	-8.46
0.00	-0.00	-3.14	-0.03	-8.46
0.00	-0.00	-3.14	-0.14	-8.46
0.00	-0.00	-3.14	-0.02	-8.46
0.00	-0.00	-3.14	-0.00	-8.46
0.00	-0.00	-3.14	0.00	-8.46
0.00	-0.00	-3.14	-0.00	-8.46
0.00	-0.00	-3.14	-0.00	-8.46
0.00	-0.00	-3.14	0.14	-8.46
0.00	-0.00	-3.14	0.02	-8.46
0.00	-0.00	-3.14	0.01	-8.46
0.00	-0.00	-3.14	-0.00	-8.46
0.00	-0.00	-3.14	0.00	-8.46
0.00	-0.00	-3.14	-0.00	-8.46
0.00	-0.00	-3.14	-0.00	-8.46
0.00	-0.00	-3.13	0.14	-8.46
0.00	-0.00	-3.13	0.15	-8.46
0.00	-0.00	-3.13	0.02	-8.46
0.00	-0.00	-3.13	0.14	-8.46
0.00	-0.00	-3.13	0.15	-8.46
0.00	-0.00	-3.13	0.03	-8.46
0.00	-0.00	-3.13	0.00	-8.46
0.00	-0.00	-3.13	0.00	-8.46
0.00	-0.00	-3.13	0.01	-8.46
0.00	-0.00	-3.13	-0.01	-8.46
0.00	-0.00	-3.13	0.00	-8.46
0.00	-0.00	-3.13	0.00	-8.46
0.00	-0.00	-3.13	-0.13	-8.46
0.00	-0.00	-3.14	-0.14	-8.46
0.00	-0.00	-3.14	-0.15	-8.46
0.00	-0.00	-3.14	-0.01	-8.46
0.00	-0.00	-3.14	-0.14	-8.46
0.00	-0.00	-3.14	-0.16	-8.46
0.00	-0.00	-3.14	-0.02	-8.46
0.00	-0.00	-3.15	-0.00	-8.46
0.00	-0.00	-3.15	-0.13	-8.46
0.00	-0.00	-3.15	-0.03	-8.46
0.00	-0.00	-3.15	0.00	-8.46
0.00	-0.00	-3.15	-0.00	-8.46
0.00	-0.00	-3.14	-0.00	-8.46
0.00	-0.00	-3.14	0.13	-8.46
0.00	-0.00	-3.13	0.16	-8.46
0.00	-0.00	-3.13	0.28	-8.46
0.00	-0.00	-3.13	0.17	-8.46
0.00	-0.00	-3.13	0.02	-8.46
0.00	-0.00	-3.13	0.15	-8.46
0.00	-0.00	-3.13	0.00	-8.46
0.00	-0.00	-3.13	0.14	-8.46
0.00	-0.00	-3.13	0.01	-8.46
0.00	-0.00	-3.13	0.02	-8.46
0.00	-0.00	-3.13	-0.01	-8.46
0.00	-0.00	-3.13	-0.00	-8.46
0.00	-0.00	-3.13	0.01	-8.46
0.00	-0.00	-3.13	-0.01	-8.46
0.00	-0.00	-3.12	-0.00	-8.46
0.00	-0.00	-3.12	0.14	-8.46
0.00	-0.00	-3.12	0.02	-8.46
0.00	-0.00	-3.12	0.13	-8.46
0.00	-0.00	-3.12	0.02	-8.46
0.00	-0.00	-3.12	-0.00	-8.46
0.00	-0.00	-3.12	0.00	-8.46
0.00	-0.00	-3.12	-0.01	-8.46
0.00	-0.00	-3.12	-0.02	-8.46
0.00	-0.00	-3.12	0.02	-8.46
0.00	-0.00	-3.13	-0.13	-8.46
0.00	-0.00	-3.13	-0.15	-8.46
0.00	-0.00	-3.13	-0.02	-8.46
0.00	-0.00	-3.13	-0.00	-8.46
0.00	-0.00	-3.13	-0.13	-8.46
0.00	-0.00	-3.13	-0.02	-8.46
0.00	-0.00	-3.13	-0.00	-8.46
0.00	-0.00	-3.13	0.00	-8.46
0.00	-0.00	-3.13	0.01	-8.46
0.00	-0.00	-3.13	-0.01	-8.46
0.00	-0.00	-3.13	0.00	-8.46
0.00	-0.00	-3.13	0.00	-8.46
0.00	-0.00	-3.13	-0.01	-8.46
0.00	-0.00	-3.13	-0.00	-8.46
0.00	-0.00	-3.13	0.00	-8.46
0.00	-0.00	-3.13	0.01	-8.46
0.00	-0.00	-3.13	0.00	-8.46
0.00	-0.00	-3.13	-0.00	-8.46
0.00	-0.00	-3.13	-0.01	-8.46
0.00	-0.00	-3.13	0.00	-8.46
0.00	-0.00	-3.13	0.01	-8.46
0.00	-0.00	-3.13	-0.01	-8.46
0.00	-0.00	-3.13	0.08	-8.46
0.00	-0.00	-3.13	-0.07	-8.46
0.00	-0.00	-3.13	-0.02	-8.46
0.00	-0.00	-3.13	-0.01	-8.46
0.00	-0.00	-3.13	0.00	-8.46
0.00	-0.00	-3.13	0.00	-8.46
0.00	-0.00	-3.13	-0.01	-8.46
0.00	-0.00	-3.13	0.02	-8.46
0.00	-0.00	-3.13	-0.01	-8.46
0.00	-0.00	-3.13	-0.01	-8.46
0.00	-0.00	-3.13	0.01	-8.46
0.00	-0.00	-3.13	-0.03	-8.46
0.00	-0.00	-3.13	0.03	-8.46
0.00	-0.00	-3.13	-0.00	-8.46
0.00	-0.00	-3.13	-0.00	-8.46
0.00	-0.00	-3.13	-0.00	-8.46
0.00	-0.00	-3.13	0.01	-8.46
0.00	-0.00	-3.13	-0.00	-8.46
0.00	-0.00	-3.13	-0.03	-8.46
0.00	-0.00	-3.13	0.01	-8.46
0.00	-0.00	-3.13	0.01	-8.46
0.00	-0.00	-3.13	0.00	-8.46
0.00	-0.00	-3.13	-0.01	-8.46
0.00	-0.00	-3.13	0.00	-8.46
0.00	-0.00	-3.13	-0.00	-8.46
0.00	-0.00	-3.13	0.00	-8.46
0.00	-0.00	-3.13	-0.01	-8.46
0.00	-0.00	-3.13	0.01	-8.46
0.00	-0.00	-3.13	-0.01	-8.46
0.00	-0.00	-3.13	-0.00	-8.46
0.00	-0.00	-3.13	0.00	-8.46
0.00	-0.00	-3.13	0.01	-8.46
0.00	-0.00	-3.13	-0.07	-8.46
0.00	-0.00	-3.13	0.05	-8.46
0.00	-0.00	-3.13	0.02	-8.46
0.00	-0.00	-3.13	-0.00	-8.46
0.00	-0.00	-3.13	0.06	-8.46
0.00	-0.00	-3.13	-0.05	-8.46
0.00	-0.00	-3.13	-0.01	-8.46
0.00	-0.00	-3.13	0.00	-8.46
0.00	-0.00	-3.13	0.00	-8.46
0.00	-0.00	-3.13	-0.01	-8.46
0.00	-0.00	-3.13	0.00	-8.46
0.00	-0.00	-3.13	0.03	-8.46
0.00	-0.00	-3.13	-0.02	-8.46
0.00	-0.00	-3.13	-0.01	-8.46
0.00	-0.00	-3.13	0.00	-8.46
0.00	-0.00	-3.13	0.00	-8.46
0.00	-0.00	-3.13	0.00	-8.46
0.00	-0.00	-3.13	0.00	-8.46
0.00	-0.00	-3.13	0.00	-8.46
0.00	-0.00	-3.13	-0.00	-8.46
0.00	-0.00	-3.13	-0.01	-8.46
0.00	-0.00	-3.13	-0.08	-8.46
0.00	-0.00	-3.13	0.06	-8.46
0.00	-0.00	-3.13	0.01	-8.46
0.00	-0.00	-3.13	0.01	-8.46
0.00	-0.00	-3.13	0.02	-8.46
0.00	-0.00	-3.13	-0.02	-8.46
0.00	-0.00	-3.13	0.01	-8.46
0.00	-0.00	-3.13	-0.01	-8.46
0.00	-0.00	-3.13	0.00	-8.46
0.00	-0.00	-3.13	0.00	-8.46
0.00	-0.00	-3.13	-0.01	-8.46
0.00	-0.00	-3.13	0.08	-8.46
0.00	-0.00	-3.13	-0.07	-8.46
0.00	-0.00	-3.13	-0.00	-8.46
0.00	-0.00	-3.13	-0.01	-8.46
0.00	-0.00	-3.13	-0.00	-8.46
0.00	-0.00	-3.13	-0.00	-8.46
0.00	-0.00	-3.13	0.01	-8.46
0.00	-0.00	-3.13	-0.00	-8.46
0.00	-0.00	-3.13	0.00	-8.46
0.00	-0.00	-3.13	-0.00	-8.46
0.00	-0.00	-3.13	0.00	-8.46
0.00	-0.00	-3.13	-0.01	-8.46
0.00	-0.00	-3.13	0.00	-8.46
0.00	-0.00	-3.13	0.00	-8.46
0.00	-0.00	-3.13	-0.01	-8.46
0.00	-0.00	-3.13	-0.01	-8.46
0.00	-0.00	-3.13	0.01	-8.46
0.00	-0.00	-3.13	0.00	-8.46
0.00	-0.00	-3.13	-0.00	-8.46
0.00	-0.00	-3.13	0.01	-8.46
0.00	-0.00	-3.13	0.00	-8.46
0.00	-0.00	-3.13	0.00	-8.46
0.00	-0.00	-3.13	-0.01	-8.46
0.00	-0.00	-3.13	0.00	-8.46
0.00	-0.00	-3.13	0.00	-8.46
0.00	-0.00	-3.13	-0.01	-8.46
0.00	-0.00	-3.13	0.01	-8.46
0.00	-0.00	-3.13	-0.00	-8.46
0.00	-0.00	-3.13	0.03	-8.46
0.00	-0.00	-3.13	-0.03	-8.46
0.00	-0.00	-3.13	-0.01	-8.46
0.00	-0.00	-3.13	0.00	-8.46
0.00	-0.00	-3.13	0.00	-8.46
0.00	-0.00	-3.13	-0.00	-8.46
0.00	-0.00	-3.13	0.00	-8.46
0.00	-0.00	-3.13	-0.00	-8.46
0.00	-0.00	-3.13	0.00	-8.46
0.00	-0.00	-3.13	0.00	-8.46
0.00	-0.00	-3.13	-0.00	-8.46
0.00	-0.00	-3.13	-0.00	-8.46
0.00	-0.00	-3.13	-0.01	-8.46
0.00	-0.00	-3.13	0.00	-8.46
0.00	-0.00	-3.13	0.00	-8.46
0.00	-0.00	-3.13	0.00	-8.46
0.00	-0.00	-3.13	0.00	-8.46
0.00	-0.00	-3.13	-0.00	-8.46
0.00	-0.00	-3.13	0.00	-8.46
0.00	-0.00	-3.13	-0.00	-8.46
0.00	-0.00	-3.13	0.01	-8.46
0.00	-0.00	-3.13	-0.00	-8.46
0.00	-0.00	-3.13	-0.00	-8.46
0.00	-0.00	-3.13	-0.00	-8.46
0.00	-0.00	-3.13	0.00	-8.46
0.00	-0.00	-3.13	-0.00	-8.46
0.00	-0.00	-3.13	-0.00	-8.46
0.00	-0.00	-3.13	0.00	-8.46
0.00	-0.00	-3.13	0.00	-8.46
0.00	-0.00	-3.13	0.00	-8.46
0.00	-0.00	-3.13	-0.00	-8.46
0.00	-0.00	-3.13	-0.00	-8.46
0.00	-0.00	-3.13	-0.06	-8.46
0.00	-0.00	-3.13	0.05	-8.46
0.00	-0.00	-3.13	0.01	-8.46
0.00	-0.00	-3.13	0.00	-8.46
0.00	-0.00	-3.13	0.00	-8.46
0.00	-0.00	-3.13	-0.00	-8.46
0.00	-0.00	-3.13	0.00	-8.46
0.00	-0.00	-3.13	-0.00	-8.46
0.00	-0.00	-3.13	-0.00	-8.46
0.00	-0.00	-3.13	-0.00	-8.46
0.00	-0.00	-3.13	0.00	-8.46
0.00	-0.00	-3.13	0.00	-8.46
0.00	-0.00	-3.13	-0.00	-8.46
0.00	-0.00	-3.13	0.00	-8.46
0.00	-0.00	-3.13	0.00	-8.46
0.00	-0.00	-3.13	-0.00	-8.46
0.00	-0.00	-3.13	-0.00	-8.46
0.00	-0.00	-3.13	0.00	-8.46
0.00	-0.00	-3.13	-0.00	-8.46
0.00	-0.00	-3.13	0.00	-8.46
0.00	-0.00	-3.13	0.00	-8.46
0.00	-0.00	-3.13	-0.06	-8.46
0.00	-0.00	-3.13	0.05	-8.46
0.00	-0.00	-3.13	0.00	-8.46
0.00	-0.00	-3.13	0.01	-8.46
0.00	-0.00	-3.13	0.00	-8.46
0.00	-0.00	-3.13	-0.00	-8.46
0.00	-0.00	-3.13	-0.00	-8.46
0.00	0.01	-3.13	-0.02	-8.46
0.00	-0.01	-3.13	0.01	-8.46
0.00	-0.00	-3.13	0.01	-8.46
0.00	-0.00	-3.13	0.01	-8.46
0.00	-0.00	-3.13	0.00	-8.46
0.00	-0.00	-3.13	-0.01	-8.46
0.00	-0.00	-3.13	-0.01	-8.46
0.00	-0.00	-3.13	-0.02	-8.46
0.00	-0.00	-3.13	0.01	-8.46
0.00	-0.00	-3.13	0.00	-8.46
0.00	-0.00	-3.13	-0.12	-8.46
0.00	-0.00	-3.13	-0.03	-8.46
0.00	-0.00	-3.13	-0.00	-8.46
0.00	-0.00	-3.13	0.00	-8.46
0.00	-0.00	-3.13	-0.13	-8.46
0.00	-0.00	-3.13	-0.02	-8.46
0.00	-0.00	-3.13	-0.00	-8.46
0.00	-0.00	-3.13	-0.00	-8.46
0.00	-0.00	-3.13	0.01	-8.46
0.00	-0.00	-3.13	-0.00	-8.46
0.00	-0.00	-3.13	0.00	-8.46
0.00	-0.00	-3.13	-0.00	-8.46
0.00	-0.00	-3.13	0.00	-8.46
0.00	-0.00	-3.13	0.00	-8.46
0.00	-0.00	-3.13	0.13	-8.46
0.00	-0.00	-3.13	0.03	-8.46
0.00	-0.00	-3.13	-0.02	-8.46
0.00	-0.00	-3.13	0.14	-8.46
0.00	-0.00	-3.13	0.02	-8.46
0.00	-0.00	-3.13	0.01	-8.46
0.00	-0.00	-3.13	-0.00	-8.46
0.00	-0.00	-3.13	0.00	-8.46
0.00	-0.00	-3.13	0.13	-8.46
0.00	-0.00	-3.13	0.02	-8.46
0.00	-0.00	-3.13	-0.00	-8.46
0.00	-0.00	-3.13	0.00	-8.46
0.00	-0.00	-3.13	0.00	-8.46
0.00	-0.00	-3.13	0.01	-8.46
0.00	-0.00	-3.13	-0.01	-8.46
0.00	-0.00	-3.13	-0.00	-8.46
0.00	-0.00	-3.13	-0.00	-8.46
0.00	-0.00	-3.13	-0.00	-8.46
0.00	-0.00	-3.13	-0.02	-8.46
0.00	-0.00	-3.13	0.02	-8.46
0.00	-0.00	-3.13	0.00	-8.46
0.00	-0.00	-3.13	0.01	-8.46
0.00	-0.00	-3.13	-0.13	-8.46
0.00	-0.00	-3.13	-0.15	-8.46
0.00	-0.00	-3.13	-0.16	-8.46
0.00	-0.00	-3.13	-0.03	-8.46
0.00	-0.00	-3.14	0.00	-8.46
0.00	-0.00	-3.14	-0.13	-8.46
0.00	-0.00	-3.14	-0.01	-8.46
0.00	-0.00	-3.14	-0.01	-8.46
0.00	-0.00	-3.14	-0.00	-8.46
0.00	-0.00	-3.14	-0.14	-8.46
0.00	-0.00	-3.14	-0.15	-8.46
0.00	-0.00	-3.15	-0.03	-8.46
0.00	-0.00	-3.15	-0.13	-8.46
0.00	-0.00	-3.15	-0.01	-8.46
0.00	-0.00	-3.15	-0.01	-8.46
0.00	-0.00	-3.15	0.00	-8.46
0.00	-0.00	-3.15	-0.00	-8.46
0.00	-0.00	-3.15	0.00	-8.46
0.00	-0.00	-3.14	0.00	-8.46
0.00	-0.00	-3.14	0.26	-8.46
0.00	-0.00	-3.13	0.17	-8.46
0.00	-0.00	-3.13	0.15	-8.46
0.00	-0.00	-3.13	0.02	-8.46
0.00	-0.00	-3.13	0.13	-8.46
0.00	-0.00	-3.13	0.02	-8.46
0.00	-0.00	-3.13	0.13	-8.46
0.00	-0.00	-3.13	0.03	-8.46
0.00	-0.00	-3.13	-0.00	-8.46
0.00	-0.00	-3.13	-0.00	-8.46
0.00	-0.00	-3.13	-0.00	-8.46
0.00	-0.00	-3.13	0.00	-8.46
0.00	-0.00	-3.13	-0.13	-8.46
0.00	-0.00	-3.14	-0.16	-8.46
0.00	-0.00	-3.14	-0.15	-8.46
0.00	-0.00	-3.14	-0.02	-8.46
0.00	-0.00	-3.14	-0.13	-8.46
0.00	-0.00	-3.15	-0.15	-8.46
0.00	-0.00	-3.15	-0.15	-8.46
0.00	-0.00	-3.15	-0.02	-8.46
0.00	-0.00	-3.15	-0.14	-8.46
0.00	-0.00	-3.15	-0.15	-8.46
0.00	-0.00	-3.16	-0.03	-8.46
0.00	-0.00	-3.16	-0.10	-8.46
0.00	-0.00	-3.16	-0.05	-8.46
0.00	-0.00	-3.16	-0.00	-8.46
0.00	-0.00	-3.16	-0.06	-8.46
0.00	-0.00	-3.16	0.05	-8.46
0.00	-0.00	-3.16	0.01	-8.46
0.00	-0.00	-3.16	-0.01	-8.46
0.00	-0.00	-3.16	0.03	-8.46
0.00	-0.00	-3.16	-0.02	-8.46
0.00	-0.00	-3.16	-0.01	-8.46
0.00	-0.00	-3.16	-0.02	-8.46
0.00	-0.00	-3.16	0.02	-8.46
0.00	-0.00	-3.16	0.00	-8.46
0.00	-0.00	-3.16	0.00	-8.46
0.00	-0.00	-3.16	0.00	-8.46
0.00	-0.00	-3.16	0.00	-8.46
0.00	-0.00	-3.15	-0.00	-8.46
0.00	-0.00	-3.15	0.13	-8.46
0.00	-0.00	-3.15	0.02	-8.46
0.00	-0.00	-3.15	0.00	-8.46
0.00	-0.00	-3.15	-0.00	-8.46
0.00	-0.00	-3.15	-0.00	-8.46
0.00	-0.00	-3.15	0.04	-8.46
0.00	-0.00	-3.15	-0.03	-8.46
0.00	-0.00	-3.15	-0.00	-8.46
0.00	-0.00	-3.15	-0.01	-8.46
0.00	-0.00	-3.15	0.01	-8.46
0.00	-0.00	-3.15	-0.00	-8.46
0.00	-0.00	-3.15	-0.00	-8.46
0.00	-0.00	-3.15	0.03	-8.46
0.00	-0.00	-3.15	-0.02	-8.46
0.00	-0.00	-3.15	-0.01	-8.46
0.00	-0.00	-3.15	0.00	-8.46
0.00	-0.00	-3.15	0.00	-8.46
0.00	-0.00	-3.15	0.00	-8.46
0.00	-0.00	-3.15	-0.00	-8.46
0.00	-0.00	-3.15	0.00	-8.46
0.00	-0.00	-3.15	0.00	-8.46
0.00	-0.00	-3.15	0.00	-8.46
0.00	-0.00	-3.15	0.00	-8.46
0.00	-0.00	-3.15	-0.01	-8.46
0.00	-0.00	-3.15	-0.00	-8.46
0.00	-0.00	-3.15	0.00	-8.46
0.00	-0.00	-3.15	-0.01	-8.46
0.00	-0.00	-3.15	0.00	-8.46
0.00	-0.00	-3.15	0.00	-8.46
0.00	-0.00	-3.15	-0.00	-8.46
0.00	-0.00	-3.15	-0.00	-8.46
0.00	-0.00	-3.15	-0.00	-8.46
0.00	-0.00	-3.15	-0.00	-8.46
0.00	-0.00	-3.15	0.01	-8.46
0.00	-0.00	-3.15	-0.00	-8.46
0.00	-0.00	-3.15	-0.00	-8.46
0.00	-0.00	-3.15	0.00	-8.46
0.00	-0.00	-3.15	-0.01	-8.46
0.00	-0.00	-3.15	0.00	-8.46
0.00	-0.00	-3.15	-0.00	-8.46
0.00	-0.00	-3.15	0.01	-8.46
0.00	-0.00	-3.15	-0.01	-8.46
0.00	-0.00	-3.15	0.00	-8.46
0.00	-0.00	-3.15	0.00	-8.46
0.00	-0.00	-3.15	-0.01	-8.46
0.00	-0.00	-3.15	-0.00	-8.46
0.00	-0.00	-3.15	-0.00	-8.46
0.00	-0.00	-3.15	-0.00	-8.46
0.00	-0.00	-3.15	-0.00	-8.46
0.00	-0.00	-3.15	0.01	-8.46
0.00	-0.00	-3.15	-0.00	-8.46
0.00	-0.00	-3.15	0.00	-8.46
0.00	-0.00	-3.15	0.00	-8.46
0.00	-0.00	-3.15	0.00	-8.46
0.00	-0.00	-3.15	-0.00	-8.46
0.00	-0.00	-3.15	-0.00	-8.46
0.00	-0.00	-3.15	0.00	-8.46
0.00	-0.00	-3.15	-0.01	-8.46
0.00	-0.00	-3.15	0.01	-8.46
0.00	-0.00	-3.15	0.01	-8.46
0.00	-0.00	-3.15	-0.01	-8.46
0.00	-0.00	-3.15	0.00	-8.46
0.00	-0.00	-3.15	0.00	-8.46
0.00	-0.00	-3.15	0.00	-8.46
0.00	-0.00	-3.15	-0.00	-8.46
0.00	-0.00	-3.15	0.02	-8.46
0.00	-0.00	-3.15	-0.02	-8.46
0.00	-0.00	-3.15	-0.00	-8.46
0.00	-0.00	-3.15	-0.00	-8.46
0.00	-0.00	-3.15	-0.00	-8.46
0.00	-0.00	-3.15	0.01	-8.46
0.00	-0.00	-3.15	-0.00	-8.46
0.00	-0.00	-3.15	-0.00	-8.46
0.00	-0.00	-3.15	-0.00	-8.46
0.00	-0.00	-3.15	0.00	-8.46
0.00	-0.00	-3.15	0.00	-8.46
0.00	-0.00	-3.15	-0.00	-8.46
0.00	-0.00	-3.15	-0.00	-8.46
0.00	-0.00	-3.15	-0.00	-8.46
0.00	-0.00	-3.15	0.01	-8.46
0.00	-0.00	-3.15	-0.01	-8.46
0.00	-0.00	-3.15	0.00	-8.46
0.00	-0.00	-3.15	-0.00	-8.46
0.00	-0.00	-3.15	0.01	-8.46
0.00	-0.00	-3.15	0.00	-8.46
0.00	-0.00	-3.15	-0.01	-8.46
0.00	-0.00	-3.15	-0.00	-8.46
0.00	-0.00	-3.14	0.14	-8.46
0.00	-0.00	-3.12	0.54	-8.46
0.00	-0.00	-3.10	0.74	-8.46
0.00	-0.00	-3.08	1.04	-8.46
0.00	-0.00	-3.06	1.06	-8.46
0.00	-0.00	-3.04	1.04	-8.46
0.00	-0.00	-3.01	1.10	-8.46
0.00	-0.00	-2.98	1.21	-8.46
0.00	-0.00	-2.95	1.36	-8.46
0.00	-0.00	-2.91	1.64	-8.46
0.00	-0.00	-2.87	1.82	-8.46
0.00	-0.00	-2.83	1.98	-8.46
0.00	-0.00	-2.78	2.11	-8.46
0.00	-0.00	-2.73	2.29	-8.46
0.00	-0.00	-2.68	2.56	-8.46
0.00	-0.00	-2.63	2.60	-8.46
0.00	-0.00	-2.57	2.75	-8.46
0.00	-0.00	-2.52	2.75	-8.46
0.00	-0.00	-2.46	2.63	-8.46
0.00	-0.00	-2.41	2.74	-8.46
0.00	-0.00	-2.36	2.63	-8.46
0.00	-0.00	-2.30	2.74	-8.46
0.00	-0.00	-2.25	2.76	-8.46
0.00	-0.00	-2.20	2.63	-8.46
0.00	-0.00	-2.14	2.61	-8.46
0.00	-0.00	-2.09	2.74	-8.46
0.00	-0.00	-2.04	2.49	-8.46
0.00	-0.00	-2.00	2.46	-8.46
0.00	-0.00	-1.95	2.33	-8.46
0.00	-0.00	-1.91	2.19	-8.46
0.00	-0.00	-1.87	1.99	-8.46
0.00	-0.00	-1.83	2.00	-8.46
0.00	-0.00	-1.80	2.00	-8.46
0.00	-0.00	-1.76	1.86	-8.46
0.00	-0.00	-1.73	1.71	-8.46
0.00	-0.00	-1.70	1.55	-8.46
0.00	-0.00	-1.67	1.57	-8.46
0.00	-0.00	-1.65	1.36	-8.46
0.00	-0.00	-1.63	1.27	-8.46
0.00	-0.00	-1.60	1.22	-8.46
0.00	-0.00	-1.58	1.23	-8.46
0.00	-0.00	-1.55	1.23	-8.46
0.00	-0.00	-1.53	1.23	-8.46
0.00	-0.00	-1.51	1.09	-8.46
0.00	-0.00	-1.48	1.22	-8.46
0.00	-0.00	-1.46	1.09	-8.46
0.00	-0.00	-1.43	1.20	-8.46
0.00	-0.00	-1.41	1.36	-8.46
0.00	-0.00	-1.38	1.25	-8.46
0.00	-0.00	-1.36	1.36	-8.46
0.00	-0.00	-1.33	1.25	-8.46
0.00	-0.00	-1.30	1.22	-8.46
0.00	-0.00	-1.28	1.36	-8.46
0.00	-0.00	-1.25	1.25	-8.46
0.00	-0.00	-1.22	1.36	-8.46
0.00	-0.00	-1.19	1.51	-8.46
0.00	-0.00	-1.16	1.40	-8.46
0.00	-0.00	-1.13	1.52	-8.46
0.00	-0.00	-1.10	1.53	-8.46
0.00	-0.00	-1.06	1.67	-8.46
0.00	-0.00	-1.03	1.68	-8.46
0.00	-0.00	-0.99	1.69	-8.46
0.00	-0.00	-0.96	1.82	-8.46
0.00	-0.00	-0.92	1.70	-8.46
0.00	-0.00	-0.90	1.73	-8.46
0.00	-0.00	-0.87	1.40	-8.46
0.00	-0.00	-0.84	1.50	-8.46
0.00	-0.00	-0.81	1.40	-8.46
0.00	-0.00	-0.79	1.27	-8.46
0.00	-0.00	-0.77	1.22	-8.46
0.00	-0.00	-0.74	1.22	-8.46
0.00	-0.00	-0.72	1.12	-8.46
0.00	-0.00	-0.70	1.05	-8.46
0.00	-0.00	-0.67	1.21	-8.46
0.00	-0.00	-0.65	1.23	-8.46
0.00	-0.00	-0.62	1.22	-8.46
0.00	-0.00	-0.59	1.36	-8.46
0.00	-0.00	-0.57	1.39	-8.46
0.00	-0.00	-0.54	1.24	-8.46
0.00	-0.00	-0.52	1.24	-8.46
0.00	-0.00	-0.50	1.22	-8.46
0.00	-0.00	-0.47	1.23	-8.46
0.00	-0.00	-0.45	1.23	-8.46
0.00	-0.00	-0.43	1.10	-8.46
0.00	-0.00	-0.41	1.07	-8.46
0.00	-0.00	-0.39	0.94	-8.46
0.00	-0.00	-0.38	0.92	-8.46
0.00	-0.00	-0.36	0.79	-8.46
0.00	0.01	-0.35	0.77	-8.46
0.00	-0.01	-0.33	0.64	-8.46
0.00	-0.00	-0.32	0.74	-8.46
0.00	-0.00	-0.31	0.64	-8.46
0.00	-0.00	-0.29	0.74	-8.46
0.00	-0.00	-0.28	0.62	-8.46
0.00	-0.00	-0.26	0.75	-8.46
0.00	-0.00	-0.25	0.77	-8.46
0.00	-0.00	-0.24	0.77	-8.46
0.00	-0.00	-0.23	0.63	-8.46
0.00	-0.00	-0.21	0.49	-8.46
0.00	-0.00	-0.21	0.59	-8.46
0.00	-0.00	-0.20	0.36	-8.46
0.00	-0.00	-0.20	0.32	-8.46
0.00	-0.00	-0.19	0.17	-8.46
0.00	-0.00	-0.19	0.29	-8.46
0.00	-0.00	-0.18	0.17	-8.46
0.00	-0.00	-0.18	0.29	-8.46
0.00	-0.00	-0.17	0.17	-8.46
0.00	-0.00	-0.17	0.29	-8.46
0.00	-0.00	-0.16	0.30	-8.46
0.00	-0.00	-0.16	0.30	-8.46
0.00	-0.00	-0.15	0.31	-8.46
0.00	-0.00	-0.14	0.31	-8.46
0.00	-0.00	-0.14	0.30	-8.46
0.00	-0.00	-0.13	0.31	-8.46
0.00	-0.00	-0.13	0.17	-8.46
0.00	-0.00	-0.12	0.29	-8.46
0.00	-0.00	-0.12	0.31	-8.46
0.00	-0.00	-0.11	0.30	-8.46
0.00	-0.00	-0.10	0.43	-8.46
0.00	-0.00	-0.09	0.33	-8.46
0.00	-0.00	-0.09	0.37	-0.13
0.00	-0.00	-0.09	0.12	-3.21
-0.00	-0.00	-0.08	0.16	-2.30
-0.00	-0.03	-0.07	0.28	-0.27
-0.01	-0.09	-0.05	0.70	5.32
-0.01	-0.11	-0.04	0.75	6.28
-0.01	-0.06	-0.04	0.50	3.96
-0.00	0.03	-0.04	0.33	2.29
0.00	0.14	-0.06	-0.23	-4.67
0.01	0.22	-0.07	-0.69	-8.36
0.01	0.18	-0.07	-0.62	-8.36
0.00	0.08	-0.06	-0.32	-6.74
-0.00	-0.09	-0.04	0.49	3.55
-0.01	-0.25	-0.01	1.21	8.38
-0.01	-0.27	0.00	1.23	8.38
-0.01	-0.17	0.00	0.71	7.72
-0.01	-0.02	-0.01	0.21	1.86
-0.00	0.15	-0.04	-0.65	-8.35
0.00	0.24	-0.06	-1.27	-8.41
0.00	0.20	-0.07	-0.98	-8.39
0.00	0.04	-0.05	-0.54	-8.35
-0.01	-0.14	-0.03	0.50	3.61
-0.01	-0.33	0.00	1.24	8.38
-0.02	-0.34	0.02	1.50	8.41
-0.02	-0.23	0.03	0.86	8.36
-0.02	-0.09	0.02	0.51	6.62
-0.01	0.07	-0.01	-0.33	-4.06
-0.01	0.24	-0.04	-1.23	-8.40
-0.00	0.26	-0.05	-1.36	-8.42
-0.00	0.14	-0.06	-0.98	-8.39
-0.01	-0.01	-0.04	-0.27	-5.80
-0.02	-0.19	-0.01	0.64	5.73
-0.02	-0.33	0.01	1.40	8.40
-0.03	-0.32	0.03	1.26	8.39
-0.03	-0.18	0.03	0.70	8.35
-0.02	-0.04	0.01	0.36	4.73
-0.02	0.13	-0.01	-0.75	-8.35
-0.01	0.27	-0.04	-1.29	-8.40
-0.01	0.22	-0.05	-1.22	-8.41
-0.01	0.09	-0.05	-0.84	-8.38
-0.02	-0.10	-0.03	0.01	-2.40
-0.03	-0.28	0.01	1.07	8.37
-0.03	-0.37	0.03	1.60	8.42
-0.04	-0.29	0.04	1.15	8.39
-0.04	-0.16	0.04	0.64	8.35
-0.03	0.00	0.02	0.14	2.57
-0.02	0.18	-0.01	-0.90	-8.36
-0.02	0.31	-0.04	-1.42	-8.41
-0.02	0.23	-0.05	-1.28	-8.41
-0.02	0.08	-0.05	-0.72	-8.37
-0.03	-0.08	-0.02	0.04	-1.59
-0.03	-0.26	0.01	1.06	8.37
-0.04	-0.36	0.03	1.47	8.41
-0.04	-0.27	0.04	1.13	8.39
-0.04	-0.14	0.04	0.65	8.35
-0.04	0.02	0.02	0.12	2.59
-0.03	0.21	-0.01	-0.91	-8.36
-0.03	0.33	-0.04	-1.60	-8.43
-0.02	0.25	-0.05	-1.27	-8.41
-0.03	0.11	-0.04	-0.70	-8.36
-0.03	-0.07	-0.02	0.18	0.45
-0.04	-0.24	0.01	1.07	8.37
-0.04	-0.31	0.03	1.48	8.42
-0.04	-0.22	0.04	0.99	8.38
-0.04	-0.09	0.03	0.53	7.49
-0.03	0.08	0.01	-0.19	-1.39
-0.03	0.27	-0.02	-1.08	-8.38
-0.02	0.32	-0.04	-1.34	-8.40
-0.02	0.21	-0.05	-0.99	-8.38
-0.03	0.08	-0.04	-0.66	-8.36
-0.03	-0.10	-0.01	0.44	4.18
-0.04	-0.30	0.02	1.36	8.40
-0.04	-0.30	0.04	1.40	8.41
-0.04	-0.19	0.05	0.99	8.38
-0.04	-0.06	0.04	0.53	8.06
-0.03	0.14	0.02	-0.32	-2.31
-0.02	0.31	-0.01	-1.11	-8.37
-0.02	0.37	-0.03	-1.48	-8.41
-0.02	0.25	-0.04	-0.99	-8.38
-0.02	0.11	-0.03	-0.51	-7.32
-0.03	-0.08	-0.00	0.44	4.59
-0.03	-0.23	0.03	1.25	8.40
-0.03	-0.25	0.04	1.36	8.41
-0.03	-0.14	0.05	0.98	8.39
-0.03	0.02	0.04	0.40	7.30
-0.02	0.18	0.01	-0.34	-2.20
-0.01	0.37	-0.02	-1.24	-8.38
-0.01	0.42	-0.04	-1.49	-8.41
-0.00	0.29	-0.05	-1.01	-8.38
-0.00	0.14	-0.04	-0.53	-7.52
-0.01	0.00	-0.01	0.33	3.71
-0.01	-0.20	0.02	1.24	8.40
-0.02	-0.21	0.04	1.48	8.43
-0.01	-0.11	0.05	0.87	8.38
-0.01	0.04	0.04	0.52	8.35
-0.00	0.21	0.01	-0.19	0.22
0.01	0.40	-0.02	-1.20	-8.38
0.02	0.49	-0.04	-1.65	-8.42
0.02	0.38	-0.06	-1.27	-8.40
0.02	0.23	-0.05	-0.71	-8.36
0.02	0.08	-0.03	0.05	-0.05
0.02	-0.09	-0.00	1.06	8.38
0.01	-0.18	0.02	1.33	8.41
0.02	-0.12	0.03	1.24	8.41
0.02	0.04	0.03	0.57	8.35
0.03	0.24	0.00	-0.18	0.26
0.04	0.41	-0.03	-0.96	-8.36
0.05	0.49	-0.05	-1.72	-8.43
0.05	0.39	-0.07	-1.14	-8.39
0.05	0.23	-0.06	-0.71	-8.36
0.05	0.09	-0.04	0.04	-0.47
0.05	-0.10	-0.01	0.93	8.36
0.04	-0.18	0.01	1.46	8.42
0.04	-0.10	0.02	1.25	8.41
0.05	0.02	0.02	0.58	8.35
0.06	0.24	-0.01	-0.05	1.59
0.07	0.42	-0.04	-1.21	-8.38
0.08	0.50	-0.07	-1.62	-8.42
0.08	0.41	-0.08	-1.28	-8.40
0.08	0.25	-0.08	-0.84	-8.37
0.08	0.09	-0.06	0.03	-1.33
0.08	-0.07	-0.03	0.80	8.35
0.08	-0.16	-0.01	1.30	8.40
0.08	-0.11	-0.00	1.10	8.39
0.08	0.04	-0.01	0.54	7.41
0.09	0.24	-0.04	-0.32	-3.21
0.10	0.40	-0.07	-1.24	-8.40
0.11	0.42	-0.09	-1.54	-8.43
0.11	0.31	-0.10	-1.09	-8.40
0.11	0.16	-0.10	-0.55	-8.36
0.10	0.01	-0.07	0.06	-2.14
0.10	-0.20	-0.04	1.08	8.36
0.09	-0.28	-0.01	1.46	8.41
0.09	-0.24	-0.00	1.39	8.41
0.09	-0.09	-0.01	0.74	8.35
0.10	0.11	-0.03	-0.05	-0.34
0.11	0.28	-0.06	-1.07	-8.38
0.11	0.35	-0.08	-1.42	-8.42
0.11	0.25	-0.09	-1.15	-8.40
0.11	0.10	-0.08	-0.56	-8.36
0.11	-0.05	-0.06	0.19	-0.60
0.10	-0.25	-0.03	0.95	8.35
0.10	-0.31	-0.01	1.46	8.41
0.09	-0.25	0.00	1.12	8.38
0.10	-0.09	-0.00	0.68	8.35
0.10	0.06	-0.03	-0.04	-0.71
0.11	0.26	-0.06	-1.20	-8.40
0.11	0.32	-0.09	-1.62	-8.44
0.11	0.25	-0.10	-1.28	-8.42
0.11	0.08	-0.10	-0.70	-8.38
0.11	-0.08	-0.08	-0.09	-5.25
0.10	-0.29	-0.05	0.91	7.48
0.09	-0.41	-0.02	1.58	8.41
0.09	-0.37	0.00	1.41	8.40
0.08	-0.25	0.00	0.99	8.37
0.09	-0.08	-0.01	0.13	0.83
0.09	0.10	-0.05	-0.64	-8.35
0.09	0.20	-0.07	-1.42	-8.42
0.09	0.14	-0.08	-1.12	-8.40
0.09	-0.01	-0.07	-0.54	-8.36
0.08	-0.21	-0.04	0.31	0.73
0.07	-0.39	-0.01	1.24	8.38
0.06	-0.44	0.01	1.50	8.41
0.06	-0.34	0.03	1.13	8.38
0.06	-0.21	0.02	0.68	8.35
0.06	-0.04	0.00	-0.04	-0.27
0.07	0.13	-0.03	-0.94	-8.37
0.07	0.22	-0.06	-1.58	-8.43
0.07	0.15	-0.07	-1.30	-8.42
0.07	-0.01	-0.06	-0.70	-8.37
0.06	-0.20	-0.04	0.18	-1.15
0.05	-0.38	-0.01	1.08	8.36
0.04	-0.47	0.01	1.61	8.42
0.04	-0.36	0.03	1.01	8.37
0.04	-0.23	0.02	0.68	8.08
0.04	-0.07	0.00	-0.05	-0.68
0.04	0.09	-0.03	-0.78	-8.36
0.04	0.19	-0.05	-1.44	-8.42
0.04	0.10	-0.06	-1.14	-8.40
0.04	-0.07	-0.05	-0.55	-8.36
0.03	-0.24	-0.02	0.46	2.96
0.02	-0.43	0.01	1.25	8.38
0.01	-0.45	0.03	1.49	8.41
0.01	-0.33	0.04	1.00	8.37
0.01	-0.19	0.04	0.53	7.19
0.01	-0.03	0.02	-0.05	0.03
0.02	0.13	-0.01	-0.94	-8.37
0.02	0.21	-0.04	-1.46	-8.42
0.02	0.14	-0.04	-1.12	-8.40
0.01	-0.02	-0.04	-0.55	-8.35
0.01	-0.21	-0.01	0.31	1.78
-0.00	-0.39	0.02	1.38	8.40
-0.01	-0.43	0.04	1.38	8.41
-0.01	-0.31	0.05	1.08	8.39
-0.01	-0.18	0.05	0.58	8.20
-0.01	-0.01	0.03	-0.18	-0.94
-0.00	0.14	0.00	-0.82	-8.35
-0.00	0.24	-0.02	-1.31	-8.40
-0.00	0.14	-0.02	-0.97	-8.38
-0.01	-0.01	-0.01	-0.41	-5.90
-0.01	-0.19	0.02	0.48	5.41
-0.02	-0.34	0.04	1.39	8.41
-0.02	-0.33	0.06	1.25	8.40
-0.02	-0.19	0.06	0.70	8.36
-0.02	-0.05	0.05	0.36	6.50
-0.01	0.13	0.02	-0.61	-5.61
-0.01	0.27	-0.00	-1.14	-8.37
-0.01	0.29	-0.02	-1.22	-8.39
-0.01	0.16	-0.01	-0.83	-8.36
-0.01	0.00	0.00	0.03	0.53
-0.02	-0.18	0.03	0.79	8.36
-0.02	-0.26	0.04	1.17	8.40
-0.02	-0.16	0.05	0.83	8.37
-0.02	-0.02	0.05	0.51	8.35
-0.01	0.14	0.02	-0.23	-0.74
0.00	0.34	-0.01	-1.19	-8.38
0.01	0.40	-0.04	-1.48	-8.41
0.01	0.31	-0.04	-1.29	-8.40
0.01	0.15	-0.04	-0.42	-5.78
0.00	-0.00	-0.02	0.21	1.77
0.00	-0.15	0.01	0.82	8.35
-0.00	-0.19	0.02	1.17	8.39
0.00	-0.10	0.03	0.82	8.37
0.01	0.04	0.01	0.26	4.24
0.01	0.23	-0.02	-0.64	-7.15
0.02	0.38	-0.04	-1.41	-8.41
0.02	0.32	-0.05	-1.11	-8.39
0.02	0.18	-0.05	-0.69	-8.35
0.02	0.02	-0.03	0.17	1.11
0.01	-0.16	-0.00	0.95	8.36
0.01	-0.22	0.02	1.20	8.39
0.01	-0.15	0.02	0.96	8.37
0.02	0.01	0.01	0.26	3.86
0.02	0.20	-0.02	-0.49	-5.42
0.03	0.33	-0.04	-1.26	-8.39
0.03	0.29	-0.05	-1.10	-8.39
0.03	0.17	-0.05	-0.69	-8.36
0.03	0.03	-0.03	0.03	-0.70
0.02	-0.17	-0.00	0.94	8.36
0.02	-0.25	0.02	1.33	8.40
0.02	-0.20	0.03	1.11	8.39
0.02	-0.03	0.01	0.42	6.08
0.03	0.15	-0.01	-0.48	-5.17
0.04	0.30	-0.04	-1.12	-8.38
0.04	0.31	-0.05	-1.22	-8.39
0.04	0.16	-0.04	-0.71	-8.36
0.04	0.03	-0.02	0.05	0.00
0.03	-0.16	0.00	0.93	8.36
0.03	-0.24	0.02	1.19	8.39
0.03	-0.19	0.03	0.96	8.38
0.03	-0.02	0.01	0.39	5.89
0.04	0.18	-0.01	-0.48	-4.97
0.04	0.31	-0.04	-1.25	-8.39
0.05	0.32	-0.06	-1.24	-8.40
0.05	0.20	-0.06	-0.96	-8.38
0.04	0.04	-0.04	-0.13	-2.96
0.04	-0.15	-0.01	0.77	8.15
0.04	-0.25	0.01	1.17	8.38
0.03	-0.21	0.02	1.08	8.38
0.04	-0.07	0.01	0.54	7.15
0.04	0.13	-0.02	-0.22	-2.48
0.05	0.31	-0.05	-1.46	-8.42
0.05	0.32	-0.07	-1.40	-8.42
0.06	0.21	-0.08	-0.98	-8.39
0.05	0.06	-0.07	-0.53	-8.35
0.05	-0.11	-0.04	0.32	1.47
0.04	-0.30	-0.01	1.40	8.40
0.03	-0.34	0.01	1.49	8.41
0.03	-0.27	0.02	1.14	8.39
0.03	-0.10	0.02	0.54	7.18
0.04	0.07	-0.01	-0.19	-2.10
0.05	0.25	-0.04	-1.22	-8.40
0.05	0.29	-0.06	-1.60	-8.44
0.05	0.18	-0.07	-1.04	-8.39
0.05	0.03	-0.06	-0.41	-7.75
0.04	-0.15	-0.03	0.35	1.66
0.03	-0.32	-0.00	1.24	8.38
0.03	-0.36	0.02	1.49	8.41
0.02	-0.28	0.03	0.96	8.37
0.03	-0.13	0.02	0.56	7.03
0.03	0.04	-0.01	-0.32	-4.13
0.04	0.23	-0.04	-1.23	-8.40
0.04	0.24	-0.06	-1.49	-8.43
0.04	0.13	-0.06	-0.87	-8.38
0.03	-0.04	-0.05	-0.39	-7.82
0.02	-0.22	-0.02	0.48	3.48
0.01	-0.39	0.01	1.53	8.41
0.01	-0.40	0.03	1.53	8.42
0.01	-0.31	0.04	1.13	8.39
0.01	-0.14	0.04	0.42	6.24
0.01	0.02	0.01	-0.08	-0.02
0.02	0.17	-0.02	-1.07	-8.38
0.02	0.24	-0.04	-1.47	-8.42
0.02	0.15	-0.05	-0.98	-8.38
0.01	0.01	-0.04	-0.69	-8.36
0.01	-0.18	-0.01	0.31	1.98
-0.00	-0.37	0.02	1.36	8.40
-0.01	-0.40	0.04	1.51	8.42
-0.01	-0.31	0.05	1.12	8.39
-0.01	-0.14	0.05	0.55	8.23
-0.00	0.01	0.03	-0.19	-1.00
0.00	0.19	-0.00	-0.95	-8.36
0.00	0.26	-0.02	-1.33	-8.40
0.00	0.19	-0.03	-1.11	-8.39
0.00	0.03	-0.02	-0.55	-7.87
-0.01	-0.16	0.01	0.47	5.20
-0.01	-0.34	0.04	1.53	8.42
-0.02	-0.35	0.06	1.40	8.42
-0.02	-0.19	0.07	0.85	8.38
-0.02	-0.07	0.06	0.52	8.35
-0.01	0.12	0.03	-0.33	-1.68
-0.00	0.27	-0.01	-1.19	-8.38
0.00	0.35	-0.03	-1.67	-8.43
0.00	0.25	-0.04	-1.16	-8.39
0.00	0.09	-0.03	-0.68	-8.35
-0.00	-0.06	-0.00	0.30	3.11
-0.01	-0.27	0.03	1.24	8.40
-0.01	-0.28	0.04	1.36	8.41
-0.01	-0.19	0.05	0.98	8.38
-0.01	-0.03	0.04	0.40	6.92
-0.00	0.13	0.01	-0.33	-2.30
0.00	0.30	-0.01	-1.25	-8.39
0.01	0.34	-0.04	-1.37	-8.40
0.01	0.24	-0.05	-1.11	-8.39
0.01	0.09	-0.03	-0.55	-7.92
0.00	-0.09	-0.01	0.46	4.83
-0.00	-0.26	0.02	1.26	8.40
-0.01	-0.27	0.04	1.36	8.41
-0.01	-0.17	0.05	0.98	8.38
-0.00	0.00	0.03	0.41	7.07
0.00	0.16	0.01	-0.48	-4.30
0.01	0.34	-0.02	-1.26	-8.39
0.02	0.36	-0.04	-1.49	-8.41
0.02	0.24	-0.05	-0.99	-8.38
0.02	0.08	-0.03	-0.28	-4.23
0.01	-0.08	-0.01	0.62	7.07
0.01	-0.23	0.02	1.15	8.39
0.01	-0.20	0.03	1.08	8.39
0.01	-0.07	0.03	0.70	8.36
0.01	0.11	0.00	-0.04	0.65
0.02	0.29	-0.03	-1.08	-8.38
0.03	0.39	-0.05	-1.48	-8.41
0.03	0.29	-0.06	-1.13	-8.39
0.03	0.15	-0.06	-0.68	-8.36
0.03	-0.01	-0.04	0.17	0.38
0.02	-0.20	-0.01	0.95	8.36
0.02	-0.26	0.02	1.45	8.41
0.02	-0.21	0.03	1.13	8.39
0.02	-0.05	0.02	0.55	7.82
0.03	0.15	-0.01	-0.19	-1.43
0.03	0.32	-0.04	-1.26	-8.40
0.04	0.36	-0.06	-1.59	-8.43
0.04	0.26	-0.07	-1.02	-8.39
0.04	0.12	-0.07	-0.66	-8.36
0.03	-0.04	-0.04	0.04	-1.84
0.03	-0.24	-0.01	1.20	8.38
0.02	-0.32	0.01	1.50	8.41
0.02	-0.28	0.03	1.25	8.40
0.02	-0.12	0.03	0.70	8.35
0.03	0.04	0.00	0.10	1.99
0.03	0.25	-0.03	-1.05	-8.38
0.04	0.34	-0.06	-1.61	-8.43
0.04	0.27	-0.07	-1.28	-8.41
0.04	0.12	-0.07	-0.83	-8.38
0.03	-0.05	-0.05	-0.12	-4.45
0.03	-0.24	-0.02	0.92	8.35
0.02	-0.35	0.00	1.44	8.40
0.02	-0.31	0.02	1.26	8.39
0.02	-0.16	0.02	0.70	8.35
0.02	-0.01	-0.01	0.09	0.94
0.03	0.19	-0.04	-0.91	-8.37
0.03	0.28	-0.06	-1.59	-8.44
0.03	0.19	-0.07	-1.15	-8.41
0.03	0.06	-0.07	-0.69	-8.37
0.02	-0.13	-0.05	0.05	-2.74
0.01	-0.32	-0.01	1.06	8.36
0.01	-0.41	0.01	1.60	8.41
0.00	-0.34	0.03	1.14	8.38
0.00	-0.21	0.03	0.81	8.36
0.01	-0.05	0.01	0.14	1.84
0.01	0.14	-0.03	-0.80	-8.36
0.02	0.24	-0.05	-1.57	-8.43
0.02	0.19	-0.06	-1.14	-8.40
0.01	0.05	-0.06	-0.81	-8.38
0.00	-0.15	-0.04	0.01	-3.05
-0.00	-0.34	-0.00	1.07	8.36
-0.01	-0.45	0.02	1.61	8.42
-0.02	-0.36	0.03	1.14	8.38
-0.02	-0.22	0.03	0.68	8.35
-0.01	-0.06	0.02	0.23	3.17
-0.01	0.12	-0.01	-0.76	-8.35
-0.00	0.23	-0.04	-1.45	-8.42
-0.00	0.17	-0.05	-1.24	-8.41
-0.01	0.03	-0.05	-0.70	-8.37
-0.02	-0.14	-0.02	0.04	-2.17
-0.02	-0.34	0.01	1.08	8.37
-0.03	-0.42	0.03	1.46	8.41
-0.03	-0.34	0.04	1.12	8.38
-0.03	-0.21	0.04	0.55	7.06
-0.03	-0.05	0.02	0.20	2.97
-0.03	0.11	-0.01	-0.89	-8.37
-0.02	0.22	-0.03	-1.45	-8.42
-0.02	0.17	-0.04	-1.13	-8.40
-0.03	0.01	-0.04	-0.66	-8.36
-0.04	-0.17	-0.02	0.03	-2.43
-0.04	-0.33	0.02	1.06	8.37
-0.05	-0.44	0.04	1.60	8.42
-0.06	-0.36	0.05	1.14	8.39
-0.06	-0.21	0.05	0.67	8.35
-0.05	-0.05	0.04	0.24	4.16
-0.05	0.11	0.01	-0.63	-7.19
-0.04	0.25	-0.02	-1.49	-8.42
-0.04	0.21	-0.03	-1.32	-8.41
-0.05	0.09	-0.04	-0.71	-8.36
-0.05	-0.12	-0.01	-0.23	-5.22
-0.06	-0.27	0.02	0.90	8.36
-0.07	-0.42	0.04	1.59	8.42
-0.07	-0.36	0.06	1.27	8.40
-0.07	-0.21	0.06	0.82	8.37
-0.07	-0.06	0.05	0.25	4.60
-0.06	0.11	0.02	-0.64	-6.66
-0.06	0.25	-0.00	-1.28	-8.39
-0.06	0.22	-0.02	-1.10	-8.38
-0.06	0.09	-0.01	-0.78	-8.36
-0.06	-0.07	0.01	-0.01	-0.97
-0.07	-0.25	0.04	0.93	8.37
-0.08	-0.33	0.06	1.46	8.42
-0.08	-0.25	0.07	1.12	8.40
-0.08	-0.12	0.07	0.68	8.36
-0.07	0.04	0.05	0.10	3.91
-0.06	0.24	0.02	-0.78	-7.22
-0.06	0.36	-0.01	-1.43	-8.40
-0.06	0.31	-0.02	-1.39	-8.40
-0.06	0.17	-0.02	-0.72	-8.35
-0.06	0.02	0.00	-0.28	-3.76
-0.07	-0.18	0.03	1.02	8.38
-0.07	-0.28	0.06	1.53	8.43
-0.07	-0.23	0.07	1.27	8.42
-0.07	-0.10	0.08	0.83	8.38
-0.06	0.06	0.06	0.24	6.35
-0.05	0.27	0.03	-0.75	-6.11
-0.05	0.42	0.00	-1.40	-8.39
-0.04	0.41	-0.01	-1.29	-8.39
-0.04	0.26	-0.01	-0.97	-8.36
-0.04	0.12	0.00	-0.00	0.94
-0.04	-0.07	0.03	0.67	8.35
-0.05	-0.12	0.04	1.15	8.40
-0.04	-0.08	0.05	0.82	8.37
-0.04	0.11	0.03	0.25	5.78
-0.03	0.29	0.01	-0.50	-3.49
-0.02	0.44	-0.02	-1.12	-8.37
-0.01	0.44	-0.03	-1.36	-8.39
-0.01	0.31	-0.04	-0.71	-8.26
-0.01	0.16	-0.02	-0.36	-4.37
-0.01	0.02	0.00	0.61	8.11
-0.01	-0.13	0.03	1.15	8.40
-0.01	-0.08	0.03	1.08	8.40
-0.01	0.07	0.03	0.54	8.35
0.00	0.23	0.01	-0.06	1.82
0.01	0.42	-0.02	-1.07	-8.36
0.02	0.52	-0.05	-1.47	-8.40
0.03	0.41	-0.06	-1.13	-8.38
0.03	0.27	-0.05	-0.68	-8.35
0.03	0.12	-0.04	0.03	-0.14
0.02	-0.04	-0.01	0.80	8.36
0.02	-0.13	0.01	1.31	8.41
0.02	-0.09	0.02	1.10	8.39
0.03	0.08	0.01	0.43	7.12
0.04	0.28	-0.02	-0.35	-2.54
0.05	0.44	-0.04	-1.25	-8.39
0.06	0.47	-0.06	-1.35	-8.40
0.06	0.35	-0.07	-0.98	-8.38
0.06	0.21	-0.06	-0.53	-7.82
0.06	0.05	-0.04	0.33	3.07
0.05	-0.12	-0.01	1.10	8.38
0.05	-0.17	0.01	1.34	8.41
0.05	-0.08	0.01	0.98	8.38
0.06	0.08	-0.00	0.27	4.58
0.07	0.29	-0.03	-0.50	-4.93
0.08	0.41	-0.05	-1.39	-8.40
0.08	0.39	-0.07	-1.12	-8.39
0.08	0.26	-0.07	-0.81	-8.37
0.08	0.11	-0.06	-0.24	-4.49
0.08	-0.06	-0.03	0.63	6.52
0.07	-0.20	-0.01	1.27	8.40
0.07	-0.17	0.01	1.24	8.40
0.08	-0.07	0.01	0.85	8.37
0.08	0.15	-0.01	0.10	2.53
0.09	0.32	-0.04	-1.03	-8.37
0.10	0.42	-0.07	-1.48	-8.41
0.10	0.34	-0.08	-1.13	-8.39
0.10	0.18	-0.08	-0.69	-8.36
0.10	0.04	-0.05	-0.09	-2.84
0.09	-0.15	-0.03	1.05	8.37
0.09	-0.26	-0.01	1.33	8.40
0.09	-0.20	0.01	1.12	8.39
0.09	-0.08	0.00	0.67	8.35
0.10	0.13	-0.03	-0.17	-1.67
0.11	0.32	-0.06	-1.22	-8.39
0.11	0.37	-0.07	-1.50	-8.42
0.11	0.25	-0.08	-0.85	-8.37
0.11	0.10	-0.07	-0.52	-8.35
0.10	-0.05	-0.05	0.33	1.99
0.10	-0.25	-0.02	1.11	8.37
0.09	-0.28	0.00	1.48	8.42
0.09	-0.22	0.01	1.15	8.39
0.10	-0.06	0.00	0.39	5.40
0.10	0.14	-0.03	-0.35	-3.89
0.11	0.30	-0.05	-1.37	-8.41
0.11	0.28	-0.07	-1.23	-8.40
0.11	0.17	-0.07	-0.72	-8.36
0.11	0.02	-0.06	-0.23	-4.86
0.10	-0.17	-0.03	0.50	4.37
0.10	-0.30	-0.00	1.39	8.40
0.09	-0.31	0.02	1.25	8.40
0.09	-0.20	0.02	0.97	8.38
0.10	-0.04	0.00	0.26	3.99
0.10	0.17	-0.03	-0.63	-7.10
0.11	0.29	-0.05	-1.41	-8.41
0.11	0.25	-0.07	-1.26	-8.40
0.11	0.11	-0.07	-0.82	-8.37
0.10	-0.07	-0.04	-0.12	-3.60
0.09	-0.25	-0.01	1.04	8.37
0.09	-0.36	0.01	1.47	8.41
0.09	-0.31	0.03	1.13	8.39
0.09	-0.16	0.02	0.81	8.36
0.09	-0.00	0.00	0.01	0.92
0.10	0.20	-0.03	-0.96	-8.37
0.10	0.29	-0.05	-1.46	-8.42
0.10	0.20	-0.06	-1.13	-8.39
0.10	0.06	-0.06	-0.67	-8.36
0.09	-0.12	-0.03	0.03	-1.64
0.08	-0.31	0.00	1.20	8.38
0.08	-0.39	0.02	1.61	8.43
0.07	-0.32	0.03	1.14	8.39
0.07	-0.18	0.03	0.70	8.36
0.08	-0.01	0.01	-0.04	0.80
0.08	0.18	-0.02	-0.81	-8.35
0.09	0.26	-0.04	-1.44	-8.41
0.09	0.21	-0.05	-1.12	-8.39
0.09	0.06	-0.05	-0.68	-8.36
0.08	-0.14	-0.01	0.17	0.86
0.07	-0.33	0.02	1.35	8.40
0.06	-0.38	0.04	1.50	8.42
0.06	-0.28	0.05	1.14	8.40
0.06	-0.14	0.05	0.67	8.36
0.07	0.02	0.03	-0.04	1.69
0.08	0.21	-0.01	-0.94	-8.36
0.08	0.32	-0.03	-1.59	-8.42
0.08	0.24	-0.04	-1.13	-8.39
0.08	0.10	-0.04	-0.70	-8.35
0.07	-0.09	-0.01	0.17	1.56
0.07	-0.27	0.02	1.22	8.40
0.06	-0.31	0.04	1.36	8.41
0.06	-0.22	0.05	0.98	8.39
0.06	-0.08	0.04	0.54	8.35
0.07	0.08	0.01	-0.20	-0.48
0.08	0.30	-0.02	-1.22	-8.38
0.08	0.36	-0.04	-1.63	-8.42
0.08	0.27	-0.05	-1.14	-8.39
0.08	0.11	-0.05	-0.55	-7.97
0.08	-0.05	-0.02	0.05	-0.33
0.07	-0.24	0.01	1.20	8.39
0.07	-0.31	0.03	1.49	8.42
0.06	-0.24	0.04	1.13	8.40
0.07	-0.10	0.04	0.68	8.36
0.07	0.10	0.01	-0.03	1.81
0.08	0.30	-0.02	-1.19	-8.38
0.09	0.38	-0.04	-1.62	-8.42
0.09	0.28	-0.06	-1.21	-8.40
0.09	0.15	-0.06	-0.78	-8.36
0.08	-0.01	-0.03	-0.11	-2.52
0.08	-0.20	-0.00	1.06	8.38
0.07	-0.30	0.02	1.46	8.42
0.07	-0.25	0.04	1.25	8.41
0.07	-0.10	0.04	0.84	8.38
0.08	0.06	0.01	0.09	3.18
0.09	0.28	-0.02	-1.03	-8.37
0.09	0.38	-0.04	-1.60	-8.42
0.10	0.30	-0.05	-1.14	-8.39
0.10	0.16	-0.05	-0.69	-8.35
0.09	-0.01	-0.03	0.02	-0.70
0.09	-0.19	-0.00	0.95	8.37
0.08	-0.26	0.02	1.32	8.41
0.08	-0.22	0.03	1.11	8.39
0.08	-0.06	0.03	0.68	8.36
0.09	0.14	-0.00	-0.17	-0.27
0.10	0.33	-0.04	-1.21	-8.38
0.10	0.40	-0.06	-1.63	-8.43
0.11	0.28	-0.07	-1.14	-8.39
0.11	0.14	-0.07	-0.68	-8.36
0.10	-0.02	-0.05	0.03	-1.37
0.09	-0.21	-0.01	0.92	8.36
0.09	-0.29	0.01	1.47	8.41
0.09	-0.23	0.02	1.12	8.39
0.09	-0.08	0.01	0.55	7.84
0.10	0.09	-0.01	-0.06	0.13
0.10	0.28	-0.05	-1.20	-8.39
0.11	0.35	-0.07	-1.62	-8.43
0.11	0.25	-0.08	-1.15	-8.40
0.11	0.10	-0.08	-0.68	-8.37
0.10	-0.06	-0.06	-0.09	-3.96
0.10	-0.25	-0.03	1.05	8.36
0.09	-0.37	-0.00	1.47	8.41
0.09	-0.31	0.01	1.26	8.40
0.09	-0.18	0.01	0.82	8.36
0.09	-0.02	-0.01	0.12	1.87
0.10	0.18	-0.04	-0.78	-8.35
0.10	0.30	-0.06	-1.56	-8.43
0.10	0.21	-0.08	-1.27	-8.41
0.10	0.08	-0.07	-0.70	-8.37
0.09	-0.12	-0.05	0.04	-2.31
0.09	-0.29	-0.02	1.06	8.36
0.08	-0.39	0.01	1.47	8.41
0.08	-0.32	0.02	1.26	8.40
0.08	-0.18	0.02	0.73	8.35
0.08	-0.02	-0.01	-0.04	-0.44
0.09	0.18	-0.04	-1.07	-8.38
0.09	0.25	-0.06	-1.48	-8.42
0.09	0.16	-0.07	-1.13	-8.40
0.08	0.02	-0.06	-0.54	-8.35
0.08	-0.18	-0.04	0.31	1.11
0.07	-0.35	-0.01	1.11	8.37
0.06	-0.40	0.01	1.48	8.41
0.06	-0.30	0.02	0.98	8.37
0.06	-0.17	0.01	0.54	6.66
0.06	0.00	-0.01	-0.32	-3.93
0.07	0.16	-0.03	-0.98	-8.37
0.07	0.18	-0.05	-1.19	-8.40
0.07	0.11	-0.06	-0.95	-8.38
0.06	-0.09	-0.04	-0.39	-7.36
0.05	-0.27	-0.01	0.74	7.01
0.04	-0.43	0.02	1.43	8.40
0.04	-0.40	0.03	1.43	8.41
0.04	-0.27	0.04	0.81	8.36
0.04	-0.11	0.03	0.41	6.08
0.04	0.04	0.00	-0.51	-5.59
0.05	0.20	-0.02	-1.13	-8.38
0.05	0.22	-0.04	-1.35	-8.41
0.05	0.09	-0.04	-0.85	-8.37
0.04	-0.07	-0.02	-0.25	-4.62
0.03	-0.27	0.01	0.90	8.36
0.03	-0.40	0.03	1.45	8.41
0.02	-0.33	0.05	1.11	8.39
0.02	-0.18	0.05	0.82	8.37
0.03	-0.03	0.03	0.13	3.11
0.03	0.14	0.00	-0.79	-8.35
0.04	0.27	-0.02	-1.30	-8.40
0.04	0.22	-0.03	-1.23	-8.40
0.04	0.07	-0.03	-0.57	-7.77
0.03	-0.12	0.00	0.18	1.55
0.02	-0.29	0.03	1.22	8.40
0.02	-0.33	0.05	1.37	8.41
0.02	-0.26	0.06	0.97	8.38
0.02	-0.09	0.05	0.53	8.35
0.02	0.08	0.03	-0.06	1.69
0.03	0.26	-0.01	-1.08	-8.37
0.04	0.37	-0.03	-1.60	-8.42
0.04	0.28	-0.04	-1.28	-8.40
0.04	0.13	-0.04	-0.56	-7.59
0.03	-0.02	-0.01	0.06	0.18
0.03	-0.20	0.01	1.07	8.38
0.02	-0.27	0.03	1.20	8.40
0.02	-0.22	0.04	1.09	8.39
0.03	-0.05	0.03	0.43	7.23
0.03	0.15	0.01	-0.23	-0.90
0.04	0.31	-0.02	-1.22	-8.38
0.05	0.36	-0.04	-1.49	-8.41
0.05	0.26	-0.05	-1.01	-8.38
0.05	0.11	-0.04	-0.53	-7.63
0.04	-0.05	-0.01	0.33	3.39
0.04	-0.22	0.01	1.24	8.39
0.03	-0.26	0.03	1.22	8.40
0.03	-0.17	0.03	0.97	8.38
0.04	-0.01	0.02	0.25	4.56
0.04	0.20	-0.01	-0.49	-4.53
0.05	0.32	-0.03	-1.26	-8.39
0.05	0.30	-0.04	-1.05	-8.38
0.05	0.19	-0.05	-0.78	-8.36
0.05	0.03	-0.03	-0.30	-4.73
0.04	-0.15	0.00	0.76	8.35
0.04	-0.28	0.03	1.41	8.41
0.04	-0.24	0.04	1.26	8.41
0.04	-0.12	0.04	0.70	8.36
0.05	0.08	0.01	0.09	2.87
0.05	0.29	-0.02	-1.11	-8.37
0.06	0.38	-0.04	-1.53	-8.41
0.06	0.29	-0.05	-1.01	-8.38
0.06	0.14	-0.05	-0.71	-8.36
0.06	0.00	-0.02	0.08	0.25
0.05	-0.20	0.00	1.07	8.38
0.05	-0.25	0.02	1.20	8.40
0.05	-0.18	0.03	1.10	8.39
0.05	-0.05	0.02	0.42	6.36
0.06	0.16	-0.01	-0.35	-3.14
0.07	0.33	-0.04	-1.37	-8.40
0.07	0.32	-0.05	-1.38	-8.41
0.07	0.21	-0.06	-0.71	-8.36
0.07	0.07	-0.04	-0.34	-5.46
0.06	-0.11	-0.01	0.60	6.41
0.06	-0.26	0.01	1.29	8.40
0.05	-0.22	0.02	1.11	8.39
0.06	-0.13	0.02	0.66	8.35
0.06	0.05	-0.01	-0.03	0.16
0.07	0.26	-0.04	-1.07	-8.38
0.07	0.34	-0.06	-1.62	-8.43
0.07	0.22	-0.07	-0.87	-8.37
0.07	0.07	-0.06	-0.52	-8.35
0.07	-0.08	-0.03	0.19	0.57
0.06	-0.28	-0.00	1.23	8.39
0.05	-0.33	0.02	1.49	8.42
0.05	-0.26	0.03	1.13	8.39
0.05	-0.10	0.02	0.55	7.76
0.06	0.07	-0.00	-0.19	-1.52
0.07	0.27	-0.04	-1.21	-8.39
0.07	0.31	-0.05	-1.50	-8.42
0.07	0.20	-0.06	-0.99	-8.38
0.07	0.06	-0.05	-0.53	-8.35
0.06	-0.13	-0.03	0.32	2.05
0.05	-0.30	0.00	1.23	8.39
0.05	-0.34	0.02	1.36	8.40
0.05	-0.26	0.03	1.11	8.39
0.05	-0.10	0.03	0.55	8.06
0.06	0.07	-0.00	-0.19	-1.36
0.06	0.25	-0.04	-1.23	-8.39
0.07	0.32	-0.06	-1.63	-8.43
0.07	0.21	-0.07	-1.14	-8.40
0.06	0.07	-0.07	-0.69	-8.37
0.06	-0.10	-0.04	0.02	-2.42
0.05	-0.30	-0.01	1.08	8.37
0.04	-0.40	0.02	1.60	8.42
0.04	-0.32	0.03	1.29	8.40
0.04	-0.19	0.03	0.83	8.36
0.04	-0.01	0.01	-0.02	0.57
0.05	0.17	-0.02	-0.80	-8.35
0.05	0.25	-0.04	-1.43	-8.42
0.05	0.18	-0.05	-1.12	-8.40
0.05	0.04	-0.05	-0.68	-8.36
0.04	-0.16	-0.02	0.31	1.91
0.04	-0.34	0.01	1.24	8.39
0.03	-0.38	0.03	1.49	8.42
0.03	-0.27	0.04	1.00	8.38
0.03	-0.15	0.03	0.53	7.57
0.03	0.03	0.01	-0.19	-1.45
0.04	0.22	-0.02	-1.23	-8.39
0.04	0.26	-0.04	-1.36	-8.41
0.04	0.18	-0.05	-1.11	-8.39
0.04	0.02	-0.04	-0.55	-8.35
0.03	-0.16	-0.01	0.33	2.38
0.02	-0.35	0.02	1.37	8.40
0.02	-0.38	0.04	1.51	8.42
0.02	-0.27	0.05	1.00	8.38
0.02	-0.13	0.05	0.67	8.36
0.02	0.03	0.02	-0.05	1.01
0.03	0.23	-0.01	-1.08	-8.37
0.03	0.31	-0.04	-1.59	-8.42
0.03	0.24	-0.05	-1.27	-8.40
0.03	0.09	-0.05	-0.70	-8.36
0.03	-0.07	-0.02	-0.11	-2.93
0.02	-0.28	0.01	1.18	8.39
0.01	-0.38	0.04	1.63	8.43
0.01	-0.32	0.05	1.27	8.41
0.01	-0.17	0.06	0.84	8.38
0.01	-0.01	0.04	0.24	5.23
0.02	0.19	0.01	-0.63	-5.78
0.03	0.33	-0.02	-1.55	-8.41
0.03	0.31	-0.04	-1.40	-8.41
0.03	0.17	-0.04	-0.83	-8.36
0.03	0.04	-0.02	-0.26	-4.07
0.02	-0.17	0.01	0.63	7.04
0.02	-0.29	0.03	1.40	8.41
0.01	-0.25	0.04	1.13	8.39
0.01	-0.12	0.04	0.82	8.37
0.02	0.02	0.03	0.12	3.25
0.03	0.24	-0.01	-0.78	-8.05
0.03	0.37	-0.03	-1.58	-8.42
0.04	0.28	-0.05	-1.27	-8.40
0.03	0.13	-0.05	-0.71	-8.36
0.03	-0.01	-0.02	-0.10	-2.15
0.02	-0.20	0.01	1.05	8.38
0.02	-0.29	0.03	1.48	8.42
0.02	-0.24	0.05	1.26	8.41
0.02	-0.10	0.05	0.69	8.36
0.03	0.08	0.03	0.11	3.70
0.03	0.28	-0.01	-0.92	-8.35
0.04	0.38	-0.04	-1.59	-8.42
0.04	0.32	-0.05	-1.40	-8.41
0.04	0.16	-0.05	-0.72	-8.36
0.04	0.02	-0.03	0.02	-0.69
0.03	-0.17	0.00	0.81	8.35
0.03	-0.25	0.02	1.31	8.40
0.03	-0.20	0.03	1.11	8.39
0.03	-0.05	0.03	0.55	8.19
0.04	0.16	-0.01	-0.20	-1.04
0.05	0.34	-0.04	-1.34	-8.40
0.05	0.39	-0.06	-1.65	-8.43
0.06	0.27	-0.07	-1.14	-8.40
0.05	0.14	-0.07	-0.69	-8.36
0.05	-0.02	-0.05	0.07	-1.46
0.04	-0.20	-0.02	0.91	8.35
0.04	-0.29	0.00	1.49	8.41
0.04	-0.24	0.02	1.07	8.38
0.04	-0.10	0.01	0.70	8.35
0.05	0.09	-0.02	-0.17	-2.06
0.05	0.29	-0.05	-1.36	-8.41
0.06	0.32	-0.07	-1.51	-8.43
0.06	0.21	-0.09	-1.15	-8.41
0.06	0.07	-0.08	-0.67	-8.37
0.05	-0.11	-0.05	0.17	-1.33
0.04	-0.29	-0.02	1.09	8.36
0.04	-0.37	-0.01	1.48	8.40
0.03	-0.31	0.01	1.00	8.36
0.03	-0.15	0.00	0.67	7.50
0.04	0.00	-0.02	-0.18	-3.17
0.04	0.18	-0.06	-1.09	-8.39
0.04	0.23	-0.08	-1.60	-8.45
0.04	0.13	-0.08	-1.02	-8.40
0.04	-0.03	-0.07	-0.53	-8.36
0.03	-0.24	-0.05	0.46	1.39
0.02	-0.40	-0.02	1.13	8.36
0.01	-0.46	0.00	1.47	8.40
0.01	-0.35	0.01	1.00	8.36
0.01	-0.19	0.00	0.53	5.22
0.01	-0.04	-0.02	-0.33	-5.82
0.01	0.10	-0.05	-1.10	-8.40
0.01	0.11	-0.06	-1.20	-8.41
0.01	-0.02	-0.06	-0.71	-8.37
0.00	-0.22	-0.04	0.05	-3.49
-0.01	-0.38	-0.01	0.80	6.25
-0.02	-0.50	0.02	1.43	8.39
-0.03	-0.45	0.03	1.26	8.38
-0.03	-0.33	0.03	0.70	7.41
-0.03	-0.16	0.01	0.23	1.91
-0.03	-0.02	-0.01	-0.76	-8.36
-0.03	0.09	-0.03	-1.17	-8.40
-0.03	0.03	-0.04	-0.95	-8.39
-0.04	-0.12	-0.02	-0.38	-7.62
-0.05	-0.32	0.00	0.48	3.13
-0.06	-0.47	0.03	1.25	8.38
-0.06	-0.50	0.05	1.36	8.40
-0.07	-0.38	0.05	0.85	8.36
-0.07	-0.23	0.05	0.38	4.68
-0.07	-0.07	0.03	-0.21	-2.62
-0.06	0.06	0.00	-0.96	-8.37
-0.06	0.08	-0.01	-1.20	-8.40
-0.07	0.00	-0.01	-0.82	-8.37
-0.08	-0.18	0.00	-0.11	-3.48
-0.09	-0.36	0.03	0.81	8.19
-0.09	-0.48	0.05	1.41	8.40
-0.10	-0.41	0.06	0.99	8.37
-0.10	-0.25	0.06	0.54	6.75
-0.10	-0.10	0.04	-0.21	-2.39
-0.10	0.05	0.02	-0.82	-8.36
-0.10	0.09	0.01	-0.91	-8.37
-0.10	-0.00	0.00	-0.64	-8.35
-0.11	-0.15	0.03	-0.22	-3.69
-0.12	-0.34	0.06	1.02	8.38
-0.13	-0.46	0.08	1.46	8.42
-0.13	-0.39	0.09	1.14	8.40
-0.13	-0.24	0.10	0.68	8.36
-0.13	-0.09	0.08	0.23	5.37
-0.12	0.07	0.05	-0.64	-5.76
-0.12	0.22	0.03	-1.28	-8.39
-0.12	0.21	0.02	-1.23	-8.39
-0.12	0.09	0.02	-0.69	-8.04
-0.13	-0.07	0.04	0.04	0.94
-0.13	-0.24	0.07	0.93	8.38
-0.14	-0.31	0.08	1.32	8.42
-0.14	-0.20	0.09	0.84	8.38
-0.13	-0.08	0.08	0.37	7.35
-0.13	0.10	0.06	-0.20	0.40
-0.12	0.27	0.03	-1.09	-8.37
-0.12	0.35	0.01	-1.47	-8.40
-0.11	0.25	-0.00	-1.10	-8.38
-0.12	0.10	0.01	-0.57	-7.03
-0.12	-0.05	0.03	0.32	4.46
-0.13	-0.22	0.06	1.24	8.40
-0.13	-0.23	0.07	1.23	8.41
-0.13	-0.12	0.08	0.70	8.37
-0.12	0.04	0.07	0.36	7.50
-0.11	0.20	0.03	-0.47	-3.32
-0.11	0.38	0.00	-1.39	-8.39
-0.10	0.42	-0.01	-1.52	-8.41
-0.10	0.28	-0.02	-0.88	-8.36
-0.10	0.13	-0.01	-0.38	-4.92
-0.10	-0.02	0.02	0.34	4.20
-0.11	-0.17	0.04	1.11	8.39
-0.11	-0.16	0.05	1.08	8.39
-0.10	-0.06	0.05	0.68	8.36
-0.10	0.10	0.03	0.22	4.80
-0.09	0.29	0.00	-0.77	-7.84
-0.08	0.43	-0.02	-1.51	-8.41
-0.08	0.37	-0.04	-1.32	-8.40
-0.08	0.22	-0.04	-0.84	-8.37
-0.08	0.07	-0.02	0.02	-0.64
-0.08	-0.09	0.01	0.84	8.36
-0.09	-0.19	0.03	1.26	8.40
-0.08	-0.14	0.03	0.85	8.36
-0.08	0.03	0.02	0.37	5.49
-0.07	0.20	-0.01	-0.43	-4.71
-0.07	0.35	-0.04	-1.31	-8.40
-0.06	0.35	-0.05	-1.36	-8.41
-0.06	0.21	-0.05	-0.85	-8.38
-0.06	0.07	-0.04	-0.24	-4.95
-0.07	-0.11	-0.01	0.76	7.55
-0.07	-0.24	0.01	1.16	8.38
-0.07	-0.19	0.02	1.09	8.38
-0.07	-0.08	0.02	0.76	8.35
-0.06	0.10	-0.01	-0.11	-1.50
-0.06	0.29	-0.04	-1.21	-8.40
-0.05	0.34	-0.06	-1.48	-8.43
-0.05	0.23	-0.07	-1.14	-8.41
-0.05	0.10	-0.06	-0.56	-8.36
-0.06	-0.09	-0.04	0.19	-0.95
-0.07	-0.26	-0.01	1.12	8.37
-0.07	-0.33	0.01	1.45	8.40
-0.07	-0.28	0.02	0.99	8.36
-0.07	-0.13	0.02	0.66	7.62
-0.07	0.03	-0.01	-0.09	-2.09
-0.06	0.21	-0.05	-1.28	-8.41
-0.06	0.27	-0.07	-1.63	-8.45
-0.06	0.17	-0.08	-1.16	-8.42
-0.06	0.01	-0.07	-0.68	-8.38
-0.07	-0.18	-0.05	0.17	-2.77
-0.08	-0.34	-0.02	0.95	7.49
-0.09	-0.46	0.01	1.59	8.40
-0.09	-0.38	0.02	1.27	8.38
-0.09	-0.24	0.01	0.57	5.08
-0.09	-0.09	-0.01	-0.06	-2.67
-0.09	0.05	-0.03	-0.80	-8.37
-0.09	0.07	-0.04	-1.04	-8.40
-0.10	-0.01	-0.04	-0.80	-8.38
-0.10	-0.18	-0.02	-0.11	-5.17
-0.11	-0.38	0.01	0.78	6.15
-0.12	-0.50	0.04	1.56	8.41
-0.13	-0.47	0.05	1.41	8.40
-0.13	-0.33	0.05	0.74	8.09
-0.13	-0.17	0.04	0.08	0.30
-0.13	-0.03	0.02	-0.52	-7.19
-0.13	0.06	0.00	-1.00	-8.38
-0.13	0.00	-0.00	-0.80	-8.37
-0.14	-0.15	0.01	-0.36	-6.68
-0.15	-0.31	0.04	0.60	5.79
-0.16	-0.49	0.07	1.41	8.40
-0.17	-0.46	0.08	1.38	8.41
-0.17	-0.33	0.09	0.71	8.35
-0.17	-0.16	0.08	0.36	5.85
-0.17	-0.02	0.05	-0.35	-3.28
-0.16	0.14	0.03	-1.10	-8.38
-0.16	0.16	0.02	-1.21	-8.39
-0.17	0.06	0.01	-0.70	-8.35
-0.17	-0.10	0.03	-0.35	-5.42
-0.17	-0.27	0.04	0.74	-5.42
-0.18	-0.18	0.04	0.63	-5.42
-0.18	-0.10	0.04	0.09	-5.42
-0.18	-0.09	0.04	-0.12	-5.42
-0.18	-0.11	0.04	0.25	-5.42
-0.18	-0.10	0.05	0.03	-5.42
-0.19	-0.10	0.05	0.27	-5.42
-0.19	-0.11	0.06	0.17	-5.42
-0.19	-0.10	0.06	0.25	-5.42
-0.19	-0.10	0.07	0.20	-5.42
-0.19	-0.10	0.07	0.29	-5.42
-0.20	-0.11	0.08	0.31	-5.42
-0.20	-0.10	0.09	0.45	-5.42
-0.20	-0.10	0.10	0.46	-5.42
-0.20	-0.10	0.12	0.46	-5.42
-0.20	-0.10	0.12	0.72	-5.42
-0.00	-0.04	0.13	0.36	-5.42
0.00	8.74	0.13	0.46	-5.42
0.01	1.40	0.11	-0.21	-5.42
0.02	0.45	0.09	-0.96	-5.42
0.02	0.33	0.07	-0.79	-5.42
0.03	0.31	0.06	-0.77	-5.42
0.03	0.31	0.05	-0.76	-5.42
0.04	0.30	0.03	-0.64	-5.42
0.05	0.31	0.03	-0.64	-5.42
0.05	0.32	0.01	-0.47	-5.42
0.06	0.31	0.00	-0.59	-5.42
0.07	0.31	-0.01	-0.48	-5.42
0.07	0.31	-0.02	-0.61	-5.42
0.08	0.30	-0.04	-0.61	-5.42
0.08	0.31	-0.05	-0.74	-5.42
0.09	0.31	-0.06	-0.63	-5.42
0.10	0.31	-0.08	-0.75	-5.42
0.10	0.31	-0.10	-0.90	-5.42
0.11	0.31	-0.12	-0.79	-5.42
0.11	0.32	-0.14	-0.91	-5.42
0.12	0.31	-0.16	-1.03	-5.42
0.13	0.31	-0.19	-1.08	-5.42
0.13	0.32	-0.21	-1.34	-5.42
0.14	0.31	-0.25	-1.38	-5.42
0.15	0.31	-0.28	-1.64	-5.42
0.15	0.30	-0.32	-1.82	-5.42
0.16	0.31	-0.37	-1.98	-5.42
0.16	0.30	-0.43	-2.37	-5.42
0.17	0.31	-0.48	-2.58	-5.42
0.18	0.31	-0.55	-2.86	-5.42
0.18	0.31	-0.63	-3.32	-5.42
0.19	0.32	-0.71	-3.76	-5.42
0.20	0.31	-0.81	-4.21	-5.42
0.20	0.32	-0.91	-4.56	-5.42
0.20	0.32	-1.02	-5.26	-5.42
0.20	0.06	-1.13	-5.22	-5.42
0.20	0.01	-1.26	-5.61	-5.42
0.20	0.01	-1.38	-6.46	-5.42
0.20	0.00	-1.47	-5.78	-5.42
0.20	0.01	-1.54	-4.81	-5.42
0.20	0.00	-1.55	-3.65	-5.42
0.20	-0.01	-1.58	-1.16	-5.42
0.20	-0.00	-1.63	-1.30	-5.42
0.20	-0.00	-1.70	-2.28	-5.42
0.20	-0.01	-1.79	-3.30	-5.42
0.20	-0.00	-1.89	-4.43	-5.42
0.20	-0.00	-2.02	-5.04	-5.42
0.20	-0.00	-2.14	-6.04	-5.42
0.20	-0.00	-2.23	-5.99	-5.42
0.20	-0.00	-2.30	-4.90	-5.42
0.20	-0.00	-2.36	-3.73	-5.42
0.20	-0.00	-2.39	-2.76	-5.42
0.20	-0.00	-2.41	-1.78	-5.42
0.20	-0.00	-2.43	-1.35	-5.42
0.20	-0.00	-2.45	-0.91	-5.42
0.20	-0.00	-2.48	-1.14	-5.42
0.20	-0.00	-2.52	-1.48	-5.42
0.20	-0.00	-2.57	-1.69	-5.42
0.20	-0.00	-2.61	-2.33	-5.42
0.00	-0.00	-2.65	-2.17	-5.42
0.00	-8.74	-2.69	-2.15	-5.42
0.00	-1.18	-2.72	-1.88	-5.42
0.00	-0.16	-2.75	-1.66	-5.42
0.00	-0.02	-2.78	-1.57	-5.42
0.00	-0.00	-2.82	-1.54	-5.42
0.00	-0.00	-2.85	-1.71	-5.42
0.00	-0.00	-2.88	-1.55	-5.42
0.00	-0.00	-2.91	-1.68	-5.42
0.00	-0.00	-2.95	-1.55	-5.42
0.00	-0.00	-2.98	-1.81	-5.42
0.00	-0.00	-3.02	-1.70	-5.42
0.00	-0.00	-3.06	-1.83	-5.42
0.00	-0.00	-3.10	-1.96	-5.42
0.00	-0.00	-3.14	-1.86	-5.42
0.00	-0.00	-3.16	-1.98	-5.42
0.00	-0.00	-3.17	-1.20	-5.42
0.00	-0.00	-3.17	-0.69	-5.42
0.00	-0.00	-3.17	-0.24	-5.42
0.00	-0.00	-3.17	-0.02	-5.42
0.00	-0.00	-3.17	0.00	-5.42
0.00	-0.00	-3.16	0.27	-5.42
0.00	-0.00	-3.16	0.29	-5.42
0.00	-0.00	-3.15	0.31	-5.42
0.00	-0.00	-3.14	0.30	-5.42
0.00	-0.00	-3.14	0.31	-5.42
0.00	-0.00	-3.13	0.31	-5.42
0.00	-0.00	-3.12	0.31	-5.42
0.00	-0.00	-3.12	0.44	-5.42
0.00	-0.00	-3.11	0.32	-5.42
0.00	-0.00	-3.10	0.32	-5.42
0.00	-0.00	-3.10	0.30	-5.42
0.00	-0.00	-3.09	0.31	-5.42
0.00	-0.00	-3.09	0.30	-5.42
0.00	-0.00	-3.08	0.31	-5.42
0.00	-0.00	-3.08	0.17	-5.42
0.00	-0.00	-3.08	0.16	-5.42
0.00	-0.00	-3.08	0.15	-5.42
0.00	-0.00	-3.08	0.02	-5.42
0.00	-0.00	-3.08	-0.01	-5.42
0.00	-0.00	-3.08	-0.01	-5.42
0.00	-0.00	-3.08	-0.03	-5.42
0.00	-0.00	-3.08	0.05	-5.42
0.00	-0.00	-3.08	0.00	-5.42
0.00	-0.00	-3.08	0.00	-5.42
0.00	-0.00	-3.08	-0.13	-5.42
0.00	-0.00	-3.09	-0.15	-5.42
0.00	-0.00	-3.09	-0.15	-5.42
0.00	-0.00	-3.09	-0.15	-5.42
0.00	-0.00	-3.10	-0.29	-5.42
0.00	-0.00	-3.10	-0.14	-5.42
0.00	-0.00	-3.10	-0.18	-5.42
0.00	-0.00	-3.11	-0.16	-5.42
0.00	-0.00	-3.11	-0.16	-5.42
0.00	-0.00	-3.12	-0.28	-5.42
0.00	-0.00	-3.12	-0.18	-5.42
0.00	-0.00	-3.12	-0.14	-5.42
0.00	-0.00	-3.12	-0.16	-5.42
0.00	-0.00	-3.13	-0.02	-5.42
0.00	-0.00	-3.13	-0.14	-5.42
0.00	-0.00	-3.13	-0.01	-5.42
0.00	-0.00	-3.13	-0.01	-5.42
0.00	-0.00	-3.13	0.01	-5.42
0.00	-0.00	-3.13	-0.00	-5.42
